$MeshFormat
4.1 0 8
$EndMeshFormat
$Entities
7 6 1 0
1 0 0 0 0 
2 2.2 0 0 0 
3 2.2 0.41 0 0 
4 0 0.41 0 0 
5 0.15 0.2 0 0 
6 0.25 0.2 0 0 
7 0.2 0.2 0 0 
1 0 0 0 2.2 0 0 0 2 1 -2 
2 2.2 0 0 2.2 0.41 0 0 2 2 -3 
3 0 0.41 0 2.2 0.41 0 0 2 3 -4 
4 0 0 0 0 0.41 0 0 2 4 -1 
5 0.15 0.2 0 0.25 0.2492403876506104 0 0 2 6 -5 
6 0.15 0.1507596123493896 0 0.25 0.2 0 0 2 5 -6 
1 0 0 0 2.2 0.41 0 0 6 1 2 3 4 -6 -5 
$EndEntities
$Nodes
14 10803 1 10803
0 1 0 1
1
0 0 0
0 2 0 1
2
2.2 0 0
0 3 0 1
3
2.2 0.41 0
0 4 0 1
4
0 0.41 0
0 5 0 1
5
0.15 0.2 0
0 6 0 1
6
0.25 0.2 0
0 7 0 1
7
0.2 0.2 0
1 1 0 219
8
9
10
11
12
13
14
15
16
17
18
19
20
21
22
23
24
25
26
27
28
29
30
31
32
33
34
35
36
37
38
39
40
41
42
43
44
45
46
47
48
49
50
51
52
53
54
55
56
57
58
59
60
61
62
63
64
65
66
67
68
69
70
71
72
73
74
75
76
77
78
79
80
81
82
83
84
85
86
87
88
89
90
91
92
93
94
95
96
97
98
99
100
101
102
103
104
105
106
107
108
109
110
111
112
113
114
115
116
117
118
119
120
121
122
123
124
125
126
127
128
129
130
131
132
133
134
135
136
137
138
139
140
141
142
143
144
145
146
147
148
149
150
151
152
153
154
155
156
157
158
159
160
161
162
163
164
165
166
167
168
169
170
171
172
173
174
175
176
177
178
179
180
181
182
183
184
185
186
187
188
189
190
191
192
193
194
195
196
197
198
199
200
201
202
203
204
205
206
207
208
209
210
211
212
213
214
215
216
217
218
219
220
221
222
223
224
225
226
0.009999999999981288 0 0
0.01999999999996251 0 0
0.02999999999994353 0 0
0.0399999999999241 0 0
0.04999999999990434 0 0
0.05999999999988457 0 0
0.06999999999986481 0 0
0.07999999999984503 0 0
0.08999999999982462 0 0
0.09999999999980327 0 0
0.1099999999997819 0 0
0.1199999999997606 0 0
0.1299999999997423 0 0
0.1399999999997245 0 0
0.1499999999997079 0 0
0.1599999999996929 0 0
0.1699999999996795 0 0
0.179999999999666 0 0
0.1899999999996523 0 0
0.1999999999996356 0 0
0.209999999999619 0 0
0.2199999999996024 0 0
0.2299999999995879 0 0
0.2399999999995744 0 0
0.2499999999995609 0 0
0.2599999999995468 0 0
0.2699999999995302 0 0
0.2799999999995104 0 0
0.2899999999994875 0 0
0.2999999999994596 0 0
0.3099999999994304 0 0
0.3199999999994012 0 0
0.3299999999993698 0 0
0.3399999999993343 0 0
0.3499999999992988 0 0
0.3599999999992632 0 0
0.3699999999992334 0 0
0.3799999999992042 0 0
0.3899999999991749 0 0
0.3999999999991457 0 0
0.4099999999991165 0 0
0.4199999999990872 0 0
0.429999999999058 0 0
0.4399999999990288 0 0
0.4499999999989995 0 0
0.4599999999989703 0 0
0.4699999999989373 0 0
0.4799999999989018 0 0
0.4899999999988663 0 0
0.4999999999988318 0 0
0.5099999999988025 0 0
0.5199999999987733 0 0
0.529999999998744 0 0
0.5399999999987057 0 0
0.5499999999986639 0 0
0.559999999998622 0 0
0.5699999999985838 0 0
0.5799999999985546 0 0
0.5899999999985253 0 0
0.5999999999984962 0 0
0.6099999999984668 0 0
0.6199999999984376 0 0
0.6299999999984084 0 0
0.6399999999983792 0 0
0.6499999999983499 0 0
0.6599999999983207 0 0
0.6699999999982915 0 0
0.6799999999982622 0 0
0.6899999999982329 0 0
0.6999999999982038 0 0
0.7099999999981744 0 0
0.7199999999981452 0 0
0.7299999999981162 0 0
0.7399999999980867 0 0
0.7499999999980577 0 0
0.7599999999980284 0 0
0.769999999997999 0 0
0.7799999999979699 0 0
0.7899999999979407 0 0
0.7999999999979114 0 0
0.8099999999978793 0 0
0.8199999999978375 0 0
0.8299999999977956 0 0
0.8399999999977538 0 0
0.8499999999977218 0 0
0.8599999999976925 0 0
0.8699999999976633 0 0
0.8799999999976341 0 0
0.8899999999976047 0 0
0.8999999999975756 0 0
0.9099999999975463 0 0
0.9199999999975172 0 0
0.9299999999974878 0 0
0.9399999999974586 0 0
0.9499999999974295 0 0
0.9599999999974002 0 0
0.969999999997371 0 0
0.9799999999973418 0 0
0.9899999999973124 0 0
0.9999999999972872 0 0
1.009999999997271 0 0
1.019999999997246 0 0
1.029999999997217 0 0
1.039999999997188 0 0
1.049999999997163 0 0
1.059999999997159 0 0
1.069999999997144 0 0
1.079999999997114 0 0
1.089999999997085 0 0
1.099999999997056 0 0
1.109999999997077 0 0
1.119999999997098 0 0
1.12999999999712 0 0
1.139999999997141 0 0
1.149999999997162 0 0
1.159999999997205 0 0
1.169999999997248 0 0
1.179999999997269 0 0
1.18999999999729 0 0
1.199999999997312 0 0
1.209999999997333 0 0
1.219999999997354 0 0
1.229999999997375 0 0
1.239999999997403 0 0
1.249999999997449 0 0
1.259999999997482 0 0
1.269999999997503 0 0
1.279999999997525 0 0
1.289999999997546 0 0
1.299999999997567 0 0
1.309999999997589 0 0
1.31999999999761 0 0
1.329999999997648 0 0
1.339999999997694 0 0
1.349999999997717 0 0
1.359999999997738 0 0
1.369999999997759 0 0
1.379999999997781 0 0
1.389999999997802 0 0
1.399999999997823 0 0
1.409999999997846 0 0
1.419999999997893 0 0
1.42999999999793 0 0
1.439999999997952 0 0
1.449999999997973 0 0
1.459999999997994 0 0
1.469999999998015 0 0
1.479999999998037 0 0
1.489999999998058 0 0
1.499999999998091 0 0
1.509999999998137 0 0
1.519999999998165 0 0
1.529999999998186 0 0
1.539999999998207 0 0
1.549999999998229 0 0
1.55999999999825 0 0
1.569999999998271 0 0
1.579999999998293 0 0
1.589999999998336 0 0
1.599999999998378 0 0
1.6099999999984 0 0
1.619999999998421 0 0
1.629999999998442 0 0
1.639999999998464 0 0
1.649999999998485 0 0
1.659999999998506 0 0
1.669999999998528 0 0
1.679999999998549 0 0
1.68999999999857 0 0
1.699999999998592 0 0
1.709999999998634 0 0
1.719999999998677 0 0
1.729999999998699 0 0
1.73999999999872 0 0
1.749999999998741 0 0
1.759999999998762 0 0
1.769999999998784 0 0
1.779999999998805 0 0
1.789999999998833 0 0
1.799999999998879 0 0
1.809999999998912 0 0
1.819999999998933 0 0
1.829999999998954 0 0
1.839999999998976 0 0
1.849999999998997 0 0
1.859999999999018 0 0
1.86999999999904 0 0
1.879999999999078 0 0
1.889999999999124 0 0
1.899999999999147 0 0
1.909999999999168 0 0
1.919999999999189 0 0
1.929999999999211 0 0
1.939999999999232 0 0
1.949999999999253 0 0
1.959999999999276 0 0
1.969999999999323 0 0
1.97999999999936 0 0
1.989999999999381 0 0
1.999999999999387 0 0
2.009999999999383 0 0
2.019999999999379 0 0
2.029999999999375 0 0
2.039999999999371 0 0
2.049999999999391 0 0
2.059999999999437 0 0
2.069999999999521 0 0
2.079999999999617 0 0
2.089999999999663 0 0
2.099999999999694 0 0
2.109999999999689 0 0
2.119999999999686 0 0
2.129999999999681 0 0
2.139999999999722 0 0
2.149999999999776 0 0
2.159999999999873 0 0
2.169999999999948 0 0
2.179999999999994 0 0
2.190000000000004 0 0
1 2 0 40
227
228
229
230
231
232
233
234
235
236
237
238
239
240
241
242
243
244
245
246
247
248
249
250
251
252
253
254
255
256
257
258
259
260
261
262
263
264
265
266
2.2 0.009999999999981952 0
2.2 0.01999999999996097 0
2.2 0.02999999999994221 0
2.2 0.03999999999992531 0
2.2 0.04999999999991126 0
2.2 0.05999999999988534 0
2.2 0.06999999999985251 0
2.2 0.07999999999982024 0
2.2 0.08999999999980195 0
2.2 0.0999999999997695 0
2.2 0.1099999999997346 0
2.2 0.1199999999997104 0
2.2 0.1299999999996865 0
2.2 0.1399999999996516 0
2.2 0.1499999999996167 0
2.2 0.1599999999995818 0
2.2 0.169999999999564 0
2.2 0.1799999999995553 0
2.2 0.1899999999995205 0
2.2 0.1999999999994856 0
2.2 0.2099999999994845 0
2.2 0.2199999999995173 0
2.2 0.2299999999995501 0
2.2 0.2399999999995566 0
2.2 0.2499999999995723 0
2.2 0.259999999999605 0
2.2 0.2699999999996239 0
2.2 0.2799999999996273 0
2.2 0.2899999999996601 0
2.2 0.2999999999996928 0
2.2 0.3099999999997256 0
2.2 0.3199999999997584 0
2.2 0.3299999999997912 0
2.2 0.3399999999998008 0
2.2 0.3499999999998136 0
2.2 0.3599999999998464 0
2.2 0.3699999999998793 0
2.2 0.3799999999999122 0
2.2 0.3899999999999451 0
2.2 0.3999999999999779 0
1 3 0 219
267
268
269
270
271
272
273
274
275
276
277
278
279
280
281
282
283
284
285
286
287
288
289
290
291
292
293
294
295
296
297
298
299
300
301
302
303
304
305
306
307
308
309
310
311
312
313
314
315
316
317
318
319
320
321
322
323
324
325
326
327
328
329
330
331
332
333
334
335
336
337
338
339
340
341
342
343
344
345
346
347
348
349
350
351
352
353
354
355
356
357
358
359
360
361
362
363
364
365
366
367
368
369
370
371
372
373
374
375
376
377
378
379
380
381
382
383
384
385
386
387
388
389
390
391
392
393
394
395
396
397
398
399
400
401
402
403
404
405
406
407
408
409
410
411
412
413
414
415
416
417
418
419
420
421
422
423
424
425
426
427
428
429
430
431
432
433
434
435
436
437
438
439
440
441
442
443
444
445
446
447
448
449
450
451
452
453
454
455
456
457
458
459
460
461
462
463
464
465
466
467
468
469
470
471
472
473
474
475
476
477
478
479
480
481
482
483
484
485
2.190000000000005 0.41 0
2.180000000000009 0.41 0
2.170000000000015 0.41 0
2.160000000000019 0.41 0
2.150000000000024 0.41 0
2.140000000000029 0.41 0
2.130000000000033 0.41 0
2.120000000000038 0.41 0
2.110000000000043 0.41 0
2.100000000000048 0.41 0
2.090000000000087 0.41 0
2.080000000000142 0.41 0
2.070000000000197 0.41 0
2.06000000000024 0.41 0
2.050000000000245 0.41 0
2.040000000000249 0.41 0
2.030000000000254 0.41 0
2.020000000000259 0.41 0
2.010000000000264 0.41 0
2.000000000000268 0.41 0
1.990000000000273 0.41 0
1.980000000000278 0.41 0
1.970000000000283 0.41 0
1.960000000000287 0.41 0
1.950000000000292 0.41 0
1.940000000000302 0.41 0
1.930000000000332 0.41 0
1.920000000000362 0.41 0
1.910000000000392 0.41 0
1.900000000000422 0.41 0
1.890000000000452 0.41 0
1.880000000000482 0.41 0
1.870000000000503 0.41 0
1.860000000000508 0.41 0
1.850000000000529 0.41 0
1.840000000000559 0.41 0
1.830000000000588 0.41 0
1.820000000000618 0.41 0
1.810000000000648 0.41 0
1.800000000000678 0.41 0
1.790000000000708 0.41 0
1.780000000000719 0.41 0
1.770000000000725 0.41 0
1.760000000000755 0.41 0
1.750000000000785 0.41 0
1.740000000000815 0.41 0
1.730000000000845 0.41 0
1.720000000000875 0.41 0
1.710000000000905 0.41 0
1.700000000000931 0.41 0
1.690000000000936 0.41 0
1.680000000000951 0.41 0
1.670000000000981 0.41 0
1.660000000001048 0.41 0
1.650000000001128 0.41 0
1.640000000001208 0.41 0
1.630000000001275 0.41 0
1.620000000001305 0.41 0
1.610000000001321 0.41 0
1.600000000001325 0.41 0
1.590000000001351 0.41 0
1.580000000001384 0.41 0
1.57000000000144 0.41 0
1.560000000001495 0.41 0
1.55000000000155 0.41 0
1.540000000001588 0.41 0
1.530000000001618 0.41 0
1.520000000001623 0.41 0
1.510000000001634 0.41 0
1.500000000001664 0.41 0
1.490000000001708 0.41 0
1.480000000001763 0.41 0
1.470000000001818 0.41 0
1.460000000001871 0.41 0
1.450000000001901 0.41 0
1.440000000001922 0.41 0
1.430000000001926 0.41 0
1.420000000001947 0.41 0
1.410000000001977 0.41 0
1.400000000002031 0.41 0
1.390000000002086 0.41 0
1.380000000002141 0.41 0
1.370000000002184 0.41 0
1.360000000002214 0.41 0
1.350000000002224 0.41 0
1.340000000002231 0.41 0
1.33000000000226 0.41 0
1.320000000002299 0.41 0
1.310000000002354 0.41 0
1.300000000002394 0.41 0
1.290000000002424 0.41 0
1.280000000002431 0.41 0
1.270000000002435 0.41 0
1.26000000000244 0.41 0
1.250000000002457 0.41 0
1.240000000002487 0.41 0
1.230000000002536 0.41 0
1.22000000000259 0.41 0
1.21000000000262 0.41 0
1.200000000002642 0.41 0
1.190000000002647 0.41 0
1.180000000002667 0.41 0
1.170000000002697 0.41 0
1.160000000002727 0.41 0
1.150000000002753 0.41 0
1.140000000002757 0.41 0
1.130000000002773 0.41 0
1.120000000002803 0.41 0
1.110000000002833 0.41 0
1.100000000002863 0.41 0
1.090000000002843 0.41 0
1.080000000002822 0.41 0
1.070000000002802 0.41 0
1.060000000002781 0.41 0
1.050000000002761 0.41 0
1.040000000002719 0.41 0
1.030000000002676 0.41 0
1.020000000002656 0.41 0
1.010000000002635 0.41 0
1.000000000002615 0.41 0
0.9900000000025944 0.41 0
0.9800000000025741 0.41 0
0.9700000000025537 0.41 0
0.9600000000025268 0.41 0
0.9500000000024811 0.41 0
0.9400000000024487 0.41 0
0.9300000000024284 0.41 0
0.9200000000024078 0.41 0
0.9100000000023869 0.41 0
0.9000000000023665 0.41 0
0.890000000002346 0.41 0
0.8800000000023256 0.41 0
0.8700000000022883 0.41 0
0.860000000002243 0.41 0
0.8500000000022208 0.41 0
0.8400000000022001 0.41 0
0.8300000000021797 0.41 0
0.8200000000021588 0.41 0
0.8100000000021386 0.41 0
0.8000000000021179 0.41 0
0.7900000000020957 0.41 0
0.7800000000020502 0.41 0
0.7700000000020131 0.41 0
0.7600000000019926 0.41 0
0.750000000001972 0.41 0
0.7400000000019513 0.41 0
0.7300000000019311 0.41 0
0.7200000000019102 0.41 0
0.7100000000018896 0.41 0
0.7000000000018576 0.41 0
0.6900000000018118 0.41 0
0.680000000001785 0.41 0
0.6700000000017643 0.41 0
0.6600000000017439 0.41 0
0.6500000000017234 0.41 0
0.6400000000017028 0.41 0
0.6300000000016823 0.41 0
0.6200000000016617 0.41 0
0.6100000000016192 0.41 0
0.6000000000015773 0.41 0
0.5900000000015566 0.41 0
0.5800000000015362 0.41 0
0.5700000000015157 0.41 0
0.5600000000014953 0.41 0
0.5500000000014746 0.41 0
0.5400000000014542 0.41 0
0.5300000000014335 0.41 0
0.5200000000014129 0.41 0
0.5100000000013922 0.41 0
0.5000000000013718 0.41 0
0.4900000000013303 0.41 0
0.4800000000012876 0.41 0
0.470000000001267 0.41 0
0.4600000000012467 0.41 0
0.4500000000012261 0.41 0
0.4400000000012052 0.41 0
0.4300000000011848 0.41 0
0.4200000000011641 0.41 0
0.4100000000011377 0.41 0
0.4000000000010917 0.41 0
0.3900000000010593 0.41 0
0.3800000000010391 0.41 0
0.3700000000010184 0.41 0
0.360000000000998 0.41 0
0.3500000000009773 0.41 0
0.3400000000009564 0.41 0
0.3300000000009362 0.41 0
0.3200000000008991 0.41 0
0.3100000000008534 0.41 0
0.3000000000008314 0.41 0
0.2900000000008107 0.41 0
0.2800000000007903 0.41 0
0.2700000000007696 0.41 0
0.2600000000007492 0.41 0
0.2500000000007285 0.41 0
0.2400000000007065 0.41 0
0.2300000000006606 0.41 0
0.2200000000006237 0.41 0
0.2100000000006033 0.41 0
0.2000000000005986 0.41 0
0.190000000000603 0.41 0
0.1800000000006077 0.41 0
0.1700000000006128 0.41 0
0.1600000000006174 0.41 0
0.1500000000005985 0.41 0
0.140000000000553 0.41 0
0.1300000000004693 0.41 0
0.1200000000003749 0.41 0
0.1100000000003289 0.41 0
0.100000000000299 0.41 0
0.09000000000030406 0.41 0
0.08000000000030871 0.41 0
0.07000000000031337 0.41 0
0.06000000000027406 0.41 0
0.05000000000022053 0.41 0
0.04000000000012438 0.41 0
0.03000000000005043 0.41 0
0.02000000000000446 0.41 0
0.009999999999995346 0.41 0
1 4 0 40
486
487
488
489
490
491
492
493
494
495
496
497
498
499
500
501
502
503
504
505
506
507
508
509
510
511
512
513
514
515
516
517
518
519
520
521
522
523
524
525
0 0.4000000000000008 0
0 0.3900000000000259 0
0 0.3800000000000606 0
0 0.3700000000000953 0
0 0.3600000000001082 0
0 0.3500000000001241 0
0 0.3400000000001558 0
0 0.3300000000001905 0
0 0.3200000000002133 0
0 0.3100000000002381 0
0 0.3000000000002728 0
0 0.2900000000003075 0
0 0.2800000000003204 0
0 0.2700000000003551 0
0 0.2600000000003897 0
0 0.2500000000004243 0
0 0.2400000000004419 0
0 0.2300000000004503 0
0 0.2200000000004849 0
0 0.2100000000005195 0
0 0.2000000000005203 0
0 0.1900000000004874 0
0 0.1800000000004544 0
0 0.1700000000004476 0
0 0.1600000000004316 0
0 0.1500000000003986 0
0 0.1400000000003795 0
0 0.1300000000003759 0
0 0.1200000000003428 0
0 0.1100000000003098 0
0 0.1000000000002768 0
0 0.09000000000024383 0
0 0.08000000000021068 0
0 0.07000000000020096 0
0 0.0600000000001879 0
0 0.05000000000015475 0
0 0.04000000000012166 0
0 0.03000000000008857 0
0 0.02000000000005536 0
0 0.01000000000002221 0
1 5 0 15
526
527
528
529
530
531
532
533
534
535
536
537
538
539
540
0.2490392640166596 0.2097545161184118 0
0.2461939766098353 0.2191341716562277 0
0.2415734805707507 0.2277785117173943 0
0.2353553389882731 0.2353553391303817 0
0.2277785115431558 0.2415734806871732 0
0.2191341714801419 0.2461939766827724 0
0.2097545159213831 0.249039264055851 0
0.1999999997761798 0.25 0
0.190245483708278 0.249039263982186 0
0.1808658282219967 0.2461939765593942 0
0.1722214882156132 0.2415734805259877 0
0.1646446608531851 0.2353553389718399 0
0.1584265193408057 0.227778511585029 0
0.1538060233524811 0.2191341715652514 0
0.1509607359726191 0.2097545160645121 0
1 6 0 15
541
542
543
544
545
546
547
548
549
550
551
552
553
554
555
0.1509607359820142 0.1902454838882553 0
0.1538060233878453 0.1808658283493718 0
0.1584265194243276 0.1722214882899715 0
0.1646446610147166 0.1646446608666287 0
0.1722214884507052 0.1584265193169288 0
0.1808658285364322 0.1538060233103623 0
0.1902454840872315 0.1509607359424354 0
0.2000000002244931 0.15 0
0.209754516300247 0.1509607360195097 0
0.2191341717858772 0.1538060234438672 0
0.2277785117766881 0.1584265194688681 0
0.2353553391416983 0.1646446610230435 0
0.2415734806677043 0.172221488427707 0
0.2461939766553012 0.1808658284535365 0
0.2490392640277087 0.1902454839371355 0
2 1 0 10248
556
557
558
559
560
561
562
563
564
565
566
567
568
569
570
571
572
573
574
575
576
577
578
579
580
581
582
583
584
585
586
587
588
589
590
591
592
593
594
595
596
597
598
599
600
601
602
603
604
605
606
607
608
609
610
611
612
613
614
615
616
617
618
619
620
621
622
623
624
625
626
627
628
629
630
631
632
633
634
635
636
637
638
639
640
641
642
643
644
645
646
647
648
649
650
651
652
653
654
655
656
657
658
659
660
661
662
663
664
665
666
667
668
669
670
671
672
673
674
675
676
677
678
679
680
681
682
683
684
685
686
687
688
689
690
691
692
693
694
695
696
697
698
699
700
701
702
703
704
705
706
707
708
709
710
711
712
713
714
715
716
717
718
719
720
721
722
723
724
725
726
727
728
729
730
731
732
733
734
735
736
737
738
739
740
741
742
743
744
745
746
747
748
749
750
751
752
753
754
755
756
757
758
759
760
761
762
763
764
765
766
767
768
769
770
771
772
773
774
775
776
777
778
779
780
781
782
783
784
785
786
787
788
789
790
791
792
793
794
795
796
797
798
799
800
801
802
803
804
805
806
807
808
809
810
811
812
813
814
815
816
817
818
819
820
821
822
823
824
825
826
827
828
829
830
831
832
833
834
835
836
837
838
839
840
841
842
843
844
845
846
847
848
849
850
851
852
853
854
855
856
857
858
859
860
861
862
863
864
865
866
867
868
869
870
871
872
873
874
875
876
877
878
879
880
881
882
883
884
885
886
887
888
889
890
891
892
893
894
895
896
897
898
899
900
901
902
903
904
905
906
907
908
909
910
911
912
913
914
915
916
917
918
919
920
921
922
923
924
925
926
927
928
929
930
931
932
933
934
935
936
937
938
939
940
941
942
943
944
945
946
947
948
949
950
951
952
953
954
955
956
957
958
959
960
961
962
963
964
965
966
967
968
969
970
971
972
973
974
975
976
977
978
979
980
981
982
983
984
985
986
987
988
989
990
991
992
993
994
995
996
997
998
999
1000
1001
1002
1003
1004
1005
1006
1007
1008
1009
1010
1011
1012
1013
1014
1015
1016
1017
1018
1019
1020
1021
1022
1023
1024
1025
1026
1027
1028
1029
1030
1031
1032
1033
1034
1035
1036
1037
1038
1039
1040
1041
1042
1043
1044
1045
1046
1047
1048
1049
1050
1051
1052
1053
1054
1055
1056
1057
1058
1059
1060
1061
1062
1063
1064
1065
1066
1067
1068
1069
1070
1071
1072
1073
1074
1075
1076
1077
1078
1079
1080
1081
1082
1083
1084
1085
1086
1087
1088
1089
1090
1091
1092
1093
1094
1095
1096
1097
1098
1099
1100
1101
1102
1103
1104
1105
1106
1107
1108
1109
1110
1111
1112
1113
1114
1115
1116
1117
1118
1119
1120
1121
1122
1123
1124
1125
1126
1127
1128
1129
1130
1131
1132
1133
1134
1135
1136
1137
1138
1139
1140
1141
1142
1143
1144
1145
1146
1147
1148
1149
1150
1151
1152
1153
1154
1155
1156
1157
1158
1159
1160
1161
1162
1163
1164
1165
1166
1167
1168
1169
1170
1171
1172
1173
1174
1175
1176
1177
1178
1179
1180
1181
1182
1183
1184
1185
1186
1187
1188
1189
1190
1191
1192
1193
1194
1195
1196
1197
1198
1199
1200
1201
1202
1203
1204
1205
1206
1207
1208
1209
1210
1211
1212
1213
1214
1215
1216
1217
1218
1219
1220
1221
1222
1223
1224
1225
1226
1227
1228
1229
1230
1231
1232
1233
1234
1235
1236
1237
1238
1239
1240
1241
1242
1243
1244
1245
1246
1247
1248
1249
1250
1251
1252
1253
1254
1255
1256
1257
1258
1259
1260
1261
1262
1263
1264
1265
1266
1267
1268
1269
1270
1271
1272
1273
1274
1275
1276
1277
1278
1279
1280
1281
1282
1283
1284
1285
1286
1287
1288
1289
1290
1291
1292
1293
1294
1295
1296
1297
1298
1299
1300
1301
1302
1303
1304
1305
1306
1307
1308
1309
1310
1311
1312
1313
1314
1315
1316
1317
1318
1319
1320
1321
1322
1323
1324
1325
1326
1327
1328
1329
1330
1331
1332
1333
1334
1335
1336
1337
1338
1339
1340
1341
1342
1343
1344
1345
1346
1347
1348
1349
1350
1351
1352
1353
1354
1355
1356
1357
1358
1359
1360
1361
1362
1363
1364
1365
1366
1367
1368
1369
1370
1371
1372
1373
1374
1375
1376
1377
1378
1379
1380
1381
1382
1383
1384
1385
1386
1387
1388
1389
1390
1391
1392
1393
1394
1395
1396
1397
1398
1399
1400
1401
1402
1403
1404
1405
1406
1407
1408
1409
1410
1411
1412
1413
1414
1415
1416
1417
1418
1419
1420
1421
1422
1423
1424
1425
1426
1427
1428
1429
1430
1431
1432
1433
1434
1435
1436
1437
1438
1439
1440
1441
1442
1443
1444
1445
1446
1447
1448
1449
1450
1451
1452
1453
1454
1455
1456
1457
1458
1459
1460
1461
1462
1463
1464
1465
1466
1467
1468
1469
1470
1471
1472
1473
1474
1475
1476
1477
1478
1479
1480
1481
1482
1483
1484
1485
1486
1487
1488
1489
1490
1491
1492
1493
1494
1495
1496
1497
1498
1499
1500
1501
1502
1503
1504
1505
1506
1507
1508
1509
1510
1511
1512
1513
1514
1515
1516
1517
1518
1519
1520
1521
1522
1523
1524
1525
1526
1527
1528
1529
1530
1531
1532
1533
1534
1535
1536
1537
1538
1539
1540
1541
1542
1543
1544
1545
1546
1547
1548
1549
1550
1551
1552
1553
1554
1555
1556
1557
1558
1559
1560
1561
1562
1563
1564
1565
1566
1567
1568
1569
1570
1571
1572
1573
1574
1575
1576
1577
1578
1579
1580
1581
1582
1583
1584
1585
1586
1587
1588
1589
1590
1591
1592
1593
1594
1595
1596
1597
1598
1599
1600
1601
1602
1603
1604
1605
1606
1607
1608
1609
1610
1611
1612
1613
1614
1615
1616
1617
1618
1619
1620
1621
1622
1623
1624
1625
1626
1627
1628
1629
1630
1631
1632
1633
1634
1635
1636
1637
1638
1639
1640
1641
1642
1643
1644
1645
1646
1647
1648
1649
1650
1651
1652
1653
1654
1655
1656
1657
1658
1659
1660
1661
1662
1663
1664
1665
1666
1667
1668
1669
1670
1671
1672
1673
1674
1675
1676
1677
1678
1679
1680
1681
1682
1683
1684
1685
1686
1687
1688
1689
1690
1691
1692
1693
1694
1695
1696
1697
1698
1699
1700
1701
1702
1703
1704
1705
1706
1707
1708
1709
1710
1711
1712
1713
1714
1715
1716
1717
1718
1719
1720
1721
1722
1723
1724
1725
1726
1727
1728
1729
1730
1731
1732
1733
1734
1735
1736
1737
1738
1739
1740
1741
1742
1743
1744
1745
1746
1747
1748
1749
1750
1751
1752
1753
1754
1755
1756
1757
1758
1759
1760
1761
1762
1763
1764
1765
1766
1767
1768
1769
1770
1771
1772
1773
1774
1775
1776
1777
1778
1779
1780
1781
1782
1783
1784
1785
1786
1787
1788
1789
1790
1791
1792
1793
1794
1795
1796
1797
1798
1799
1800
1801
1802
1803
1804
1805
1806
1807
1808
1809
1810
1811
1812
1813
1814
1815
1816
1817
1818
1819
1820
1821
1822
1823
1824
1825
1826
1827
1828
1829
1830
1831
1832
1833
1834
1835
1836
1837
1838
1839
1840
1841
1842
1843
1844
1845
1846
1847
1848
1849
1850
1851
1852
1853
1854
1855
1856
1857
1858
1859
1860
1861
1862
1863
1864
1865
1866
1867
1868
1869
1870
1871
1872
1873
1874
1875
1876
1877
1878
1879
1880
1881
1882
1883
1884
1885
1886
1887
1888
1889
1890
1891
1892
1893
1894
1895
1896
1897
1898
1899
1900
1901
1902
1903
1904
1905
1906
1907
1908
1909
1910
1911
1912
1913
1914
1915
1916
1917
1918
1919
1920
1921
1922
1923
1924
1925
1926
1927
1928
1929
1930
1931
1932
1933
1934
1935
1936
1937
1938
1939
1940
1941
1942
1943
1944
1945
1946
1947
1948
1949
1950
1951
1952
1953
1954
1955
1956
1957
1958
1959
1960
1961
1962
1963
1964
1965
1966
1967
1968
1969
1970
1971
1972
1973
1974
1975
1976
1977
1978
1979
1980
1981
1982
1983
1984
1985
1986
1987
1988
1989
1990
1991
1992
1993
1994
1995
1996
1997
1998
1999
2000
2001
2002
2003
2004
2005
2006
2007
2008
2009
2010
2011
2012
2013
2014
2015
2016
2017
2018
2019
2020
2021
2022
2023
2024
2025
2026
2027
2028
2029
2030
2031
2032
2033
2034
2035
2036
2037
2038
2039
2040
2041
2042
2043
2044
2045
2046
2047
2048
2049
2050
2051
2052
2053
2054
2055
2056
2057
2058
2059
2060
2061
2062
2063
2064
2065
2066
2067
2068
2069
2070
2071
2072
2073
2074
2075
2076
2077
2078
2079
2080
2081
2082
2083
2084
2085
2086
2087
2088
2089
2090
2091
2092
2093
2094
2095
2096
2097
2098
2099
2100
2101
2102
2103
2104
2105
2106
2107
2108
2109
2110
2111
2112
2113
2114
2115
2116
2117
2118
2119
2120
2121
2122
2123
2124
2125
2126
2127
2128
2129
2130
2131
2132
2133
2134
2135
2136
2137
2138
2139
2140
2141
2142
2143
2144
2145
2146
2147
2148
2149
2150
2151
2152
2153
2154
2155
2156
2157
2158
2159
2160
2161
2162
2163
2164
2165
2166
2167
2168
2169
2170
2171
2172
2173
2174
2175
2176
2177
2178
2179
2180
2181
2182
2183
2184
2185
2186
2187
2188
2189
2190
2191
2192
2193
2194
2195
2196
2197
2198
2199
2200
2201
2202
2203
2204
2205
2206
2207
2208
2209
2210
2211
2212
2213
2214
2215
2216
2217
2218
2219
2220
2221
2222
2223
2224
2225
2226
2227
2228
2229
2230
2231
2232
2233
2234
2235
2236
2237
2238
2239
2240
2241
2242
2243
2244
2245
2246
2247
2248
2249
2250
2251
2252
2253
2254
2255
2256
2257
2258
2259
2260
2261
2262
2263
2264
2265
2266
2267
2268
2269
2270
2271
2272
2273
2274
2275
2276
2277
2278
2279
2280
2281
2282
2283
2284
2285
2286
2287
2288
2289
2290
2291
2292
2293
2294
2295
2296
2297
2298
2299
2300
2301
2302
2303
2304
2305
2306
2307
2308
2309
2310
2311
2312
2313
2314
2315
2316
2317
2318
2319
2320
2321
2322
2323
2324
2325
2326
2327
2328
2329
2330
2331
2332
2333
2334
2335
2336
2337
2338
2339
2340
2341
2342
2343
2344
2345
2346
2347
2348
2349
2350
2351
2352
2353
2354
2355
2356
2357
2358
2359
2360
2361
2362
2363
2364
2365
2366
2367
2368
2369
2370
2371
2372
2373
2374
2375
2376
2377
2378
2379
2380
2381
2382
2383
2384
2385
2386
2387
2388
2389
2390
2391
2392
2393
2394
2395
2396
2397
2398
2399
2400
2401
2402
2403
2404
2405
2406
2407
2408
2409
2410
2411
2412
2413
2414
2415
2416
2417
2418
2419
2420
2421
2422
2423
2424
2425
2426
2427
2428
2429
2430
2431
2432
2433
2434
2435
2436
2437
2438
2439
2440
2441
2442
2443
2444
2445
2446
2447
2448
2449
2450
2451
2452
2453
2454
2455
2456
2457
2458
2459
2460
2461
2462
2463
2464
2465
2466
2467
2468
2469
2470
2471
2472
2473
2474
2475
2476
2477
2478
2479
2480
2481
2482
2483
2484
2485
2486
2487
2488
2489
2490
2491
2492
2493
2494
2495
2496
2497
2498
2499
2500
2501
2502
2503
2504
2505
2506
2507
2508
2509
2510
2511
2512
2513
2514
2515
2516
2517
2518
2519
2520
2521
2522
2523
2524
2525
2526
2527
2528
2529
2530
2531
2532
2533
2534
2535
2536
2537
2538
2539
2540
2541
2542
2543
2544
2545
2546
2547
2548
2549
2550
2551
2552
2553
2554
2555
2556
2557
2558
2559
2560
2561
2562
2563
2564
2565
2566
2567
2568
2569
2570
2571
2572
2573
2574
2575
2576
2577
2578
2579
2580
2581
2582
2583
2584
2585
2586
2587
2588
2589
2590
2591
2592
2593
2594
2595
2596
2597
2598
2599
2600
2601
2602
2603
2604
2605
2606
2607
2608
2609
2610
2611
2612
2613
2614
2615
2616
2617
2618
2619
2620
2621
2622
2623
2624
2625
2626
2627
2628
2629
2630
2631
2632
2633
2634
2635
2636
2637
2638
2639
2640
2641
2642
2643
2644
2645
2646
2647
2648
2649
2650
2651
2652
2653
2654
2655
2656
2657
2658
2659
2660
2661
2662
2663
2664
2665
2666
2667
2668
2669
2670
2671
2672
2673
2674
2675
2676
2677
2678
2679
2680
2681
2682
2683
2684
2685
2686
2687
2688
2689
2690
2691
2692
2693
2694
2695
2696
2697
2698
2699
2700
2701
2702
2703
2704
2705
2706
2707
2708
2709
2710
2711
2712
2713
2714
2715
2716
2717
2718
2719
2720
2721
2722
2723
2724
2725
2726
2727
2728
2729
2730
2731
2732
2733
2734
2735
2736
2737
2738
2739
2740
2741
2742
2743
2744
2745
2746
2747
2748
2749
2750
2751
2752
2753
2754
2755
2756
2757
2758
2759
2760
2761
2762
2763
2764
2765
2766
2767
2768
2769
2770
2771
2772
2773
2774
2775
2776
2777
2778
2779
2780
2781
2782
2783
2784
2785
2786
2787
2788
2789
2790
2791
2792
2793
2794
2795
2796
2797
2798
2799
2800
2801
2802
2803
2804
2805
2806
2807
2808
2809
2810
2811
2812
2813
2814
2815
2816
2817
2818
2819
2820
2821
2822
2823
2824
2825
2826
2827
2828
2829
2830
2831
2832
2833
2834
2835
2836
2837
2838
2839
2840
2841
2842
2843
2844
2845
2846
2847
2848
2849
2850
2851
2852
2853
2854
2855
2856
2857
2858
2859
2860
2861
2862
2863
2864
2865
2866
2867
2868
2869
2870
2871
2872
2873
2874
2875
2876
2877
2878
2879
2880
2881
2882
2883
2884
2885
2886
2887
2888
2889
2890
2891
2892
2893
2894
2895
2896
2897
2898
2899
2900
2901
2902
2903
2904
2905
2906
2907
2908
2909
2910
2911
2912
2913
2914
2915
2916
2917
2918
2919
2920
2921
2922
2923
2924
2925
2926
2927
2928
2929
2930
2931
2932
2933
2934
2935
2936
2937
2938
2939
2940
2941
2942
2943
2944
2945
2946
2947
2948
2949
2950
2951
2952
2953
2954
2955
2956
2957
2958
2959
2960
2961
2962
2963
2964
2965
2966
2967
2968
2969
2970
2971
2972
2973
2974
2975
2976
2977
2978
2979
2980
2981
2982
2983
2984
2985
2986
2987
2988
2989
2990
2991
2992
2993
2994
2995
2996
2997
2998
2999
3000
3001
3002
3003
3004
3005
3006
3007
3008
3009
3010
3011
3012
3013
3014
3015
3016
3017
3018
3019
3020
3021
3022
3023
3024
3025
3026
3027
3028
3029
3030
3031
3032
3033
3034
3035
3036
3037
3038
3039
3040
3041
3042
3043
3044
3045
3046
3047
3048
3049
3050
3051
3052
3053
3054
3055
3056
3057
3058
3059
3060
3061
3062
3063
3064
3065
3066
3067
3068
3069
3070
3071
3072
3073
3074
3075
3076
3077
3078
3079
3080
3081
3082
3083
3084
3085
3086
3087
3088
3089
3090
3091
3092
3093
3094
3095
3096
3097
3098
3099
3100
3101
3102
3103
3104
3105
3106
3107
3108
3109
3110
3111
3112
3113
3114
3115
3116
3117
3118
3119
3120
3121
3122
3123
3124
3125
3126
3127
3128
3129
3130
3131
3132
3133
3134
3135
3136
3137
3138
3139
3140
3141
3142
3143
3144
3145
3146
3147
3148
3149
3150
3151
3152
3153
3154
3155
3156
3157
3158
3159
3160
3161
3162
3163
3164
3165
3166
3167
3168
3169
3170
3171
3172
3173
3174
3175
3176
3177
3178
3179
3180
3181
3182
3183
3184
3185
3186
3187
3188
3189
3190
3191
3192
3193
3194
3195
3196
3197
3198
3199
3200
3201
3202
3203
3204
3205
3206
3207
3208
3209
3210
3211
3212
3213
3214
3215
3216
3217
3218
3219
3220
3221
3222
3223
3224
3225
3226
3227
3228
3229
3230
3231
3232
3233
3234
3235
3236
3237
3238
3239
3240
3241
3242
3243
3244
3245
3246
3247
3248
3249
3250
3251
3252
3253
3254
3255
3256
3257
3258
3259
3260
3261
3262
3263
3264
3265
3266
3267
3268
3269
3270
3271
3272
3273
3274
3275
3276
3277
3278
3279
3280
3281
3282
3283
3284
3285
3286
3287
3288
3289
3290
3291
3292
3293
3294
3295
3296
3297
3298
3299
3300
3301
3302
3303
3304
3305
3306
3307
3308
3309
3310
3311
3312
3313
3314
3315
3316
3317
3318
3319
3320
3321
3322
3323
3324
3325
3326
3327
3328
3329
3330
3331
3332
3333
3334
3335
3336
3337
3338
3339
3340
3341
3342
3343
3344
3345
3346
3347
3348
3349
3350
3351
3352
3353
3354
3355
3356
3357
3358
3359
3360
3361
3362
3363
3364
3365
3366
3367
3368
3369
3370
3371
3372
3373
3374
3375
3376
3377
3378
3379
3380
3381
3382
3383
3384
3385
3386
3387
3388
3389
3390
3391
3392
3393
3394
3395
3396
3397
3398
3399
3400
3401
3402
3403
3404
3405
3406
3407
3408
3409
3410
3411
3412
3413
3414
3415
3416
3417
3418
3419
3420
3421
3422
3423
3424
3425
3426
3427
3428
3429
3430
3431
3432
3433
3434
3435
3436
3437
3438
3439
3440
3441
3442
3443
3444
3445
3446
3447
3448
3449
3450
3451
3452
3453
3454
3455
3456
3457
3458
3459
3460
3461
3462
3463
3464
3465
3466
3467
3468
3469
3470
3471
3472
3473
3474
3475
3476
3477
3478
3479
3480
3481
3482
3483
3484
3485
3486
3487
3488
3489
3490
3491
3492
3493
3494
3495
3496
3497
3498
3499
3500
3501
3502
3503
3504
3505
3506
3507
3508
3509
3510
3511
3512
3513
3514
3515
3516
3517
3518
3519
3520
3521
3522
3523
3524
3525
3526
3527
3528
3529
3530
3531
3532
3533
3534
3535
3536
3537
3538
3539
3540
3541
3542
3543
3544
3545
3546
3547
3548
3549
3550
3551
3552
3553
3554
3555
3556
3557
3558
3559
3560
3561
3562
3563
3564
3565
3566
3567
3568
3569
3570
3571
3572
3573
3574
3575
3576
3577
3578
3579
3580
3581
3582
3583
3584
3585
3586
3587
3588
3589
3590
3591
3592
3593
3594
3595
3596
3597
3598
3599
3600
3601
3602
3603
3604
3605
3606
3607
3608
3609
3610
3611
3612
3613
3614
3615
3616
3617
3618
3619
3620
3621
3622
3623
3624
3625
3626
3627
3628
3629
3630
3631
3632
3633
3634
3635
3636
3637
3638
3639
3640
3641
3642
3643
3644
3645
3646
3647
3648
3649
3650
3651
3652
3653
3654
3655
3656
3657
3658
3659
3660
3661
3662
3663
3664
3665
3666
3667
3668
3669
3670
3671
3672
3673
3674
3675
3676
3677
3678
3679
3680
3681
3682
3683
3684
3685
3686
3687
3688
3689
3690
3691
3692
3693
3694
3695
3696
3697
3698
3699
3700
3701
3702
3703
3704
3705
3706
3707
3708
3709
3710
3711
3712
3713
3714
3715
3716
3717
3718
3719
3720
3721
3722
3723
3724
3725
3726
3727
3728
3729
3730
3731
3732
3733
3734
3735
3736
3737
3738
3739
3740
3741
3742
3743
3744
3745
3746
3747
3748
3749
3750
3751
3752
3753
3754
3755
3756
3757
3758
3759
3760
3761
3762
3763
3764
3765
3766
3767
3768
3769
3770
3771
3772
3773
3774
3775
3776
3777
3778
3779
3780
3781
3782
3783
3784
3785
3786
3787
3788
3789
3790
3791
3792
3793
3794
3795
3796
3797
3798
3799
3800
3801
3802
3803
3804
3805
3806
3807
3808
3809
3810
3811
3812
3813
3814
3815
3816
3817
3818
3819
3820
3821
3822
3823
3824
3825
3826
3827
3828
3829
3830
3831
3832
3833
3834
3835
3836
3837
3838
3839
3840
3841
3842
3843
3844
3845
3846
3847
3848
3849
3850
3851
3852
3853
3854
3855
3856
3857
3858
3859
3860
3861
3862
3863
3864
3865
3866
3867
3868
3869
3870
3871
3872
3873
3874
3875
3876
3877
3878
3879
3880
3881
3882
3883
3884
3885
3886
3887
3888
3889
3890
3891
3892
3893
3894
3895
3896
3897
3898
3899
3900
3901
3902
3903
3904
3905
3906
3907
3908
3909
3910
3911
3912
3913
3914
3915
3916
3917
3918
3919
3920
3921
3922
3923
3924
3925
3926
3927
3928
3929
3930
3931
3932
3933
3934
3935
3936
3937
3938
3939
3940
3941
3942
3943
3944
3945
3946
3947
3948
3949
3950
3951
3952
3953
3954
3955
3956
3957
3958
3959
3960
3961
3962
3963
3964
3965
3966
3967
3968
3969
3970
3971
3972
3973
3974
3975
3976
3977
3978
3979
3980
3981
3982
3983
3984
3985
3986
3987
3988
3989
3990
3991
3992
3993
3994
3995
3996
3997
3998
3999
4000
4001
4002
4003
4004
4005
4006
4007
4008
4009
4010
4011
4012
4013
4014
4015
4016
4017
4018
4019
4020
4021
4022
4023
4024
4025
4026
4027
4028
4029
4030
4031
4032
4033
4034
4035
4036
4037
4038
4039
4040
4041
4042
4043
4044
4045
4046
4047
4048
4049
4050
4051
4052
4053
4054
4055
4056
4057
4058
4059
4060
4061
4062
4063
4064
4065
4066
4067
4068
4069
4070
4071
4072
4073
4074
4075
4076
4077
4078
4079
4080
4081
4082
4083
4084
4085
4086
4087
4088
4089
4090
4091
4092
4093
4094
4095
4096
4097
4098
4099
4100
4101
4102
4103
4104
4105
4106
4107
4108
4109
4110
4111
4112
4113
4114
4115
4116
4117
4118
4119
4120
4121
4122
4123
4124
4125
4126
4127
4128
4129
4130
4131
4132
4133
4134
4135
4136
4137
4138
4139
4140
4141
4142
4143
4144
4145
4146
4147
4148
4149
4150
4151
4152
4153
4154
4155
4156
4157
4158
4159
4160
4161
4162
4163
4164
4165
4166
4167
4168
4169
4170
4171
4172
4173
4174
4175
4176
4177
4178
4179
4180
4181
4182
4183
4184
4185
4186
4187
4188
4189
4190
4191
4192
4193
4194
4195
4196
4197
4198
4199
4200
4201
4202
4203
4204
4205
4206
4207
4208
4209
4210
4211
4212
4213
4214
4215
4216
4217
4218
4219
4220
4221
4222
4223
4224
4225
4226
4227
4228
4229
4230
4231
4232
4233
4234
4235
4236
4237
4238
4239
4240
4241
4242
4243
4244
4245
4246
4247
4248
4249
4250
4251
4252
4253
4254
4255
4256
4257
4258
4259
4260
4261
4262
4263
4264
4265
4266
4267
4268
4269
4270
4271
4272
4273
4274
4275
4276
4277
4278
4279
4280
4281
4282
4283
4284
4285
4286
4287
4288
4289
4290
4291
4292
4293
4294
4295
4296
4297
4298
4299
4300
4301
4302
4303
4304
4305
4306
4307
4308
4309
4310
4311
4312
4313
4314
4315
4316
4317
4318
4319
4320
4321
4322
4323
4324
4325
4326
4327
4328
4329
4330
4331
4332
4333
4334
4335
4336
4337
4338
4339
4340
4341
4342
4343
4344
4345
4346
4347
4348
4349
4350
4351
4352
4353
4354
4355
4356
4357
4358
4359
4360
4361
4362
4363
4364
4365
4366
4367
4368
4369
4370
4371
4372
4373
4374
4375
4376
4377
4378
4379
4380
4381
4382
4383
4384
4385
4386
4387
4388
4389
4390
4391
4392
4393
4394
4395
4396
4397
4398
4399
4400
4401
4402
4403
4404
4405
4406
4407
4408
4409
4410
4411
4412
4413
4414
4415
4416
4417
4418
4419
4420
4421
4422
4423
4424
4425
4426
4427
4428
4429
4430
4431
4432
4433
4434
4435
4436
4437
4438
4439
4440
4441
4442
4443
4444
4445
4446
4447
4448
4449
4450
4451
4452
4453
4454
4455
4456
4457
4458
4459
4460
4461
4462
4463
4464
4465
4466
4467
4468
4469
4470
4471
4472
4473
4474
4475
4476
4477
4478
4479
4480
4481
4482
4483
4484
4485
4486
4487
4488
4489
4490
4491
4492
4493
4494
4495
4496
4497
4498
4499
4500
4501
4502
4503
4504
4505
4506
4507
4508
4509
4510
4511
4512
4513
4514
4515
4516
4517
4518
4519
4520
4521
4522
4523
4524
4525
4526
4527
4528
4529
4530
4531
4532
4533
4534
4535
4536
4537
4538
4539
4540
4541
4542
4543
4544
4545
4546
4547
4548
4549
4550
4551
4552
4553
4554
4555
4556
4557
4558
4559
4560
4561
4562
4563
4564
4565
4566
4567
4568
4569
4570
4571
4572
4573
4574
4575
4576
4577
4578
4579
4580
4581
4582
4583
4584
4585
4586
4587
4588
4589
4590
4591
4592
4593
4594
4595
4596
4597
4598
4599
4600
4601
4602
4603
4604
4605
4606
4607
4608
4609
4610
4611
4612
4613
4614
4615
4616
4617
4618
4619
4620
4621
4622
4623
4624
4625
4626
4627
4628
4629
4630
4631
4632
4633
4634
4635
4636
4637
4638
4639
4640
4641
4642
4643
4644
4645
4646
4647
4648
4649
4650
4651
4652
4653
4654
4655
4656
4657
4658
4659
4660
4661
4662
4663
4664
4665
4666
4667
4668
4669
4670
4671
4672
4673
4674
4675
4676
4677
4678
4679
4680
4681
4682
4683
4684
4685
4686
4687
4688
4689
4690
4691
4692
4693
4694
4695
4696
4697
4698
4699
4700
4701
4702
4703
4704
4705
4706
4707
4708
4709
4710
4711
4712
4713
4714
4715
4716
4717
4718
4719
4720
4721
4722
4723
4724
4725
4726
4727
4728
4729
4730
4731
4732
4733
4734
4735
4736
4737
4738
4739
4740
4741
4742
4743
4744
4745
4746
4747
4748
4749
4750
4751
4752
4753
4754
4755
4756
4757
4758
4759
4760
4761
4762
4763
4764
4765
4766
4767
4768
4769
4770
4771
4772
4773
4774
4775
4776
4777
4778
4779
4780
4781
4782
4783
4784
4785
4786
4787
4788
4789
4790
4791
4792
4793
4794
4795
4796
4797
4798
4799
4800
4801
4802
4803
4804
4805
4806
4807
4808
4809
4810
4811
4812
4813
4814
4815
4816
4817
4818
4819
4820
4821
4822
4823
4824
4825
4826
4827
4828
4829
4830
4831
4832
4833
4834
4835
4836
4837
4838
4839
4840
4841
4842
4843
4844
4845
4846
4847
4848
4849
4850
4851
4852
4853
4854
4855
4856
4857
4858
4859
4860
4861
4862
4863
4864
4865
4866
4867
4868
4869
4870
4871
4872
4873
4874
4875
4876
4877
4878
4879
4880
4881
4882
4883
4884
4885
4886
4887
4888
4889
4890
4891
4892
4893
4894
4895
4896
4897
4898
4899
4900
4901
4902
4903
4904
4905
4906
4907
4908
4909
4910
4911
4912
4913
4914
4915
4916
4917
4918
4919
4920
4921
4922
4923
4924
4925
4926
4927
4928
4929
4930
4931
4932
4933
4934
4935
4936
4937
4938
4939
4940
4941
4942
4943
4944
4945
4946
4947
4948
4949
4950
4951
4952
4953
4954
4955
4956
4957
4958
4959
4960
4961
4962
4963
4964
4965
4966
4967
4968
4969
4970
4971
4972
4973
4974
4975
4976
4977
4978
4979
4980
4981
4982
4983
4984
4985
4986
4987
4988
4989
4990
4991
4992
4993
4994
4995
4996
4997
4998
4999
5000
5001
5002
5003
5004
5005
5006
5007
5008
5009
5010
5011
5012
5013
5014
5015
5016
5017
5018
5019
5020
5021
5022
5023
5024
5025
5026
5027
5028
5029
5030
5031
5032
5033
5034
5035
5036
5037
5038
5039
5040
5041
5042
5043
5044
5045
5046
5047
5048
5049
5050
5051
5052
5053
5054
5055
5056
5057
5058
5059
5060
5061
5062
5063
5064
5065
5066
5067
5068
5069
5070
5071
5072
5073
5074
5075
5076
5077
5078
5079
5080
5081
5082
5083
5084
5085
5086
5087
5088
5089
5090
5091
5092
5093
5094
5095
5096
5097
5098
5099
5100
5101
5102
5103
5104
5105
5106
5107
5108
5109
5110
5111
5112
5113
5114
5115
5116
5117
5118
5119
5120
5121
5122
5123
5124
5125
5126
5127
5128
5129
5130
5131
5132
5133
5134
5135
5136
5137
5138
5139
5140
5141
5142
5143
5144
5145
5146
5147
5148
5149
5150
5151
5152
5153
5154
5155
5156
5157
5158
5159
5160
5161
5162
5163
5164
5165
5166
5167
5168
5169
5170
5171
5172
5173
5174
5175
5176
5177
5178
5179
5180
5181
5182
5183
5184
5185
5186
5187
5188
5189
5190
5191
5192
5193
5194
5195
5196
5197
5198
5199
5200
5201
5202
5203
5204
5205
5206
5207
5208
5209
5210
5211
5212
5213
5214
5215
5216
5217
5218
5219
5220
5221
5222
5223
5224
5225
5226
5227
5228
5229
5230
5231
5232
5233
5234
5235
5236
5237
5238
5239
5240
5241
5242
5243
5244
5245
5246
5247
5248
5249
5250
5251
5252
5253
5254
5255
5256
5257
5258
5259
5260
5261
5262
5263
5264
5265
5266
5267
5268
5269
5270
5271
5272
5273
5274
5275
5276
5277
5278
5279
5280
5281
5282
5283
5284
5285
5286
5287
5288
5289
5290
5291
5292
5293
5294
5295
5296
5297
5298
5299
5300
5301
5302
5303
5304
5305
5306
5307
5308
5309
5310
5311
5312
5313
5314
5315
5316
5317
5318
5319
5320
5321
5322
5323
5324
5325
5326
5327
5328
5329
5330
5331
5332
5333
5334
5335
5336
5337
5338
5339
5340
5341
5342
5343
5344
5345
5346
5347
5348
5349
5350
5351
5352
5353
5354
5355
5356
5357
5358
5359
5360
5361
5362
5363
5364
5365
5366
5367
5368
5369
5370
5371
5372
5373
5374
5375
5376
5377
5378
5379
5380
5381
5382
5383
5384
5385
5386
5387
5388
5389
5390
5391
5392
5393
5394
5395
5396
5397
5398
5399
5400
5401
5402
5403
5404
5405
5406
5407
5408
5409
5410
5411
5412
5413
5414
5415
5416
5417
5418
5419
5420
5421
5422
5423
5424
5425
5426
5427
5428
5429
5430
5431
5432
5433
5434
5435
5436
5437
5438
5439
5440
5441
5442
5443
5444
5445
5446
5447
5448
5449
5450
5451
5452
5453
5454
5455
5456
5457
5458
5459
5460
5461
5462
5463
5464
5465
5466
5467
5468
5469
5470
5471
5472
5473
5474
5475
5476
5477
5478
5479
5480
5481
5482
5483
5484
5485
5486
5487
5488
5489
5490
5491
5492
5493
5494
5495
5496
5497
5498
5499
5500
5501
5502
5503
5504
5505
5506
5507
5508
5509
5510
5511
5512
5513
5514
5515
5516
5517
5518
5519
5520
5521
5522
5523
5524
5525
5526
5527
5528
5529
5530
5531
5532
5533
5534
5535
5536
5537
5538
5539
5540
5541
5542
5543
5544
5545
5546
5547
5548
5549
5550
5551
5552
5553
5554
5555
5556
5557
5558
5559
5560
5561
5562
5563
5564
5565
5566
5567
5568
5569
5570
5571
5572
5573
5574
5575
5576
5577
5578
5579
5580
5581
5582
5583
5584
5585
5586
5587
5588
5589
5590
5591
5592
5593
5594
5595
5596
5597
5598
5599
5600
5601
5602
5603
5604
5605
5606
5607
5608
5609
5610
5611
5612
5613
5614
5615
5616
5617
5618
5619
5620
5621
5622
5623
5624
5625
5626
5627
5628
5629
5630
5631
5632
5633
5634
5635
5636
5637
5638
5639
5640
5641
5642
5643
5644
5645
5646
5647
5648
5649
5650
5651
5652
5653
5654
5655
5656
5657
5658
5659
5660
5661
5662
5663
5664
5665
5666
5667
5668
5669
5670
5671
5672
5673
5674
5675
5676
5677
5678
5679
5680
5681
5682
5683
5684
5685
5686
5687
5688
5689
5690
5691
5692
5693
5694
5695
5696
5697
5698
5699
5700
5701
5702
5703
5704
5705
5706
5707
5708
5709
5710
5711
5712
5713
5714
5715
5716
5717
5718
5719
5720
5721
5722
5723
5724
5725
5726
5727
5728
5729
5730
5731
5732
5733
5734
5735
5736
5737
5738
5739
5740
5741
5742
5743
5744
5745
5746
5747
5748
5749
5750
5751
5752
5753
5754
5755
5756
5757
5758
5759
5760
5761
5762
5763
5764
5765
5766
5767
5768
5769
5770
5771
5772
5773
5774
5775
5776
5777
5778
5779
5780
5781
5782
5783
5784
5785
5786
5787
5788
5789
5790
5791
5792
5793
5794
5795
5796
5797
5798
5799
5800
5801
5802
5803
5804
5805
5806
5807
5808
5809
5810
5811
5812
5813
5814
5815
5816
5817
5818
5819
5820
5821
5822
5823
5824
5825
5826
5827
5828
5829
5830
5831
5832
5833
5834
5835
5836
5837
5838
5839
5840
5841
5842
5843
5844
5845
5846
5847
5848
5849
5850
5851
5852
5853
5854
5855
5856
5857
5858
5859
5860
5861
5862
5863
5864
5865
5866
5867
5868
5869
5870
5871
5872
5873
5874
5875
5876
5877
5878
5879
5880
5881
5882
5883
5884
5885
5886
5887
5888
5889
5890
5891
5892
5893
5894
5895
5896
5897
5898
5899
5900
5901
5902
5903
5904
5905
5906
5907
5908
5909
5910
5911
5912
5913
5914
5915
5916
5917
5918
5919
5920
5921
5922
5923
5924
5925
5926
5927
5928
5929
5930
5931
5932
5933
5934
5935
5936
5937
5938
5939
5940
5941
5942
5943
5944
5945
5946
5947
5948
5949
5950
5951
5952
5953
5954
5955
5956
5957
5958
5959
5960
5961
5962
5963
5964
5965
5966
5967
5968
5969
5970
5971
5972
5973
5974
5975
5976
5977
5978
5979
5980
5981
5982
5983
5984
5985
5986
5987
5988
5989
5990
5991
5992
5993
5994
5995
5996
5997
5998
5999
6000
6001
6002
6003
6004
6005
6006
6007
6008
6009
6010
6011
6012
6013
6014
6015
6016
6017
6018
6019
6020
6021
6022
6023
6024
6025
6026
6027
6028
6029
6030
6031
6032
6033
6034
6035
6036
6037
6038
6039
6040
6041
6042
6043
6044
6045
6046
6047
6048
6049
6050
6051
6052
6053
6054
6055
6056
6057
6058
6059
6060
6061
6062
6063
6064
6065
6066
6067
6068
6069
6070
6071
6072
6073
6074
6075
6076
6077
6078
6079
6080
6081
6082
6083
6084
6085
6086
6087
6088
6089
6090
6091
6092
6093
6094
6095
6096
6097
6098
6099
6100
6101
6102
6103
6104
6105
6106
6107
6108
6109
6110
6111
6112
6113
6114
6115
6116
6117
6118
6119
6120
6121
6122
6123
6124
6125
6126
6127
6128
6129
6130
6131
6132
6133
6134
6135
6136
6137
6138
6139
6140
6141
6142
6143
6144
6145
6146
6147
6148
6149
6150
6151
6152
6153
6154
6155
6156
6157
6158
6159
6160
6161
6162
6163
6164
6165
6166
6167
6168
6169
6170
6171
6172
6173
6174
6175
6176
6177
6178
6179
6180
6181
6182
6183
6184
6185
6186
6187
6188
6189
6190
6191
6192
6193
6194
6195
6196
6197
6198
6199
6200
6201
6202
6203
6204
6205
6206
6207
6208
6209
6210
6211
6212
6213
6214
6215
6216
6217
6218
6219
6220
6221
6222
6223
6224
6225
6226
6227
6228
6229
6230
6231
6232
6233
6234
6235
6236
6237
6238
6239
6240
6241
6242
6243
6244
6245
6246
6247
6248
6249
6250
6251
6252
6253
6254
6255
6256
6257
6258
6259
6260
6261
6262
6263
6264
6265
6266
6267
6268
6269
6270
6271
6272
6273
6274
6275
6276
6277
6278
6279
6280
6281
6282
6283
6284
6285
6286
6287
6288
6289
6290
6291
6292
6293
6294
6295
6296
6297
6298
6299
6300
6301
6302
6303
6304
6305
6306
6307
6308
6309
6310
6311
6312
6313
6314
6315
6316
6317
6318
6319
6320
6321
6322
6323
6324
6325
6326
6327
6328
6329
6330
6331
6332
6333
6334
6335
6336
6337
6338
6339
6340
6341
6342
6343
6344
6345
6346
6347
6348
6349
6350
6351
6352
6353
6354
6355
6356
6357
6358
6359
6360
6361
6362
6363
6364
6365
6366
6367
6368
6369
6370
6371
6372
6373
6374
6375
6376
6377
6378
6379
6380
6381
6382
6383
6384
6385
6386
6387
6388
6389
6390
6391
6392
6393
6394
6395
6396
6397
6398
6399
6400
6401
6402
6403
6404
6405
6406
6407
6408
6409
6410
6411
6412
6413
6414
6415
6416
6417
6418
6419
6420
6421
6422
6423
6424
6425
6426
6427
6428
6429
6430
6431
6432
6433
6434
6435
6436
6437
6438
6439
6440
6441
6442
6443
6444
6445
6446
6447
6448
6449
6450
6451
6452
6453
6454
6455
6456
6457
6458
6459
6460
6461
6462
6463
6464
6465
6466
6467
6468
6469
6470
6471
6472
6473
6474
6475
6476
6477
6478
6479
6480
6481
6482
6483
6484
6485
6486
6487
6488
6489
6490
6491
6492
6493
6494
6495
6496
6497
6498
6499
6500
6501
6502
6503
6504
6505
6506
6507
6508
6509
6510
6511
6512
6513
6514
6515
6516
6517
6518
6519
6520
6521
6522
6523
6524
6525
6526
6527
6528
6529
6530
6531
6532
6533
6534
6535
6536
6537
6538
6539
6540
6541
6542
6543
6544
6545
6546
6547
6548
6549
6550
6551
6552
6553
6554
6555
6556
6557
6558
6559
6560
6561
6562
6563
6564
6565
6566
6567
6568
6569
6570
6571
6572
6573
6574
6575
6576
6577
6578
6579
6580
6581
6582
6583
6584
6585
6586
6587
6588
6589
6590
6591
6592
6593
6594
6595
6596
6597
6598
6599
6600
6601
6602
6603
6604
6605
6606
6607
6608
6609
6610
6611
6612
6613
6614
6615
6616
6617
6618
6619
6620
6621
6622
6623
6624
6625
6626
6627
6628
6629
6630
6631
6632
6633
6634
6635
6636
6637
6638
6639
6640
6641
6642
6643
6644
6645
6646
6647
6648
6649
6650
6651
6652
6653
6654
6655
6656
6657
6658
6659
6660
6661
6662
6663
6664
6665
6666
6667
6668
6669
6670
6671
6672
6673
6674
6675
6676
6677
6678
6679
6680
6681
6682
6683
6684
6685
6686
6687
6688
6689
6690
6691
6692
6693
6694
6695
6696
6697
6698
6699
6700
6701
6702
6703
6704
6705
6706
6707
6708
6709
6710
6711
6712
6713
6714
6715
6716
6717
6718
6719
6720
6721
6722
6723
6724
6725
6726
6727
6728
6729
6730
6731
6732
6733
6734
6735
6736
6737
6738
6739
6740
6741
6742
6743
6744
6745
6746
6747
6748
6749
6750
6751
6752
6753
6754
6755
6756
6757
6758
6759
6760
6761
6762
6763
6764
6765
6766
6767
6768
6769
6770
6771
6772
6773
6774
6775
6776
6777
6778
6779
6780
6781
6782
6783
6784
6785
6786
6787
6788
6789
6790
6791
6792
6793
6794
6795
6796
6797
6798
6799
6800
6801
6802
6803
6804
6805
6806
6807
6808
6809
6810
6811
6812
6813
6814
6815
6816
6817
6818
6819
6820
6821
6822
6823
6824
6825
6826
6827
6828
6829
6830
6831
6832
6833
6834
6835
6836
6837
6838
6839
6840
6841
6842
6843
6844
6845
6846
6847
6848
6849
6850
6851
6852
6853
6854
6855
6856
6857
6858
6859
6860
6861
6862
6863
6864
6865
6866
6867
6868
6869
6870
6871
6872
6873
6874
6875
6876
6877
6878
6879
6880
6881
6882
6883
6884
6885
6886
6887
6888
6889
6890
6891
6892
6893
6894
6895
6896
6897
6898
6899
6900
6901
6902
6903
6904
6905
6906
6907
6908
6909
6910
6911
6912
6913
6914
6915
6916
6917
6918
6919
6920
6921
6922
6923
6924
6925
6926
6927
6928
6929
6930
6931
6932
6933
6934
6935
6936
6937
6938
6939
6940
6941
6942
6943
6944
6945
6946
6947
6948
6949
6950
6951
6952
6953
6954
6955
6956
6957
6958
6959
6960
6961
6962
6963
6964
6965
6966
6967
6968
6969
6970
6971
6972
6973
6974
6975
6976
6977
6978
6979
6980
6981
6982
6983
6984
6985
6986
6987
6988
6989
6990
6991
6992
6993
6994
6995
6996
6997
6998
6999
7000
7001
7002
7003
7004
7005
7006
7007
7008
7009
7010
7011
7012
7013
7014
7015
7016
7017
7018
7019
7020
7021
7022
7023
7024
7025
7026
7027
7028
7029
7030
7031
7032
7033
7034
7035
7036
7037
7038
7039
7040
7041
7042
7043
7044
7045
7046
7047
7048
7049
7050
7051
7052
7053
7054
7055
7056
7057
7058
7059
7060
7061
7062
7063
7064
7065
7066
7067
7068
7069
7070
7071
7072
7073
7074
7075
7076
7077
7078
7079
7080
7081
7082
7083
7084
7085
7086
7087
7088
7089
7090
7091
7092
7093
7094
7095
7096
7097
7098
7099
7100
7101
7102
7103
7104
7105
7106
7107
7108
7109
7110
7111
7112
7113
7114
7115
7116
7117
7118
7119
7120
7121
7122
7123
7124
7125
7126
7127
7128
7129
7130
7131
7132
7133
7134
7135
7136
7137
7138
7139
7140
7141
7142
7143
7144
7145
7146
7147
7148
7149
7150
7151
7152
7153
7154
7155
7156
7157
7158
7159
7160
7161
7162
7163
7164
7165
7166
7167
7168
7169
7170
7171
7172
7173
7174
7175
7176
7177
7178
7179
7180
7181
7182
7183
7184
7185
7186
7187
7188
7189
7190
7191
7192
7193
7194
7195
7196
7197
7198
7199
7200
7201
7202
7203
7204
7205
7206
7207
7208
7209
7210
7211
7212
7213
7214
7215
7216
7217
7218
7219
7220
7221
7222
7223
7224
7225
7226
7227
7228
7229
7230
7231
7232
7233
7234
7235
7236
7237
7238
7239
7240
7241
7242
7243
7244
7245
7246
7247
7248
7249
7250
7251
7252
7253
7254
7255
7256
7257
7258
7259
7260
7261
7262
7263
7264
7265
7266
7267
7268
7269
7270
7271
7272
7273
7274
7275
7276
7277
7278
7279
7280
7281
7282
7283
7284
7285
7286
7287
7288
7289
7290
7291
7292
7293
7294
7295
7296
7297
7298
7299
7300
7301
7302
7303
7304
7305
7306
7307
7308
7309
7310
7311
7312
7313
7314
7315
7316
7317
7318
7319
7320
7321
7322
7323
7324
7325
7326
7327
7328
7329
7330
7331
7332
7333
7334
7335
7336
7337
7338
7339
7340
7341
7342
7343
7344
7345
7346
7347
7348
7349
7350
7351
7352
7353
7354
7355
7356
7357
7358
7359
7360
7361
7362
7363
7364
7365
7366
7367
7368
7369
7370
7371
7372
7373
7374
7375
7376
7377
7378
7379
7380
7381
7382
7383
7384
7385
7386
7387
7388
7389
7390
7391
7392
7393
7394
7395
7396
7397
7398
7399
7400
7401
7402
7403
7404
7405
7406
7407
7408
7409
7410
7411
7412
7413
7414
7415
7416
7417
7418
7419
7420
7421
7422
7423
7424
7425
7426
7427
7428
7429
7430
7431
7432
7433
7434
7435
7436
7437
7438
7439
7440
7441
7442
7443
7444
7445
7446
7447
7448
7449
7450
7451
7452
7453
7454
7455
7456
7457
7458
7459
7460
7461
7462
7463
7464
7465
7466
7467
7468
7469
7470
7471
7472
7473
7474
7475
7476
7477
7478
7479
7480
7481
7482
7483
7484
7485
7486
7487
7488
7489
7490
7491
7492
7493
7494
7495
7496
7497
7498
7499
7500
7501
7502
7503
7504
7505
7506
7507
7508
7509
7510
7511
7512
7513
7514
7515
7516
7517
7518
7519
7520
7521
7522
7523
7524
7525
7526
7527
7528
7529
7530
7531
7532
7533
7534
7535
7536
7537
7538
7539
7540
7541
7542
7543
7544
7545
7546
7547
7548
7549
7550
7551
7552
7553
7554
7555
7556
7557
7558
7559
7560
7561
7562
7563
7564
7565
7566
7567
7568
7569
7570
7571
7572
7573
7574
7575
7576
7577
7578
7579
7580
7581
7582
7583
7584
7585
7586
7587
7588
7589
7590
7591
7592
7593
7594
7595
7596
7597
7598
7599
7600
7601
7602
7603
7604
7605
7606
7607
7608
7609
7610
7611
7612
7613
7614
7615
7616
7617
7618
7619
7620
7621
7622
7623
7624
7625
7626
7627
7628
7629
7630
7631
7632
7633
7634
7635
7636
7637
7638
7639
7640
7641
7642
7643
7644
7645
7646
7647
7648
7649
7650
7651
7652
7653
7654
7655
7656
7657
7658
7659
7660
7661
7662
7663
7664
7665
7666
7667
7668
7669
7670
7671
7672
7673
7674
7675
7676
7677
7678
7679
7680
7681
7682
7683
7684
7685
7686
7687
7688
7689
7690
7691
7692
7693
7694
7695
7696
7697
7698
7699
7700
7701
7702
7703
7704
7705
7706
7707
7708
7709
7710
7711
7712
7713
7714
7715
7716
7717
7718
7719
7720
7721
7722
7723
7724
7725
7726
7727
7728
7729
7730
7731
7732
7733
7734
7735
7736
7737
7738
7739
7740
7741
7742
7743
7744
7745
7746
7747
7748
7749
7750
7751
7752
7753
7754
7755
7756
7757
7758
7759
7760
7761
7762
7763
7764
7765
7766
7767
7768
7769
7770
7771
7772
7773
7774
7775
7776
7777
7778
7779
7780
7781
7782
7783
7784
7785
7786
7787
7788
7789
7790
7791
7792
7793
7794
7795
7796
7797
7798
7799
7800
7801
7802
7803
7804
7805
7806
7807
7808
7809
7810
7811
7812
7813
7814
7815
7816
7817
7818
7819
7820
7821
7822
7823
7824
7825
7826
7827
7828
7829
7830
7831
7832
7833
7834
7835
7836
7837
7838
7839
7840
7841
7842
7843
7844
7845
7846
7847
7848
7849
7850
7851
7852
7853
7854
7855
7856
7857
7858
7859
7860
7861
7862
7863
7864
7865
7866
7867
7868
7869
7870
7871
7872
7873
7874
7875
7876
7877
7878
7879
7880
7881
7882
7883
7884
7885
7886
7887
7888
7889
7890
7891
7892
7893
7894
7895
7896
7897
7898
7899
7900
7901
7902
7903
7904
7905
7906
7907
7908
7909
7910
7911
7912
7913
7914
7915
7916
7917
7918
7919
7920
7921
7922
7923
7924
7925
7926
7927
7928
7929
7930
7931
7932
7933
7934
7935
7936
7937
7938
7939
7940
7941
7942
7943
7944
7945
7946
7947
7948
7949
7950
7951
7952
7953
7954
7955
7956
7957
7958
7959
7960
7961
7962
7963
7964
7965
7966
7967
7968
7969
7970
7971
7972
7973
7974
7975
7976
7977
7978
7979
7980
7981
7982
7983
7984
7985
7986
7987
7988
7989
7990
7991
7992
7993
7994
7995
7996
7997
7998
7999
8000
8001
8002
8003
8004
8005
8006
8007
8008
8009
8010
8011
8012
8013
8014
8015
8016
8017
8018
8019
8020
8021
8022
8023
8024
8025
8026
8027
8028
8029
8030
8031
8032
8033
8034
8035
8036
8037
8038
8039
8040
8041
8042
8043
8044
8045
8046
8047
8048
8049
8050
8051
8052
8053
8054
8055
8056
8057
8058
8059
8060
8061
8062
8063
8064
8065
8066
8067
8068
8069
8070
8071
8072
8073
8074
8075
8076
8077
8078
8079
8080
8081
8082
8083
8084
8085
8086
8087
8088
8089
8090
8091
8092
8093
8094
8095
8096
8097
8098
8099
8100
8101
8102
8103
8104
8105
8106
8107
8108
8109
8110
8111
8112
8113
8114
8115
8116
8117
8118
8119
8120
8121
8122
8123
8124
8125
8126
8127
8128
8129
8130
8131
8132
8133
8134
8135
8136
8137
8138
8139
8140
8141
8142
8143
8144
8145
8146
8147
8148
8149
8150
8151
8152
8153
8154
8155
8156
8157
8158
8159
8160
8161
8162
8163
8164
8165
8166
8167
8168
8169
8170
8171
8172
8173
8174
8175
8176
8177
8178
8179
8180
8181
8182
8183
8184
8185
8186
8187
8188
8189
8190
8191
8192
8193
8194
8195
8196
8197
8198
8199
8200
8201
8202
8203
8204
8205
8206
8207
8208
8209
8210
8211
8212
8213
8214
8215
8216
8217
8218
8219
8220
8221
8222
8223
8224
8225
8226
8227
8228
8229
8230
8231
8232
8233
8234
8235
8236
8237
8238
8239
8240
8241
8242
8243
8244
8245
8246
8247
8248
8249
8250
8251
8252
8253
8254
8255
8256
8257
8258
8259
8260
8261
8262
8263
8264
8265
8266
8267
8268
8269
8270
8271
8272
8273
8274
8275
8276
8277
8278
8279
8280
8281
8282
8283
8284
8285
8286
8287
8288
8289
8290
8291
8292
8293
8294
8295
8296
8297
8298
8299
8300
8301
8302
8303
8304
8305
8306
8307
8308
8309
8310
8311
8312
8313
8314
8315
8316
8317
8318
8319
8320
8321
8322
8323
8324
8325
8326
8327
8328
8329
8330
8331
8332
8333
8334
8335
8336
8337
8338
8339
8340
8341
8342
8343
8344
8345
8346
8347
8348
8349
8350
8351
8352
8353
8354
8355
8356
8357
8358
8359
8360
8361
8362
8363
8364
8365
8366
8367
8368
8369
8370
8371
8372
8373
8374
8375
8376
8377
8378
8379
8380
8381
8382
8383
8384
8385
8386
8387
8388
8389
8390
8391
8392
8393
8394
8395
8396
8397
8398
8399
8400
8401
8402
8403
8404
8405
8406
8407
8408
8409
8410
8411
8412
8413
8414
8415
8416
8417
8418
8419
8420
8421
8422
8423
8424
8425
8426
8427
8428
8429
8430
8431
8432
8433
8434
8435
8436
8437
8438
8439
8440
8441
8442
8443
8444
8445
8446
8447
8448
8449
8450
8451
8452
8453
8454
8455
8456
8457
8458
8459
8460
8461
8462
8463
8464
8465
8466
8467
8468
8469
8470
8471
8472
8473
8474
8475
8476
8477
8478
8479
8480
8481
8482
8483
8484
8485
8486
8487
8488
8489
8490
8491
8492
8493
8494
8495
8496
8497
8498
8499
8500
8501
8502
8503
8504
8505
8506
8507
8508
8509
8510
8511
8512
8513
8514
8515
8516
8517
8518
8519
8520
8521
8522
8523
8524
8525
8526
8527
8528
8529
8530
8531
8532
8533
8534
8535
8536
8537
8538
8539
8540
8541
8542
8543
8544
8545
8546
8547
8548
8549
8550
8551
8552
8553
8554
8555
8556
8557
8558
8559
8560
8561
8562
8563
8564
8565
8566
8567
8568
8569
8570
8571
8572
8573
8574
8575
8576
8577
8578
8579
8580
8581
8582
8583
8584
8585
8586
8587
8588
8589
8590
8591
8592
8593
8594
8595
8596
8597
8598
8599
8600
8601
8602
8603
8604
8605
8606
8607
8608
8609
8610
8611
8612
8613
8614
8615
8616
8617
8618
8619
8620
8621
8622
8623
8624
8625
8626
8627
8628
8629
8630
8631
8632
8633
8634
8635
8636
8637
8638
8639
8640
8641
8642
8643
8644
8645
8646
8647
8648
8649
8650
8651
8652
8653
8654
8655
8656
8657
8658
8659
8660
8661
8662
8663
8664
8665
8666
8667
8668
8669
8670
8671
8672
8673
8674
8675
8676
8677
8678
8679
8680
8681
8682
8683
8684
8685
8686
8687
8688
8689
8690
8691
8692
8693
8694
8695
8696
8697
8698
8699
8700
8701
8702
8703
8704
8705
8706
8707
8708
8709
8710
8711
8712
8713
8714
8715
8716
8717
8718
8719
8720
8721
8722
8723
8724
8725
8726
8727
8728
8729
8730
8731
8732
8733
8734
8735
8736
8737
8738
8739
8740
8741
8742
8743
8744
8745
8746
8747
8748
8749
8750
8751
8752
8753
8754
8755
8756
8757
8758
8759
8760
8761
8762
8763
8764
8765
8766
8767
8768
8769
8770
8771
8772
8773
8774
8775
8776
8777
8778
8779
8780
8781
8782
8783
8784
8785
8786
8787
8788
8789
8790
8791
8792
8793
8794
8795
8796
8797
8798
8799
8800
8801
8802
8803
8804
8805
8806
8807
8808
8809
8810
8811
8812
8813
8814
8815
8816
8817
8818
8819
8820
8821
8822
8823
8824
8825
8826
8827
8828
8829
8830
8831
8832
8833
8834
8835
8836
8837
8838
8839
8840
8841
8842
8843
8844
8845
8846
8847
8848
8849
8850
8851
8852
8853
8854
8855
8856
8857
8858
8859
8860
8861
8862
8863
8864
8865
8866
8867
8868
8869
8870
8871
8872
8873
8874
8875
8876
8877
8878
8879
8880
8881
8882
8883
8884
8885
8886
8887
8888
8889
8890
8891
8892
8893
8894
8895
8896
8897
8898
8899
8900
8901
8902
8903
8904
8905
8906
8907
8908
8909
8910
8911
8912
8913
8914
8915
8916
8917
8918
8919
8920
8921
8922
8923
8924
8925
8926
8927
8928
8929
8930
8931
8932
8933
8934
8935
8936
8937
8938
8939
8940
8941
8942
8943
8944
8945
8946
8947
8948
8949
8950
8951
8952
8953
8954
8955
8956
8957
8958
8959
8960
8961
8962
8963
8964
8965
8966
8967
8968
8969
8970
8971
8972
8973
8974
8975
8976
8977
8978
8979
8980
8981
8982
8983
8984
8985
8986
8987
8988
8989
8990
8991
8992
8993
8994
8995
8996
8997
8998
8999
9000
9001
9002
9003
9004
9005
9006
9007
9008
9009
9010
9011
9012
9013
9014
9015
9016
9017
9018
9019
9020
9021
9022
9023
9024
9025
9026
9027
9028
9029
9030
9031
9032
9033
9034
9035
9036
9037
9038
9039
9040
9041
9042
9043
9044
9045
9046
9047
9048
9049
9050
9051
9052
9053
9054
9055
9056
9057
9058
9059
9060
9061
9062
9063
9064
9065
9066
9067
9068
9069
9070
9071
9072
9073
9074
9075
9076
9077
9078
9079
9080
9081
9082
9083
9084
9085
9086
9087
9088
9089
9090
9091
9092
9093
9094
9095
9096
9097
9098
9099
9100
9101
9102
9103
9104
9105
9106
9107
9108
9109
9110
9111
9112
9113
9114
9115
9116
9117
9118
9119
9120
9121
9122
9123
9124
9125
9126
9127
9128
9129
9130
9131
9132
9133
9134
9135
9136
9137
9138
9139
9140
9141
9142
9143
9144
9145
9146
9147
9148
9149
9150
9151
9152
9153
9154
9155
9156
9157
9158
9159
9160
9161
9162
9163
9164
9165
9166
9167
9168
9169
9170
9171
9172
9173
9174
9175
9176
9177
9178
9179
9180
9181
9182
9183
9184
9185
9186
9187
9188
9189
9190
9191
9192
9193
9194
9195
9196
9197
9198
9199
9200
9201
9202
9203
9204
9205
9206
9207
9208
9209
9210
9211
9212
9213
9214
9215
9216
9217
9218
9219
9220
9221
9222
9223
9224
9225
9226
9227
9228
9229
9230
9231
9232
9233
9234
9235
9236
9237
9238
9239
9240
9241
9242
9243
9244
9245
9246
9247
9248
9249
9250
9251
9252
9253
9254
9255
9256
9257
9258
9259
9260
9261
9262
9263
9264
9265
9266
9267
9268
9269
9270
9271
9272
9273
9274
9275
9276
9277
9278
9279
9280
9281
9282
9283
9284
9285
9286
9287
9288
9289
9290
9291
9292
9293
9294
9295
9296
9297
9298
9299
9300
9301
9302
9303
9304
9305
9306
9307
9308
9309
9310
9311
9312
9313
9314
9315
9316
9317
9318
9319
9320
9321
9322
9323
9324
9325
9326
9327
9328
9329
9330
9331
9332
9333
9334
9335
9336
9337
9338
9339
9340
9341
9342
9343
9344
9345
9346
9347
9348
9349
9350
9351
9352
9353
9354
9355
9356
9357
9358
9359
9360
9361
9362
9363
9364
9365
9366
9367
9368
9369
9370
9371
9372
9373
9374
9375
9376
9377
9378
9379
9380
9381
9382
9383
9384
9385
9386
9387
9388
9389
9390
9391
9392
9393
9394
9395
9396
9397
9398
9399
9400
9401
9402
9403
9404
9405
9406
9407
9408
9409
9410
9411
9412
9413
9414
9415
9416
9417
9418
9419
9420
9421
9422
9423
9424
9425
9426
9427
9428
9429
9430
9431
9432
9433
9434
9435
9436
9437
9438
9439
9440
9441
9442
9443
9444
9445
9446
9447
9448
9449
9450
9451
9452
9453
9454
9455
9456
9457
9458
9459
9460
9461
9462
9463
9464
9465
9466
9467
9468
9469
9470
9471
9472
9473
9474
9475
9476
9477
9478
9479
9480
9481
9482
9483
9484
9485
9486
9487
9488
9489
9490
9491
9492
9493
9494
9495
9496
9497
9498
9499
9500
9501
9502
9503
9504
9505
9506
9507
9508
9509
9510
9511
9512
9513
9514
9515
9516
9517
9518
9519
9520
9521
9522
9523
9524
9525
9526
9527
9528
9529
9530
9531
9532
9533
9534
9535
9536
9537
9538
9539
9540
9541
9542
9543
9544
9545
9546
9547
9548
9549
9550
9551
9552
9553
9554
9555
9556
9557
9558
9559
9560
9561
9562
9563
9564
9565
9566
9567
9568
9569
9570
9571
9572
9573
9574
9575
9576
9577
9578
9579
9580
9581
9582
9583
9584
9585
9586
9587
9588
9589
9590
9591
9592
9593
9594
9595
9596
9597
9598
9599
9600
9601
9602
9603
9604
9605
9606
9607
9608
9609
9610
9611
9612
9613
9614
9615
9616
9617
9618
9619
9620
9621
9622
9623
9624
9625
9626
9627
9628
9629
9630
9631
9632
9633
9634
9635
9636
9637
9638
9639
9640
9641
9642
9643
9644
9645
9646
9647
9648
9649
9650
9651
9652
9653
9654
9655
9656
9657
9658
9659
9660
9661
9662
9663
9664
9665
9666
9667
9668
9669
9670
9671
9672
9673
9674
9675
9676
9677
9678
9679
9680
9681
9682
9683
9684
9685
9686
9687
9688
9689
9690
9691
9692
9693
9694
9695
9696
9697
9698
9699
9700
9701
9702
9703
9704
9705
9706
9707
9708
9709
9710
9711
9712
9713
9714
9715
9716
9717
9718
9719
9720
9721
9722
9723
9724
9725
9726
9727
9728
9729
9730
9731
9732
9733
9734
9735
9736
9737
9738
9739
9740
9741
9742
9743
9744
9745
9746
9747
9748
9749
9750
9751
9752
9753
9754
9755
9756
9757
9758
9759
9760
9761
9762
9763
9764
9765
9766
9767
9768
9769
9770
9771
9772
9773
9774
9775
9776
9777
9778
9779
9780
9781
9782
9783
9784
9785
9786
9787
9788
9789
9790
9791
9792
9793
9794
9795
9796
9797
9798
9799
9800
9801
9802
9803
9804
9805
9806
9807
9808
9809
9810
9811
9812
9813
9814
9815
9816
9817
9818
9819
9820
9821
9822
9823
9824
9825
9826
9827
9828
9829
9830
9831
9832
9833
9834
9835
9836
9837
9838
9839
9840
9841
9842
9843
9844
9845
9846
9847
9848
9849
9850
9851
9852
9853
9854
9855
9856
9857
9858
9859
9860
9861
9862
9863
9864
9865
9866
9867
9868
9869
9870
9871
9872
9873
9874
9875
9876
9877
9878
9879
9880
9881
9882
9883
9884
9885
9886
9887
9888
9889
9890
9891
9892
9893
9894
9895
9896
9897
9898
9899
9900
9901
9902
9903
9904
9905
9906
9907
9908
9909
9910
9911
9912
9913
9914
9915
9916
9917
9918
9919
9920
9921
9922
9923
9924
9925
9926
9927
9928
9929
9930
9931
9932
9933
9934
9935
9936
9937
9938
9939
9940
9941
9942
9943
9944
9945
9946
9947
9948
9949
9950
9951
9952
9953
9954
9955
9956
9957
9958
9959
9960
9961
9962
9963
9964
9965
9966
9967
9968
9969
9970
9971
9972
9973
9974
9975
9976
9977
9978
9979
9980
9981
9982
9983
9984
9985
9986
9987
9988
9989
9990
9991
9992
9993
9994
9995
9996
9997
9998
9999
10000
10001
10002
10003
10004
10005
10006
10007
10008
10009
10010
10011
10012
10013
10014
10015
10016
10017
10018
10019
10020
10021
10022
10023
10024
10025
10026
10027
10028
10029
10030
10031
10032
10033
10034
10035
10036
10037
10038
10039
10040
10041
10042
10043
10044
10045
10046
10047
10048
10049
10050
10051
10052
10053
10054
10055
10056
10057
10058
10059
10060
10061
10062
10063
10064
10065
10066
10067
10068
10069
10070
10071
10072
10073
10074
10075
10076
10077
10078
10079
10080
10081
10082
10083
10084
10085
10086
10087
10088
10089
10090
10091
10092
10093
10094
10095
10096
10097
10098
10099
10100
10101
10102
10103
10104
10105
10106
10107
10108
10109
10110
10111
10112
10113
10114
10115
10116
10117
10118
10119
10120
10121
10122
10123
10124
10125
10126
10127
10128
10129
10130
10131
10132
10133
10134
10135
10136
10137
10138
10139
10140
10141
10142
10143
10144
10145
10146
10147
10148
10149
10150
10151
10152
10153
10154
10155
10156
10157
10158
10159
10160
10161
10162
10163
10164
10165
10166
10167
10168
10169
10170
10171
10172
10173
10174
10175
10176
10177
10178
10179
10180
10181
10182
10183
10184
10185
10186
10187
10188
10189
10190
10191
10192
10193
10194
10195
10196
10197
10198
10199
10200
10201
10202
10203
10204
10205
10206
10207
10208
10209
10210
10211
10212
10213
10214
10215
10216
10217
10218
10219
10220
10221
10222
10223
10224
10225
10226
10227
10228
10229
10230
10231
10232
10233
10234
10235
10236
10237
10238
10239
10240
10241
10242
10243
10244
10245
10246
10247
10248
10249
10250
10251
10252
10253
10254
10255
10256
10257
10258
10259
10260
10261
10262
10263
10264
10265
10266
10267
10268
10269
10270
10271
10272
10273
10274
10275
10276
10277
10278
10279
10280
10281
10282
10283
10284
10285
10286
10287
10288
10289
10290
10291
10292
10293
10294
10295
10296
10297
10298
10299
10300
10301
10302
10303
10304
10305
10306
10307
10308
10309
10310
10311
10312
10313
10314
10315
10316
10317
10318
10319
10320
10321
10322
10323
10324
10325
10326
10327
10328
10329
10330
10331
10332
10333
10334
10335
10336
10337
10338
10339
10340
10341
10342
10343
10344
10345
10346
10347
10348
10349
10350
10351
10352
10353
10354
10355
10356
10357
10358
10359
10360
10361
10362
10363
10364
10365
10366
10367
10368
10369
10370
10371
10372
10373
10374
10375
10376
10377
10378
10379
10380
10381
10382
10383
10384
10385
10386
10387
10388
10389
10390
10391
10392
10393
10394
10395
10396
10397
10398
10399
10400
10401
10402
10403
10404
10405
10406
10407
10408
10409
10410
10411
10412
10413
10414
10415
10416
10417
10418
10419
10420
10421
10422
10423
10424
10425
10426
10427
10428
10429
10430
10431
10432
10433
10434
10435
10436
10437
10438
10439
10440
10441
10442
10443
10444
10445
10446
10447
10448
10449
10450
10451
10452
10453
10454
10455
10456
10457
10458
10459
10460
10461
10462
10463
10464
10465
10466
10467
10468
10469
10470
10471
10472
10473
10474
10475
10476
10477
10478
10479
10480
10481
10482
10483
10484
10485
10486
10487
10488
10489
10490
10491
10492
10493
10494
10495
10496
10497
10498
10499
10500
10501
10502
10503
10504
10505
10506
10507
10508
10509
10510
10511
10512
10513
10514
10515
10516
10517
10518
10519
10520
10521
10522
10523
10524
10525
10526
10527
10528
10529
10530
10531
10532
10533
10534
10535
10536
10537
10538
10539
10540
10541
10542
10543
10544
10545
10546
10547
10548
10549
10550
10551
10552
10553
10554
10555
10556
10557
10558
10559
10560
10561
10562
10563
10564
10565
10566
10567
10568
10569
10570
10571
10572
10573
10574
10575
10576
10577
10578
10579
10580
10581
10582
10583
10584
10585
10586
10587
10588
10589
10590
10591
10592
10593
10594
10595
10596
10597
10598
10599
10600
10601
10602
10603
10604
10605
10606
10607
10608
10609
10610
10611
10612
10613
10614
10615
10616
10617
10618
10619
10620
10621
10622
10623
10624
10625
10626
10627
10628
10629
10630
10631
10632
10633
10634
10635
10636
10637
10638
10639
10640
10641
10642
10643
10644
10645
10646
10647
10648
10649
10650
10651
10652
10653
10654
10655
10656
10657
10658
10659
10660
10661
10662
10663
10664
10665
10666
10667
10668
10669
10670
10671
10672
10673
10674
10675
10676
10677
10678
10679
10680
10681
10682
10683
10684
10685
10686
10687
10688
10689
10690
10691
10692
10693
10694
10695
10696
10697
10698
10699
10700
10701
10702
10703
10704
10705
10706
10707
10708
10709
10710
10711
10712
10713
10714
10715
10716
10717
10718
10719
10720
10721
10722
10723
10724
10725
10726
10727
10728
10729
10730
10731
10732
10733
10734
10735
10736
10737
10738
10739
10740
10741
10742
10743
10744
10745
10746
10747
10748
10749
10750
10751
10752
10753
10754
10755
10756
10757
10758
10759
10760
10761
10762
10763
10764
10765
10766
10767
10768
10769
10770
10771
10772
10773
10774
10775
10776
10777
10778
10779
10780
10781
10782
10783
10784
10785
10786
10787
10788
10789
10790
10791
10792
10793
10794
10795
10796
10797
10798
10799
10800
10801
10802
10803
0.4555891552096541 0.008143067499577324 0
1.655023497612319 0.4006172670905681 0
1.565000000001467 0.4013397459622033 0
1.485000000001736 0.4013397459622033 0
1.386263122996686 0.4014795978794297 0
1.315189059991853 0.4003671296429493 0
1.226489918748133 0.4014442111359278 0
0.5449999999986848 0.008660254037808146 0
0.8149999774605046 0.008660255483554889 0
1.914693094967584 0.4015169376654867 0
1.844349287814053 0.4015216050133001 0
1.764801874171279 0.4020408434105374 0
0.605032367042891 0.008854378160350495 0
0.6746309624731756 0.008126748932227307 0
0.7349999999981014 0.008660254037818914 0
0.8844828183868527 0.008438316780928894 0
0.9449532664426528 0.008633274355498417 0
1.166098098147325 0.4010766785326591 0
1.035551240396865 0.008110487052338116 0
1.105817039392759 0.3998970653420102 0
1.985369572556984 0.401341661405882 0
1.714999999998656 0.008448602839302552 0
1.434901954729523 0.009715241229019402 0
0.4949223489588652 0.4013639128427138 0
1.275000001590795 0.008550905289842481 0
1.614643976909676 0.008439021585246396 0
0.9850981122244677 0.40067541869841 0
1.525124506394198 0.008247770846040123 0
1.804999999991525 0.008660254025109672 0
0.7742643116543324 0.4015301686992762 0
1.354975072416 0.008573244475278605 0
0.8446441425046942 0.4015452042066764 0
0.6346445089122829 0.4018808875013244 0
1.885000000009686 0.008660254036907381 0
1.944975474611025 0.008259715901161174 0
0.5743961767863415 0.4016510522289287 0
0.7058519641680168 0.4009574686293793 0
0.915018783820689 0.4008565652434047 0
1.194968551194651 0.00806228421369861 0
1.134894364920181 0.007883993257760563 0
1.04563825204086 0.4002881666797777 0
2.191117631460712 0.2050555213385981 0
0.2577585605329378 0.2059516596400137 0
2.005053727314483 0.007954659921023559 0
0.435000000001195 0.4013397459621378 0
2.04500000000025 0.4016069121957018 0
0.3950109424610116 0.008102311345065611 0
1.704746110213007 0.4014349469944063 0
1.085603249110313 0.01022950921497269 0
1.435000000113421 0.4016688043028935 0
2.192405985253685 0.155160398367535 0
1.664999999998518 0.008660254037862662 0
2.190907480980994 0.2541722898434723 0
0.3846109943674241 0.4015669336818136 0
2.054359997236134 0.01007367954158029 0
0.2512419173522508 0.1720164340737738 0
0.3346552299498916 0.4004771740348381 0
0.3454636277403376 0.0083908900146063 0
0.2455821986069482 0.2367469894592636 0
2.192343834182092 0.3052429708172217 0
2.191561123639736 0.1049999999997527 0
0.1050708203741966 0.4021908248676544 0
0.008216884630659508 0.3049953598015097 0
2.094989140186538 0.4017618124849308 0
0.4949995200147438 0.008660431811323234 0
0.5357025159386871 0.4008395935037496 0
2.094999999999658 0.008433919967064822 0
1.5750000000326 0.008660254018053527 0
1.48500000029746 0.008660254138110481 0
1.274025402922973 0.4008997675145032 0
1.605000000087716 0.4013397459565364 0
1.765000000072719 0.008660254111489589 0
0.995024679812788 0.007983160995266168 0
1.524999999846116 0.4013397459583879 0
1.844999999993468 0.008660254034671827 0
1.315000000548969 0.008660254081360967 0
1.395000000378305 0.008660254111091205 0
0.7750000314889397 0.008660256862879533 0
1.234088330144985 0.008170078057556757 0
1.805386236694858 0.4018448162338848 0
0.3054841702242189 0.008357577201388038 0
0.008661089170456052 0.0950034219847395 0
0.2948930277874701 0.4015381021110003 0
0.1050862957729598 0.008822905616139836 0
0.1631469275527051 0.2449056522111046 0
0.1555124144495007 0.1643986381361444 0
0.2549933982343288 0.4013405622252128 0
0.26500408831248 0.008658260306400196 0
0.1449995399097264 0.4014017417379824 0
0.008356710054191094 0.2655254190746999 0
0.1449476327643017 0.007764960596695302 0
0.1949143683198098 0.2576780909098901 0
0.008658282764161222 0.1350038013620806 0
0.2276030296272317 0.1489147915551 0
0.215116451051164 0.4013170921314092 0
0.1442907852150035 0.2167554010695926 0
0.008659371607572909 0.1750070680788813 0
0.1942958040088918 0.1420844672119767 0
0.2249925339631153 0.008661145148091222 0
0.008659389571543014 0.2250068274165687 0
0.1852401535055755 0.00847127719843015 0
0.06425324252667458 0.4015940270754312 0
2.135653445493923 0.008283094438471132 0
2.190963645452488 0.344851990978833 0
0.06493678221869958 0.008691356821200388 0
0.2269020263398909 0.2505393469997525 0
0.1453265883424084 0.1833605841964767 0
0.1725421915836294 0.1486300532188477 0
0.008578853360336203 0.3451404819861805 0
2.190447263535405 0.06580057703248744 0
2.134864905925867 0.4006905870667758 0
0.1849934658102978 0.401340527957951 0
0.424960906678404 0.008751548030710836 0
0.4652219980482962 0.40168314372168 0
0.0083098158401438 0.06499478107133914 0
1.875000000000492 0.4013397459621776 0
0.6751604769562938 0.4017593571110675 0
0.8749999795880306 0.4013397497850151 0
1.345088262013396 0.401834798285845 0
0.8052551060505243 0.4014870261714669 0
1.97499999998839 0.008660254039201955 0
1.194739579046359 0.4004173051009618 0
0.956687853892889 0.4008031271062129 0
1.954418755409258 0.4020420630455564 0
1.914999999991788 0.008039629346796031 0
0.8550000177136692 0.008660251112850138 0
1.014319112751945 0.4013357496909771 0
0.9151388714075736 0.008069246942261164 0
0.7040004159632097 0.009052954980328605 0
0.6354205173812308 0.008050940517805612 0
0.5749999999985693 0.008660254037815117 0
1.734173220197462 0.4007722973427346 0
2.015092289237343 0.4019676047145593 0
1.164553452180121 0.008402438940030095 0
0.6037491140996974 0.4006288527768776 0
1.135492164674737 0.4016846970274332 0
0.7353234555833456 0.4019690243640973 0
1.075196623579198 0.4016461518236864 0
0.007941980289012007 0.03576029593685962 0
2.191339745962127 0.3749999999998956 0
0.03530412423737177 0.4023865417438295 0
2.166267456330358 0.009139305865788361 0
0.03427239480064928 0.008574076339992685 0
0.008391766767433379 0.3749997852227042 0
2.165000000000012 0.4013397459621597 0
2.191220707403046 0.03480848625149518 0
0.2450009976080402 0.008662990717772677 0
0.2050000193504903 0.008577341005405 0
0.008572235378155699 0.1950029724132168 0
0.008660254037859562 0.155000000000415 0
0.1638451335158006 0.008181031584848604 0
0.2349905395498137 0.4020216249687649 0
0.1250956337714282 0.009131584784968587 0
0.08499960883131708 0.008338524736962177 0
0.1650067523650987 0.4013389128112535 0
0.008060489672843708 0.2449998626774994 0
0.1250035536803607 0.4013416354971318 0
0.08464916828389193 0.4005121329703614 0
0.2845528879729431 0.008448034321750472 0
0.3649999538953868 0.008417590817003355 0
0.3249999999993854 0.008660254037815429 0
0.3141806350691036 0.4015175614134192 0
0.2749839634740139 0.4013267862493306 0
0.3534858300451416 0.4005019320752469 0
0.4050000000011147 0.40133974596213 0
0.008658803699210231 0.2849971280036231 0
0.008661188601080849 0.1150053416217843 0
0.5148705302301553 0.008433455604423833 0
0.4749977321372352 0.008659962431791049 0
0.00808670209735758 0.3240135047327292 0
0.5150651231075178 0.4004485908141236 0
2.192594648894347 0.2270544379648609 0
1.626685587258452 0.4009548140172518 0
2.074947151685208 0.008062850680601979 0
1.684541870346558 0.4013793736491743 0
1.415237426479816 0.4010904126192301 0
1.454554733298075 0.4015968208134997 0
1.25502432702305 0.4010196967428107 0
1.785000000031141 0.00866025404793919 0
1.595009092653344 0.008126160370041898 0
2.191513809869899 0.1752098319880959 0
2.065000000004296 0.4013397459612176 0
1.695495031217217 0.008374447630528605 0
1.504999999998113 0.008208905306573398 0
2.191445662540532 0.2748165471045033 0
2.03571300615415 0.009757084939940755 0
2.191426492541609 0.1248497505167461 0
1.295073444154723 0.4021482894846043 0
2.114720615780938 0.008498951483934253 0
1.364769351673082 0.4010042470697681 0
1.054999999997161 0.008660254037826895 0
1.50500000017704 0.4013397459469137 0
1.414821662900722 0.00855729219686612 0
2.191233086230619 0.08427980353240708 0
0.7949999866990524 0.008486189225635425 0
1.334999999530033 0.008660254056845621 0
0.8350000154548394 0.008647839322895048 0
2.191530099211533 0.3250056199821858 0
1.554999999998242 0.008660254037862662 0
1.255148082226572 0.008384203109820377 0
1.455000001904073 0.008660255709509505 0
1.824999999966214 0.00866025403124583 0
1.295000002058772 0.008660255238150501 0
0.9352297125368418 0.4015747213035065 0
1.114046450267751 0.008784917456771955 0
1.935847556340226 0.4012584464763918 0
1.215000001451708 0.008660254317754352 0
0.8250000000021697 0.4013466201974709 0
1.786481625749888 0.4014179798929973 0
0.6561301949897078 0.4013014802037283 0
0.8964355720985706 0.4004617647807517 0
0.5550000000014857 0.4013397459621378 0
1.635195235915466 0.006889262296653242 0
0.9748520151529833 0.008745693318594074 0
1.544999999763386 0.4018348667005828 0
1.374967324730336 0.008679608376582538 0
0.755000114589073 0.008660322223408594 0
1.014299250728114 0.008474730362151794 0
1.585000000139995 0.4013397459125731 0
0.6549999181498429 0.008660256638644783 0
1.824983006990861 0.4015757508231048 0
1.895000000004277 0.4016633228156579 0
1.745000000040216 0.00861752667364209 0
2.115302205327325 0.400841478293286 0
0.7549639345597638 0.4016244091010781 0
1.865000000004964 0.008530859773485312 0
0.007772904654869223 0.3948837256956594 0
0.008644616012161642 0.01463719093984853 0
2.191563036955971 0.3946132486537555 0
2.18435769901799 0.008814463600422534 0
0.2589296686107309 0.1959524724972746 0
0.26673641044686 0.2014317203207487 0
0.2656676975280975 0.2116731300558562 0
0.2748129951117029 0.2073844008690911 0
0.2756748132064674 0.1972960045060006 0
0.2837985284948619 0.2032785690690605 0
0.2847672443555598 0.1934829570087459 0
0.292796955350244 0.1992675450825923 0
0.2918276686387738 0.2090573129572318 0
0.300804888490434 0.2050050410945044 0
0.3017714326144934 0.1952012604803138 0
0.3097854273914106 0.200941805686869 0
0.3107508786432401 0.1911280419484071 0
0.3187725693902753 0.1968725652014865 0
0.317802151334847 0.2066941382535319 0
0.3267979167555277 0.2026266682713388 0
0.3277663303254811 0.192795676799199 0
0.3358001070051483 0.1985465220805583 0
0.3348293564096477 0.208386625864151 0
0.3438376668401362 0.2043045500744929 0
0.3448062355213995 0.1944603114992204 0
0.3528506091061035 0.2002215722246225 0
0.3538186950389809 0.1903707159842982 0
0.3618694661746437 0.1961355841589709 0
0.3608973097952003 0.2059920295301636 0
0.3699222839198522 0.201901816702119 0
0.3708927017404999 0.1920426077131279 0
0.3788170031152225 0.1980034409121934 0
0.3779578774453019 0.2077072938279018 0
0.3869893820623383 0.2036274507852363 0
0.3879346620961335 0.1939559388464248 0
0.3960476166177683 0.1995167615859173 0
0.3950768154561169 0.2093829204263822 0
0.4041248296836206 0.2052731205550849 0
0.405095219417633 0.1953952823222949 0
0.4131700311160713 0.2011734814649372 0
0.4141415507507744 0.1912880203088351 0
0.4222205990876985 0.1970719574191897 0
0.4212232462843667 0.2069785533918393 0
0.4302612434538692 0.2029144371540181 0
0.4312640595220834 0.1929722872236471 0
0.4393504867351323 0.1987639495764759 0
0.4383409494406513 0.2087144290462138 0
0.4474368081338339 0.2045572588919068 0
0.4484150769593952 0.1946479042586986 0
0.4565059419386095 0.2004396499887328 0
0.4574791332147384 0.1905339647439186 0
0.4655723929999754 0.1963278838621658 0
0.4645985069819014 0.2062312252462635 0
0.4736666127578831 0.2021218535331667 0
0.4746398151618043 0.1922142268173831 0
0.4825280304652781 0.1983034336583714 0
0.4817281321917086 0.2079677491454283 0
0.4907956206961835 0.2038667899959883 0
0.4914486978640157 0.194560763205827 0
0.4998437959980374 0.1998158680657381 0
0.4989190980112606 0.2096421178697721 0
0.5079991494177454 0.2055223119446531 0
0.5089729561730081 0.1956024887309003 0
0.5170904746095085 0.2013807683094891 0
0.5180618073569546 0.1914636761030709 0
0.5261702571260993 0.1972633361213812 0
0.5251965373765284 0.2071861918628595 0
0.5342781815018813 0.2030691416459739 0
0.535251781230787 0.1931435862010478 0
0.5433615053380285 0.1989489787892331 0
0.5423871718339791 0.208876385363519 0
0.5514719398934391 0.2047558190615265 0
0.5524457001476862 0.1948275705926489 0
0.5605576785846657 0.2006350605270059 0
0.5615312899880736 0.1907053157652093 0
0.5696447267604007 0.1965135885327488 0
0.5686397128033254 0.2064683410295871 0
0.5777376494517081 0.202353223776764 0
0.5787327459399176 0.1923905249340864 0
0.5865750256348456 0.1985822245330537 0
0.5857762096346263 0.2082781739659282 0
0.5948862921070712 0.204122055581776 0
0.5954702704136068 0.1949403754520712 0
0.6039651246880875 0.2000494981144295 0
0.6030369469328047 0.209891909124126 0
0.6121516054148187 0.2057373313537444 0
0.6131295270457217 0.1957954000650513 0
0.6212647283545397 0.2015784582658756 0
0.6222379930160389 0.1916425880061987 0
0.630360929411668 0.1974496602167399 0
0.6293862719836002 0.2073883031145622 0
0.6384815528951114 0.2032630015825544 0
0.6394561092874734 0.1933228746765702 0
0.6475773977060386 0.1991365129794993 0
0.6466026090603698 0.209077257051085 0
0.6556990458635956 0.2049507463035356 0
0.6566735658985104 0.1950096139732586 0
0.6647959205912912 0.200824154499978 0
0.6657703279164163 0.1908823536986845 0
0.6738933776889704 0.1966972473385707 0
0.672918512388602 0.2066396193056123 0
0.6820166686457412 0.2025125982566997 0
0.6829912688573273 0.1925696537234641 0
0.690788592171975 0.1988415445605766 0
0.6900857581605725 0.2084053013877233 0
0.6991759855411155 0.2042902173582856 0
0.699058642913403 0.1926732011708403 0
0.7080377235009083 0.1996074601383444 0
0.7073033966701311 0.2099552068649277 0
0.7164038654699598 0.2058015937070784 0
0.7173257264901487 0.195723989706262 0
0.7255438476391278 0.2017245309808328 0
0.7252060887596321 0.1933415383270882 0
0.7340285487743384 0.1956713295739423 0
0.7335807866602045 0.2072455336183331 0
0.7426671267349649 0.2030677373485688 0
0.7440964205544864 0.1925980481828966 0
0.7519273122112518 0.199106315269592 0
0.7509030311052044 0.2091684110493162 0
0.7600231044289864 0.2050863071992836 0
0.7609946776755818 0.1951915791191527 0
0.7691224858050492 0.2010006556459338 0
0.7700968777105311 0.191060468372466 0
0.7782244210955789 0.1968782365631364 0
0.7772493960044803 0.2068258772658141 0
0.7863519611536013 0.2026981592866244 0
0.7873268811962263 0.1927501532314276 0
0.7954548390891523 0.1985684692889201 0
0.7944798241148247 0.2085169090684161 0
0.8035830057780615 0.204387012903836 0
0.8045579688236828 0.1944384223393127 0
0.8126863471156887 0.2002570701312428 0
0.8136612728192218 0.1903082476891048 0
0.8217898822414964 0.1961270127795627 0
0.8208148450556025 0.206076041245486 0
0.8299185969701675 0.2019459472860656 0
0.8314014011297314 0.1912831632826159 0
0.8392606860360581 0.1974809837197232 0
0.8380870896987478 0.2077094457612408 0
0.8471978788313466 0.2035697914759825 0
0.8486187617067056 0.1932881432074743 0
0.8563455594666253 0.1994273948844074 0
0.8553034187205222 0.2094305264320548 0
0.8644038573978171 0.2053069600756778 0
0.8653782387060686 0.1953581743057401 0
0.8734957535751322 0.2011877964057771 0
0.8744686801449274 0.1912396004147736 0
0.8825959407724088 0.1970610897634486 0
0.881620445042556 0.2070116192221095 0
0.8907244070207716 0.202881764992884 0
0.8916992684022379 0.1929314226879002 0
0.8998289262140832 0.1987512593056993 0
0.8988537796701239 0.2087018425021571 0
0.9079586567521629 0.2045710807244201 0
0.9089337678594618 0.1946204683242163 0
0.9170637389631309 0.2004402338173772 0
0.9180388060837616 0.1904895271447203 0
0.9261688963987061 0.1963093307020988 0
0.9251937646637789 0.2062601284814883 0
0.9342990344668768 0.2021292026570076 0
0.9353775950511511 0.1921298016951415 0
0.9434298287829816 0.1980081962055067 0
0.9424334517694636 0.207950938219791 0
0.9515396049792713 0.2038201708011589 0
0.9525229869649237 0.1938871460945198 0
0.9606431760318936 0.1996907625705095 0
0.9596663446065321 0.2096392208691994 0
0.9687712979226681 0.2055079159437201 0
0.9697463004680138 0.1955566627063037 0
0.9778763954777544 0.2013762543159655 0
0.9788512512252399 0.1914247169792662 0
0.9869818614315169 0.1972448668430312 0
0.9860074689318284 0.2071978863137479 0
0.9951124041918451 0.2030651920901176 0
0.9963812055086755 0.1931201077789619 0
1.004240161860112 0.1989544012284876 0
1.003244646096257 0.208888468832846 0
1.012352805707206 0.2047579744574208 0
1.01334458155337 0.1948464152688679 0
1.021458829537152 0.2006306698788979 0
1.020479608427459 0.2105742390395287 0
1.029586196532161 0.2064442755668311 0
1.03056143089668 0.1964928822331901 0
1.038691700016174 0.2023121009747361 0
1.039666745156315 0.1923602946081568 0
1.047797503344807 0.1981804085190851 0
1.046822345278016 0.2081320703082866 0
1.055928335734235 0.2040006771792003 0
1.056903438905894 0.1940488884736824 0
1.06503436375826 0.1998692330255431 0
1.064059230076255 0.2098210422291623 0
1.073165318665581 0.2056896207020891 0
1.074140450949577 0.195737798656634 0
1.082271431752406 0.2015581999764476 0
1.083246559603726 0.1916063480053068 0
1.091377571789271 0.1974267651857689 0
1.090402432496584 0.2073786279703247 0
1.099508597345305 0.2032472038626534 0
1.100483739516351 0.1932953046546519 0
1.108614789608258 0.1991157441184158 0
1.107639647205213 0.2090676802224898 0
1.116745861799668 0.2049362110439905 0
1.117721002986594 0.194984249585509 0
1.125852098160158 0.2008047289681276 0
1.126802219641262 0.1908876900567815 0
1.134929167595295 0.1967140059126129 0
1.133978575788274 0.2066325560474637 0
1.143083801679309 0.2025017260386791 0
1.144412287675474 0.1928771543433453 0
1.152290071944936 0.1985212148204617 0
1.151234945088125 0.2083424402278783 0
1.160345037386799 0.2042139543008406 0
1.161587898967649 0.1944465545893213 0
1.169483914335235 0.2000923969942849 0
1.168458108016039 0.2100032986544936 0
1.177572891523676 0.2058786271545365 0
1.178539592397055 0.1959196701481388 0
1.186672206863339 0.2017413637185439 0
1.187646179600049 0.1917882971185203 0
1.195777438057653 0.1976088884458729 0
1.194802293730998 0.207561012304417 0
1.203908485109871 0.2034293108802874 0
1.204883538849393 0.1934770962045862 0
1.213014778144492 0.1992976705021764 0
1.212039643604022 0.2092498358053262 0
1.221146026961914 0.2051182528103911 0
1.222121178900599 0.1951660883381054 0
1.230252437528307 0.2009866773573696 0
1.231227587335376 0.1910345014095997 0
1.239358856456484 0.1968550959031506 0
1.238383701759064 0.2068072814493046 0
1.247490130052343 0.2026756980571584 0
1.248465282070889 0.1927235032909586 0
1.256491783503781 0.1986904881102759 0
1.25560394390921 0.2085207131774882 0
1.264707481413023 0.2043931834343851 0
1.265683831117808 0.1948226852395638 0
1.273827715257478 0.2003062271647658 0
1.272854656927873 0.2102022696625271 0
1.28196560797218 0.2060537401868306 0
1.28293966488219 0.1961136966737789 0
1.291071889373417 0.2019241664075123 0
1.292047013030589 0.1919722694116632 0
1.300178476076956 0.1977912605382371 0
1.299203384023376 0.207742768436471 0
1.308309849470915 0.2036112840022189 0
1.30928500031884 0.1936590518533623 0
1.317416337425718 0.1994795886016184 0
1.31644118368701 0.2094317970764541 0
1.32554766914595 0.205300181937654 0
1.32652282572772 0.1953479309392436 0
1.334654158772972 0.2011685640797196 0
1.335629315727665 0.1912163011082188 0
1.343760654052957 0.1970369428942691 0
1.342785495054037 0.2069892109156826 0
1.351891994475042 0.2028575911244049 0
1.352867152553405 0.1929053173108334 0
1.360998497721667 0.1987259638151688 0
1.360023338274721 0.2086782428465696 0
1.369129844981581 0.2045466144166784 0
1.370105003053311 0.1945943333258209 0
1.378236354025235 0.2004149856489544 0
1.379211511600401 0.1904627011090997 0
1.387342866154022 0.1962833552925823 0
1.386367706902798 0.2062356428906909 0
1.395474222224758 0.2021040119764614 0
1.396449380654203 0.1921517211980789 0
1.404398424781768 0.198227070634472 0
1.40357519377748 0.2079671227598349 0
1.41267665140057 0.2038425625132345 0
1.412951115144228 0.192429027531299 0
1.421690025347941 0.1994343707398005 0
1.42081612336287 0.2095841172125411 0
1.429923999863467 0.2054392957671932 0
1.430899384231806 0.1954847966607875 0
1.439056516110877 0.2013504270902028 0
1.440027381555702 0.1913906286003347 0
1.4481623299841 0.1972175388474448 0
1.447187766236324 0.2071708854459217 0
1.456294277608441 0.2030392124554984 0
1.457269434443792 0.193086898572198 0
1.465400949321535 0.1989078132732975 0
1.464425766150601 0.208860083953388 0
1.473532320284885 0.204728475051003 0
1.474507483301395 0.1947761684400276 0
1.482638859451208 0.2005968375922064 0
1.483614019627746 0.1906445245243097 0
1.491745397276631 0.1964651952616511 0
1.490770348530696 0.2064175188523704 0
1.499876776300052 0.2022858665775031 0
1.500851936326024 0.1923335496829271 0
1.508747805019727 0.1984832274130398 0
1.507969021716 0.2081614273551009 0
1.517068935309572 0.2040388604505197 0
1.517865773296603 0.1948224031397794 0
1.526176265903966 0.1999872137041778 0
1.525230968815996 0.2098302079030763 0
1.534347514070407 0.205679109672325 0
1.535319436449942 0.1957381257236772 0
1.543459167558053 0.2015322748601261 0
1.54417593610491 0.191943398372903 0
1.552265647163643 0.1978202271526558 0
1.551540541449574 0.2074228842811229 0
1.560638752762151 0.2033028923927303 0
1.561395533953285 0.1941498535312849 0
1.569747801008201 0.1992500649821735 0
1.568809453467313 0.2090823140133326 0
1.577926119530958 0.2049342293392641 0
1.578899400916511 0.1949887224672276 0
1.587041581911004 0.2007786816508488 0
1.587736793138052 0.1912200454502327 0
1.595823322535078 0.197101218764608 0
1.595118882822115 0.2066750613108168 0
1.604216380585179 0.2025560118729132 0
1.605254681302954 0.1925153809978221 0
1.61361879942668 0.1988869256599997 0
1.612439224690025 0.2083949394404635 0
1.621560973655605 0.2042663009892802 0
1.622792465818086 0.1953339800560542 0
1.630681239161958 0.2002316096642204 0
1.629665646927131 0.2100300920959716 0
1.638767741187472 0.2058889662678488 0
1.63974215904486 0.1959350557339096 0
1.647865945397478 0.2017282518965475 0
1.648490797810956 0.1922585073006134 0
1.656562537709353 0.1981550380027242 0
1.655926351578418 0.2076325809262561 0
1.665021074095419 0.2035148706826721 0
1.665169330744004 0.1921678307717926 0
1.673996956515814 0.1989762028614102 0
1.673183240434436 0.2091932313899211 0
1.682294923629017 0.2050378587480501 0
1.683281130873816 0.1950821322320626 0
1.691439860214279 0.2009537158693695 0
1.692085508956666 0.1914556240408311 0
1.700166540054796 0.1973604960904842 0
1.699510970590187 0.2068686721042918 0
1.708607478430186 0.2027527318477893 0
1.708888605108875 0.1914906477561596 0
1.717651843405139 0.1982976061264324 0
1.716778423613968 0.2084507128985631 0
1.725891571233392 0.2042986094629199 0
1.726899345902952 0.1943136617703937 0
1.735026858309902 0.200206923918336 0
1.73404690866234 0.2101525981062116 0
1.743157455198204 0.2060264957685509 0
1.744137541547139 0.1960844750046721 0
1.75226536440325 0.2018973015246062 0
1.753240750987375 0.1919453754251191 0
1.761371588553295 0.1977648167694969 0
1.760396334432675 0.2077169460061573 0
1.769502820215898 0.203585119419399 0
1.77048570729331 0.1936498089442345 0
1.778610625588974 0.1994562110671391 0
1.77763438480428 0.2094061675983267 0
1.786740969974049 0.2052745745927861 0
1.787716135849303 0.1953222479796999 0
1.795847357362355 0.2011425459064268 0
1.796822490241648 0.191190146516348 0
1.80495385257644 0.1970107548181963 0
1.803978685702585 0.2069630794776398 0
1.813085231882391 0.2028314004590004 0
1.814060391129177 0.1928790590085506 0
1.822191784420725 0.1986997351347955 0
1.821216622652231 0.2086520713662222 0
1.830323179406207 0.2045204150579505 0
1.831298340482731 0.194568077237046 0
1.839429736739483 0.2003887597923035 0
1.840404897890549 0.1904364220565443 0
1.848536294436248 0.1962571051255945 0
1.847561133126074 0.2062094426575232 0
1.856667690879466 0.2020777879298951 0
1.858112884777953 0.191992934092354 0
1.865889825956 0.1980061242819134 0
1.864818350616793 0.2079084692472913 0
1.87392811906243 0.2037784818457219 0
1.874907190970643 0.193862539897882 0
1.88302034671605 0.1996451168631729 0
1.882042145246031 0.2095911037346178 0
1.891145808294203 0.20545810562706 0
1.892119994168346 0.1955049620941765 0
1.90025073220141 0.2013248104415164 0
1.901225320161562 0.1913718534573412 0
1.90935681271305 0.1971926400783937 0
1.908381667358633 0.2071449953591044 0
1.917488148700941 0.2030132576934359 0
1.918463275467067 0.1930608822718157 0
1.926594678316581 0.19888157200808 0
1.925619517963058 0.2088339112888048 0
1.934726071759011 0.2047022516353703 0
1.935701230971584 0.1947499111081533 0
1.943832628500543 0.200570595085759 0
1.944807789511339 0.1906182564194652 0
1.952939186745704 0.1964389400708666 0
1.951964025350268 0.2063912783927994 0
1.961070583609758 0.2022596229515258 0
1.962045745216259 0.1923072851390255 0
1.970177142498338 0.1981279687829998 0
1.969201981368767 0.2080803057811328 0
1.978308539908991 0.2039486523742918 0
1.979283701213353 0.1939963140323517 0
1.987415098603365 0.1998169978130902 0
1.986439937261024 0.2097693364224807 0
1.988390259920534 0.1898646592698771 0
1.995546496009236 0.2056376816668599 0
1.994571334653181 0.2155900203235658 0
2.003696956448029 0.2114317348443041 0
2.002705909268799 0.2214062657667694 0
2.011832060629888 0.2172472405224684 0
2.010838454063415 0.2272253469036688 0
2.001728822222057 0.2313612946113472 0
2.019944594686273 0.2230942763561446 0
2.020915849830956 0.2131473944686804 0
2.018965884192623 0.2330515732037568 0
2.028072187108501 0.2289202759813138 0
2.027097001029546 0.2388726493402678 0
2.036203513222415 0.2347410597883425 0
2.035228339923951 0.2446934153316358 0
2.044334889150373 0.2405617740808572 0
2.043359724153282 0.2505141180602215 0
2.034253164508854 0.2546457738232552 0
2.04238455884801 0.260466462473579 0
2.033277999659591 0.2645981158840228 0
2.051491118347469 0.2563348069445246 0
2.05051595637698 0.2662871467488713 0
2.059586515904303 0.2622057826041418 0
2.058641354039013 0.2721162127953565 0
2.067710913616803 0.2680362455929867 0
2.066770585102643 0.2779399237041331 0
2.075876783163329 0.2738087731831552 0
2.076810099574358 0.2640866092445034 0
2.074907367057635 0.2837530862015232 0
2.065801765407394 0.2878834035132705 0
2.073934219620029 0.2937026099205377 0
2.064827996090413 0.2978337945786146 0
2.083040955447985 0.2895707097992046 0
2.082066159526733 0.2995225363990827 0
2.0453100488958 0.2306094374337491 0
2.091121448354037 0.2954625071598045 0
2.090189164089587 0.305354947665409 0
2.099242963185295 0.3012969980304135 0
2.098317514979019 0.3111798887677044 0
2.089220897941719 0.3152976538863935 0
2.107423566458553 0.3070489432095758 0
2.108729150040993 0.2974866937739504 0
2.106456605925109 0.3169898259522493 0
2.115564447444269 0.3128563797258204 0
2.11459086652143 0.3228065110519113 0
2.123697903002038 0.3186741894600966 0
2.122723084515334 0.3286260496716076 0
2.113616582288089 0.3327576249001654 0
2.121748126442988 0.338578104889421 0
2.112641600945843 0.3427097126176561 0
2.130854710200885 0.3344464157629083 0
2.129879586721373 0.3443987020713117 0
2.138986156522625 0.3402670324621651 0
2.138011003138776 0.3502193605615973 0
2.147117565642824 0.3460877011644168 0
2.148092727588213 0.3361353610856996 0
2.146142406062124 0.356040037936572 0
2.137035846927741 0.3601716926078469 0
2.124673143941792 0.3087217390927489 0
1.829348017902378 0.2144727520103372 0
2.092299637961368 0.2857954544604007 0
1.820241460118611 0.2186044061900924 0
1.828372856272646 0.224425088827285 0
1.819266298484185 0.2285567432108013 0
1.827397694962334 0.2343774263847815 0
1.818291137067805 0.2385090807376232 0
1.826422533558994 0.244329763831848 0
1.817315975695274 0.2484614183950195 0
1.825447372448536 0.254282101466294 0
1.816340814296422 0.2584137562104336 0
1.824472211380349 0.2642344392291737 0
1.815365652877176 0.26836609409495 0
1.82349704976637 0.274186777600183 0
1.814390491469911 0.278318432137906 0
1.832603608328388 0.2700551226689359 0
1.831628446693504 0.2800074611697218 0
1.840735005272542 0.2758758062842716 0
1.839759843571781 0.285828144137424 0
1.848866402333429 0.2816964897807598 0
1.847891241170991 0.2916488269450982 0
1.856997799544005 0.2875171733478435 0
1.806259094591769 0.2724977486337359 0
1.805283932961718 0.2824500860431989 0
1.797152536380068 0.2766294030567983 0
1.796177374727763 0.2865817403495383 0
1.788045978255249 0.2807610575099012 0
1.787070816720286 0.2907133949544093 0
1.778939419344855 0.2848927123085571 0
1.777964258709455 0.2948450494799326 0
1.769832860932665 0.2890243672160794 0
1.76885770074808 0.2989767039100926 0
1.760726304015571 0.293156021095964 0
1.79520221449676 0.2965340766153082 0
1.856022638527057 0.2974695112181446 0
1.865129196994261 0.2933378569215033 0
1.759751143069226 0.3031083582443362 0
1.751619746600202 0.2972876750651952 0
1.750644585215455 0.307240012309591 0
1.742513188932118 0.3014193292622013 0
1.864154035269516 0.3032901950837959 0
1.873260594080529 0.2991585408952491 0
1.855047478212217 0.307421846929922 0
1.741538027581152 0.3113716666423504 0
1.733406631271383 0.3055509835364464 0
1.872285433307233 0.3091108774878294 0
1.881391991328069 0.3049792239192352 0
1.767882540132615 0.3089290405939932 0
1.882367152762068 0.2950268861781997 0
1.890498550110681 0.3008475700033065 0
1.889523389255568 0.3107999070901928 0
1.898629947552524 0.3066682538674087 0
1.899605109051371 0.2967159150827514 0
1.907736506302153 0.3025365993148966 0
1.732431469940495 0.3155033208379293 0
1.724300073762879 0.3096826376564452 0
1.725275235005255 0.2997303005856782 0
1.716168677692038 0.3038619547971509 0
1.715193516400284 0.313814291517684 0
1.707062120577163 0.3079936085683568 0
1.708037281849321 0.2980412720405858 0
1.698930724933379 0.3021729258280099 0
1.697955563582223 0.3121252622896877 0
1.689824168110178 0.3063045796412546 0
1.688849006750456 0.3162569159353523 0
1.680717611436425 0.3104362331552193 0
1.681692772833624 0.3004838971800446 0
1.672586216365549 0.3046155506945724 0
1.671611054942316 0.3145678863376972 0
1.663479660139967 0.308747203852979 0
1.664454821555365 0.2987948685960489 0
1.655348265695201 0.3029265217016409 0
1.654373104169424 0.3128788568688755 0
1.646241709941989 0.3070581747424977 0
1.906761344937336 0.3124889380923067 0
1.915867903810198 0.3083572832613249 0
1.91684306522987 0.2984049442850217 0
1.924974462717478 0.3042256283458408 0
1.92594962406994 0.2942732894459248 0
1.934081021624624 0.3000939734386152 0
1.933105860274529 0.310046312309844 0
1.942212419231474 0.3059146573697253 0
1.645266548434953 0.3170105098150475 0
1.637135154329864 0.3111898275694001 0
1.638110315811655 0.3012374929338315 0
1.629003760525813 0.3053691457372557 0
1.62802859812893 0.3153214802525002 0
1.619897205405096 0.309500798038981 0
1.620872367075448 0.2995484643654594 0
1.611765812436796 0.3036801168931709 0
1.610790651026919 0.3136324496342957 0
1.6026592583521 0.3078117685216939 0
1.603634419760408 0.2978594358743805 0
1.594527866062237 0.3019910875854891 0
1.593552704487742 0.3119434201642298 0
1.585421312478908 0.3061227393477139 0
1.584446150887443 0.3160750716815176 0
1.576314759189272 0.3102543905297883 0
1.577289920879646 0.3003020588707134 0
1.568183368015541 0.3044337100503035 0
1.567208206263837 0.3143860410099917 0
1.559076815658814 0.3085653604774465 0
1.560051977395396 0.2986130303383239 0
1.550945425810768 0.3027446806445308 0
1.549970263835379 0.3126970105995371 0
1.541838874448537 0.3068763308150558 0
1.540863712499934 0.3168286605693735 0
1.532732323387205 0.3110079805260045 0
1.533707485271616 0.30105565171174 0
1.524600934915062 0.3051873013742911 0
1.523625772185667 0.3151396299180229 0
1.515494385154258 0.3093189503047153 0
1.516469547252107 0.2993666232698974 0
1.50736299829831 0.3034982723496762 0
1.506387836486002 0.31345059766718 0
1.498256450493417 0.3076299195307143 0
1.499231612195887 0.297677595040558 0
1.490125065296052 0.3018092421998452 0
1.489149903211403 0.3117615665615185 0
1.481018518576706 0.3059408895853067 0
1.480043356475002 0.3158932135026695 0
1.471911972442884 0.3100725357802387 0
1.47288713480931 0.3001202132725651 0
1.46378058955138 0.3042518594322468 0
1.462805427028836 0.3142041804884251 0
1.454674045324878 0.3083835040109166 0
1.455649207841911 0.298431184659413 0
1.446542665194254 0.3025628289942582 0
1.44556750220022 0.3125151479491614 0
1.437436122998231 0.3066944730242798 0
1.436460960084124 0.3166467916097395 0
1.428329581445671 0.3108261160911242 0
1.429304744277001 0.3008737994849831 0
1.420198204184825 0.3050054424084637 0
1.41922304229262 0.3149577512602301 0
1.411091664698324 0.309137079859265 0
1.412066828511461 0.2991847702420268 0
1.402960291272425 0.3033164118263247 0
1.401985125331661 0.3132687170842211 0
1.393853756034879 0.3074480493554956 0
1.394828919259321 0.2974957418455307 0
1.385722386199443 0.3016273810123541 0
1.384747223115348 0.3115796874665747 0
1.376615854302473 0.3057590189914285 0
1.375640691222149 0.3157113240257079 0
1.36750932431393 0.3098906542666842 0
1.368484478769317 0.2999383644642268 0
1.359377958561958 0.3040699896888937 0
1.35840279584396 0.3140222865059104 0
1.35027143346848 0.3082016197907469 0
1.351246597188371 0.2982493241078776 0
1.342140073625251 0.3023809552218018 0
1.341164909679457 0.3123332502669502 0
1.333033551610797 0.3065125870772849 0
1.332058387623603 0.3164648805165631 0
1.323927031487218 0.3106442152203616 0
1.324902196161462 0.3006919260550497 0
1.315795678732713 0.3048235541641078 0
1.3148205136476 0.3147758388908372 0
1.306689164489375 0.3089551774812222 0
1.307664329542293 0.2990028978754034 0
1.298557820119132 0.3031345205276685 0
1.297582653628331 0.3130867988832203 0
1.289451312097711 0.3072661421843637 0
1.288476145802067 0.3172184193976603 0
1.280344805835306 0.3113977609985947 0
1.281319971888679 0.3014454895442725 0
1.272213469941367 0.3055771080228483 0
1.27123829168752 0.3155293773110397 0
1.263106970273324 0.309708719596861 0
1.264082137187029 0.2997564611056239 0
1.254975645665306 0.3038880758858457 0
1.254000473654848 0.3138403198426779 0
1.245869158827437 0.308019679411104 0
1.246844325373459 0.2980674341623349 0
1.237737845082709 0.3021990378983918 0
1.236762678115391 0.3121512813346918 0
1.228631366901607 0.3063306421481535 0
1.227656199193653 0.3162828816116734 0
1.219524892506085 0.3104622382744863 0
1.220500035104698 0.3005100440575616 0
1.211393590118553 0.3046416013978522 0
1.21041842209382 0.3145938300393912 0
1.202287131556309 0.3087731928157171 0
1.203262300476165 0.2988209798420727 0
1.194155848472443 0.302952564634946 0
1.193180676721572 0.3129047715435623 0
1.185049400648774 0.3070841465706597 0
1.184074228747957 0.3170363516526139 0
1.175942956450243 0.3112157229897971 0
1.176918127944905 0.3012635304674403 0
1.167811692986439 0.3053951060600442 0
1.166836507113583 0.3153472950690023 0
1.158705265939269 0.3095266705763911 0
1.159680457152743 0.2995744792527444 0
1.150574026734685 0.3037060664167542 0
1.14959885443 0.31365821286726 0
1.141467623742606 0.3078376112305434 0
1.142442793347395 0.2978854744426511 0
1.133336404253173 0.3020170204441792 0
1.132361229627389 0.3119691520221509 0
1.124230020609692 0.3061485676589967 0
1.123254847440483 0.3161006863718269 0
1.115123651152518 0.3102800943813198 0
1.116098824979201 0.3003279960803603 0
1.106992469817346 0.3044595221149746 0
1.106017291412624 0.3144116115666852 0
1.097886127601348 0.3085910339951195 0
1.098861303812642 0.2986389705857189 0
1.089754973594445 0.3027704720399861 0
1.088779797026136 0.312722526557317 0
1.080648656593305 0.3069019760976836 0
1.07967347701374 0.316854018304818 0
1.07154235013994 0.3110334562657833 0
1.072517530155018 0.3010814370403783 0
1.063411236543903 0.3052129292370441 0
1.062436058367636 0.3151649058431653 0
1.054304973209562 0.309344371284662 0
1.055280149012198 0.299392418184165 0
1.046173912240149 0.3035238615041603 0
1.045198725709785 0.3134758081215417 0
1.037067682128269 0.3076553077529678 0
1.036092496868335 0.3176072409145581 0
1.027961468111144 0.3117867240240492 0
1.028936653609273 0.3018348125575233 0
1.019830483294887 0.3059662171812997 0
1.018855291070409 0.3159179918026681 0
1.010724275686541 0.310097540978749 0
1.011699482710454 0.3001457687287478 0
1.002593423354767 0.3042770439137612 0
1.001618114595395 0.3142288967236551 0
0.9934872483801831 0.3084084617387254 0
0.9944625305172146 0.2984566211902561 0
0.9853564104724729 0.302588052743236 0
0.9843811778048448 0.3125397939177306 0
0.9762503538930206 0.3067193883881936 0
0.9752751211191153 0.3166711043321998 0
0.9671443108058535 0.3108506732385386 0
0.9681195719094657 0.3008989916860822 0
0.9590135513624036 0.3050302968383076 0
0.9580381990546499 0.3149819370144264 0
0.9499075746658289 0.309161510012334 0
0.9508828486991221 0.2992099374211706 0
0.9417769208756217 0.3033412199089593 0
0.9408016392367615 0.3132926066238375 0
0.9326710777747509 0.3074723564567759 0
0.9336462975420667 0.297520955568203 0
0.9245405257460116 0.3016520943982701 0
0.9235652987018619 0.311603474848124 0
0.9154347697274559 0.3057832342013038 0
0.9144595382099439 0.3157345810723551 0
0.9063290526804986 0.3099142941381443 0
0.9073042984760484 0.2999630398029242 0
0.8981986402020599 0.3040940989322187 0
0.8972233778578019 0.3140453161868744 0
0.889093057871474 0.3082250892797453 0
0.890068305692266 0.2982740120056533 0
0.8809628171227297 0.3024049541553975 0
0.8799875325814649 0.312355969464863 0
0.8718573559199814 0.3065358698513842 0
0.8708820777579245 0.3164868703427741 0
0.8627519363753993 0.3106667291449948 0
0.8637272104956766 0.3007158542602234 0
0.8546218850546583 0.3048467045137713 0
0.8536465725978198 0.3147974800668664 0
0.8455166628334541 0.3089774379088014 0
0.8464919043610888 0.2990268118116662 0
0.837386807747115 0.3031575883045933 0
0.8364115414700388 0.3131079925998597 0
0.8282818293116662 0.3072881067894974 0
0.8292570883127455 0.2973378036534597 0
0.8201522278898143 0.3014683343518822 0
0.8191769385727474 0.3114185907843066 0
0.8110474302939141 0.3055988986650319 0
0.810072138818357 0.315549021421336 0
0.801942763683988 0.3097292577511952 0
0.8029174925687279 0.2997801272719475 0
0.7938134632430126 0.3039098333926852 0
0.7928381996068211 0.3138594146680299 0
0.7847091193745914 0.3080398518363896 0
0.7856844471423667 0.2980903470696774 0
0.7765802049903866 0.3022204307225392 0
0.7756048679149596 0.3121698951729551 0
0.7674760714465211 0.306350559370968 0
0.7665007212719465 0.3162999156568547 0
0.7583720513933039 0.3104804490476343 0
0.7593474444360645 0.3005313651151577 0
0.7502435959027361 0.3046612503264799 0
0.749268196172628 0.3146100067996032 0
0.741139957447984 0.3087908228148001 0
0.7421153663657891 0.2988423632564911 0
0.733012034643259 0.3029718935526554 0
0.7320365301226545 0.3129202855512715 0
0.7239087910089169 0.3071013684564359 0
0.7229333007473653 0.3170496881406168 0
0.7148056716813921 0.3112306584548441 0
0.715781145440173 0.3012827212826572 0
0.7066783078517039 0.3054119799566055 0
0.7057020103218214 0.3153598014341513 0
0.6975755832494777 0.3095407931003743 0
0.6985512418574836 0.2995936919999376 0
0.6894489364222235 0.3037226993427957 0
0.6884730437172941 0.3136688918572124 0
0.6803470064769999 0.3078509910686472 0
0.6813225346305178 0.2979046998468254 0
0.6722210346370644 0.3020330044684617 0
0.6712454668879462 0.3119791988553508 0
0.6631196498363384 0.3061613604284734 0
0.662144049035156 0.3161072995677745 0
0.6540185214197884 0.3102891997310106 0
0.6549942091998318 0.3003438327025973 0
0.6458934418599052 0.3044716519939754 0
0.6449176499775271 0.3144167917522716 0
0.6367931253731026 0.3085990539015054 0
0.6377688458071145 0.2986547738990918 0
0.6286690721536899 0.3027818564467106 0
0.6276933276879391 0.3127258877171271 0
0.6195696103562763 0.3069088073749157 0
0.6185936401529476 0.3168525632307896 0
0.6104703292435391 0.3110353431745128 0
0.6114462283796632 0.3010924035455275 0
0.6023475819695326 0.3052189074916783 0
0.6013699862571713 0.3151615789608644 0
0.593249245943287 0.309344458143643 0
0.5942252847312988 0.2994032990425456 0
0.5851280485673489 0.3035292697998214 0
0.5841522851782543 0.3134686703465539 0
0.5760316475328837 0.3076535728581607 0
0.5770074592571852 0.2977143426752187 0
0.5679116078827601 0.3018392787917933 0
0.5669356808547386 0.3117779340459562 0
0.5588161102123379 0.3059636722269583 0
0.5578401803219644 0.3159019549078927 0
0.5497213913101301 0.3100868262193199 0
0.5506934558078398 0.3001553719768769 0
0.5416031116637861 0.3042739988320969 0
0.5406270369513341 0.3142098431857659 0
0.5325107996005201 0.3083954512515792 0
0.5334869484646088 0.2984606836201235 0
0.5243950663450397 0.3025822516170047 0
0.5234190067849749 0.3125166119955355 0
0.5153041705780591 0.3067037180542069 0
0.5143272585121172 0.316637377272606 0
0.5062134790360355 0.3108242525272559 0
0.5071902128101793 0.3008923887458633 0
0.4981009197193764 0.3050128905780378 0
0.4971204603321564 0.3149444897740095 0
0.4890124040967014 0.3091314133932248 0
0.489989331880577 0.2992033956501123 0
0.4809032971483272 0.3033228439087745 0
0.4799266318740548 0.3132480223974266 0
0.4718197521930208 0.3074390051345141 0
0.4727956303139306 0.297515336173943 0
0.4637132243811696 0.3016310740618573 0
0.4627370932705114 0.3115542934171296 0
0.4546319333473017 0.305747452638838 0
0.4536546576736072 0.3156685702652826 0
0.4455520449805686 0.3098605471081202 0
0.4465257065411679 0.2999445302796794 0
0.4374506746939804 0.3040570918308663 0
0.4364737791792545 0.3139715448672039 0
0.4283765991873619 0.3081668051362784 0
0.4293529960238235 0.2982553071825199 0
0.420281848833341 0.3023643629145653 0
0.4193044996689639 0.312275267612884 0
0.4112108963025747 0.306473329662526 0
0.4102318772200871 0.3163824546373344 0
0.4021407610792068 0.3105792795302211 0
0.403102890576971 0.3006867924448956 0
0.3940462147413409 0.3047892272025723 0
0.3930662647487023 0.3146877632905752 0
0.384988631319323 0.3088846687644136 0
0.3859565618083022 0.2989987114433657 0
0.3769087013474177 0.3030928080682206 0
0.3759323537342695 0.3129775151914159 0
0.3678581689989491 0.3071845585223792 0
0.3688355985522779 0.2973030756018143 0
0.3597881249668462 0.3013961283928056 0
0.3588097901016257 0.31127658326969 0
0.3507434167602046 0.3054908260797549 0
0.3497652536016183 0.315367657960029 0
0.34170170589794 0.3095800093826178 0
0.3428539394075866 0.299514330016723 0
0.3337581740053322 0.3035648078635675 0
0.3326619573578182 0.3136655203361897 0
0.3246240895336107 0.3078376759489447 0
0.3257918993015003 0.2975540325052068 0
0.3166832268525024 0.3018153872988127 0
0.3155949380657946 0.3118968053738647 0
0.3075527063021917 0.3061252527927867 0
0.3065519509911071 0.3160172793852843 0
0.2985027806853398 0.3102522084773598 0
0.3085640628581256 0.2960516723687111 0
1.935056182939844 0.2901416346443688 0
0.2975159766310522 0.320110004249544 0
0.2894687909713771 0.3143446689999721 0
1.941237257884592 0.3158669962872272 0
1.950343816921136 0.3117353413000198 0
0.2884350346387359 0.3241942501515263 0
0.2804322694372468 0.318417461486695 0
1.740562866293883 0.3213240041307542 0
1.949368655571051 0.3216876802670522 0
1.958475214625543 0.3175560252765184 0
1.959450375966063 0.3076036862930045 0
1.96758177369009 0.313424370272878 0
0.281420924945042 0.3085683025012922 0
0.2723951925365229 0.3126463203931434 0
0.2714139401279692 0.3224993826595412 0
0.2633712823372454 0.3167223736691556 0
0.2623822334190704 0.3265624330373261 0
0.2543434048179112 0.3207950686568946 0
1.966606612367398 0.323376709270293 0
1.975713171462038 0.3192450542559086 0
1.752594907967083 0.2873353375547385 0
1.926924785423343 0.2843209506385269 0
1.936031344243126 0.2801892958610369 0
1.968556935006123 0.3034720312862486 0
0.3055206536332672 0.3259044432803442 0
1.940262096499174 0.3258193352523339 0
0.2533506090704449 0.3306298555223194 0
0.2453132649417917 0.3248686094848832 0
1.974738010133697 0.3291973933051642 0
1.983844569270948 0.3250657382619387 0
1.857972961224208 0.2775648347305764 0
0.2442359079211517 0.3346954997183064 0
0.2362756573052556 0.3289360067312367 0
0.2733792354555116 0.3027997188028742 0
0.2372717699185029 0.3190907034395979 0
0.2282409136334186 0.3231623148854191 0
0.2272443852900209 0.3329935546992895 0
0.2192105816797451 0.3272300768806987 0
0.2182278984964401 0.3370915985121233 0
0.2101844931612593 0.3313050722502689 0
1.982869407928769 0.3350180773682939 0
1.991975967096669 0.3308864223058985 0
1.779914581601952 0.2749403742338033 0
1.927899946758125 0.2743686119661716 0
1.937006505542182 0.270236957127001 0
1.992951128432999 0.3209340831708584 0
2.001082526288651 0.3267547672111873 0
0.2612934035445669 0.3364293094200233 0
1.973762848757497 0.3391497324160772 0
2.000107364983843 0.336707106351688 0
2.00921392415031 0.3325754512812995 0
0.2111718909372047 0.3214508170409138 0
0.2021423405408285 0.3255177019946814 0
0.2011521994317382 0.3353738189280772 0
0.1931085835127959 0.3295837915934681 0
0.1921165919157413 0.3394446092202947 0
0.1840760081307494 0.3336506882161569 0
0.1850689509917411 0.323794040222591 0
0.1760390833764233 0.3278583439962225 0
0.177034567915676 0.3180052761034022 0
0.1680023118696578 0.3220650468626771 0
0.1669941035444638 0.3319183242958896 0
0.1589675898871052 0.3261283765187403 0
0.1599703528510116 0.316269554297694 0
0.150928635628882 0.3203277413410031 0
0.1499161826673598 0.3301705200706556 0
0.1418939364357761 0.3243709284437509 0
0.1428916433186876 0.3145213904065632 0
0.1338546876413318 0.3185703701097805 0
0.1348543169400685 0.3087178654294238 0
0.1258115570680524 0.3127729958338701 0
0.1268137250472887 0.3029136311588855 0
0.1177752409258577 0.3069638375753939 0
0.1187749135373704 0.2971078341362991 0
0.1097311454926091 0.3011651949438199 0
0.1107389254618678 0.2913046999458395 0
0.1087999306271639 0.3111127655186878 0
0.1016923267699865 0.295359124432945 0
0.1026969467275503 0.2854975286236972 0
0.09364789870209772 0.2895560639852231 0
0.09466133460351639 0.2796938968704362 0
0.1329607549059593 0.3285369557376381 0
0.08560238814794342 0.2837510033823979 0
0.08661629649387936 0.2738797587725712 0
0.08460263791952165 0.2936408361369091 0
0.09567065519621046 0.2698275805651158 0
0.08762560663757935 0.2640097539404616 0
0.07756066879138229 0.2779407744284473 0
0.09667486699598205 0.2599662370072185 0
0.08863806970043887 0.2541514430046414 0
2.010189085482888 0.3226231121095314 0
2.018320483370409 0.3284437961727585 0
2.017345322078626 0.3383961353151007 0
2.026451881291921 0.3342644802317443 0
0.1197840194852598 0.2872521796257419 0
1.835529091949099 0.240198109046342 0
2.02547671998898 0.3442168194165038 0
2.034583279238777 0.3400851643016551 0
0.09767693856495713 0.2500964442052427 0
0.08964770389087214 0.2442902014599891 0
0.08060626520821741 0.2483441549214241 0
0.08161939568720727 0.2384864101941321 0
0.09065891552923069 0.2344340118555432 0
0.08263452117375658 0.2286311513087907 0
0.0916726343710054 0.2245848483249292 0
0.08364899436369963 0.2187804224407014 0
0.07462232500151264 0.2228275532077371 0
0.07565231635453593 0.2129743982940791 0
0.084670311797561 0.2089270123292735 0
0.0766681883210316 0.2031205863595846 0
0.08569001197424275 0.199075590463496 0
0.07768788354763649 0.1932698235194699 0
0.08670651193466587 0.1892253000990294 0
0.07870061154651307 0.1834202095778313 0
0.08775241657294949 0.1793826842645462 0
0.07972332474162729 0.1735734486732702 0
0.08877688049315632 0.1695349590409724 0
0.08073857505054061 0.1637255019390152 0
0.08983260934030049 0.1596441054498956 0
0.08176239416057256 0.1538690298335153 0
0.09088672524543345 0.1497870895542156 0
0.08278391985205995 0.1440141267184469 0
0.09189370629078819 0.1399528772708974 0
0.08380050137917655 0.1341609821488094 0
0.09284689976605767 0.1301151087546421 0
0.08480538025205488 0.1243036134424351 0
0.09385183655090031 0.1202593521088134 0
0.08581899185014108 0.114438878719595 0
0.09489745301369831 0.1103900126705173 0
0.0868414115254716 0.1045653024475036 0
0.09592721235596743 0.1005140574411589 0
0.0878633700926347 0.0946855019025812 0
0.09693377234532326 0.09063165184677711 0
0.1050045517028737 0.09645123494143953 0
0.1060058053952923 0.08658032419247265 0
0.114054936753862 0.09239506818167716 0
0.1150672985729245 0.0825310413267563 0
0.1231073187899793 0.08835655947180021 0
0.08888090166613459 0.08480073656462772 0
0.124132696230196 0.07848553763867734 0
0.1321696569692385 0.08430617470439331 0
0.1220816618760551 0.09822726084307476 0
0.1331950471434833 0.07443777414368813 0
0.1412317729869154 0.08025399263660767 0
0.07980534250533833 0.08885864868378014 0
0.0808267767095017 0.07896535264966641 0
0.07573456006962456 0.1283859881329706 0
0.1422541299500548 0.07038635916978078 0
0.1502863011040995 0.07620943841817844 0
0.1492648123439891 0.0860703547734655 0
0.1583159992889454 0.08202773594047574 0
0.159340567436534 0.07216695686142732 0
0.1673688056668039 0.07798745407724111 0
0.116121745951784 0.07263858310076581 0
0.07174076877959545 0.08303023427762389 0
0.07276434247821331 0.07312464759128312 0
0.1683960459643033 0.06812823744414369 0
0.1764204442385999 0.07395012103528918 0
0.07167089372142162 0.1678401509351552 0
0.1009184076045334 0.1359056178109422 0
0.1753980182589388 0.08380275888785545 0
0.1844434723799964 0.07977016453574383 0
0.1854733179275726 0.06991341259665786 0
0.1934949207886462 0.07573804772631682 0
0.1945291117847724 0.06587854340568466 0
0.202548485382805 0.07170628038463454 0
0.2015152427954322 0.08155868051361513 0
0.2105626303398225 0.0775304488452806 0
0.2095226562527705 0.08737590672777185 0
0.218556233504738 0.08335405371411614 0
0.2196075519817713 0.07350492355131312 0
0.2276078998972354 0.07933100024493092 0
0.2286589170117064 0.06947695116927309 0
0.2366685458951518 0.07530550584284641 0
0.2356007592145913 0.08515712576737346 0
0.2446734054130325 0.08113393934971563 0
0.2436164460009222 0.09097756053337532 0
0.2526803017394388 0.08695582214419055 0
0.2516310733237058 0.09680919462342913 0
0.2606873523691078 0.09278163904375307 0
0.261731773184436 0.08293410005793561 0
0.269738864421427 0.08876227007052551 0
0.2686940790256143 0.0986104079142399 0
0.277745757705572 0.09459248375448942 0
0.2766965385223422 0.1044394503453464 0
0.2857523189812773 0.1004243975224464 0
0.2867974132185522 0.0905762613308205 0
0.2948090935804591 0.09641403563715223 0
0.2937493607218463 0.106256870598697 0
0.3028248036399064 0.1022420795032946 0
0.3038527389168699 0.09237968718368794 0
0.3118961039055511 0.09822542854888733 0
0.3108319369626417 0.1080792742092912 0
0.3199165363847497 0.1040664509511179 0
0.320976531526834 0.09420009050897128 0
0.3290033961901382 0.1000545406444789 0
0.330060423522466 0.09017469187549097 0
0.3380903062197092 0.09603074113333793 0
0.337032217959388 0.105913958470021 0
0.3461196035805911 0.1018900157446404 0
0.3471805289812156 0.09200321672813606 0
0.3552143304204662 0.09786560661910325 0
0.3562751706727895 0.0879745857063472 0
0.3643127767039957 0.09383951204450067 0
0.3632502830452472 0.1037322522563537 0
0.3723515976650296 0.09970754249416035 0
0.3734123059459067 0.08981267311311596 0
0.3814530022530176 0.09568218019134167 0
0.3803907778839098 0.105579585877592 0
0.3894961277141486 0.1015521563310704 0
0.3905618261566686 0.0916584406766353 0
0.3986047284145179 0.09752464789152633 0
0.3975389979050195 0.107426662817202 0
0.4066476507796051 0.103398217559858 0
0.4077151943428044 0.09349307559736554 0
0.4157623533715198 0.09937117753210417 0
0.4168289955268811 0.08946190426337584 0
0.4248773745004232 0.09534085978608337 0
0.4238100598678254 0.105251276003686 0
0.4329256085366817 0.1012212735445427 0
0.4339949703242255 0.09130905158451454 0
0.4420456238142264 0.09719054283518615 0
0.4431150210341744 0.08727662972885246 0
0.4511677547966793 0.09316033245303681 0
0.4501089747127696 0.1030852117595403 0
0.4592204865817403 0.09904525135000757 0
0.4602922513589243 0.08912947524937716 0
0.4683458973785315 0.09501507574984959 0
0.4672815063098436 0.1049403231454476 0
0.4764036998581492 0.1009036507136402 0
0.4774739641317335 0.09098467443823434 0
0.4855297164515286 0.09687053994382315 0
0.4844587142154021 0.1067919527075498 0
0.4935869527754345 0.1027609758606374 0
0.4946587491439035 0.09283678414789727 0
0.5027174402485669 0.09872894994544641 0
0.5037896646036378 0.08880297920658597 0
0.5118487229497649 0.0946950072762545 0
0.5107751099291109 0.1046209336145429 0
0.5199082450231755 0.1005881566721542 0
0.5209822064845818 0.09066150413834308 0
0.5290424488215455 0.09655464482526947 0
0.5279678527263538 0.1064821542484559 0
0.5371025899363886 0.1024489632980661 0
0.5381776710419713 0.09252043442238289 0
0.5462390230084382 0.09841578279749219 0
0.5473140719308915 0.0884861543435934 0
0.5553764121756541 0.09438214584960307 0
0.5543009311773318 0.104312230946246 0
0.5634390662480926 0.1002789803641183 0
0.5645139786143852 0.09034854456819368 0
0.5725775387781028 0.09624517978161441 0
0.5715018440323396 0.1061768143818522 0
0.5806411794964791 0.1021430470202601 0
0.5817164197231181 0.09221025678220419 0
0.5897810788485348 0.09810870636362418 0
0.5887046192155929 0.1080415378752677 0
0.5978449509150796 0.1040075102546277 0
0.5989218087076821 0.09407409373698493 0
0.6069862199326163 0.09997349071442321 0
0.6080631655917315 0.09003939068427957 0
0.6161281618532438 0.09593915559629725 0
0.6150509613030214 0.1058735405584844 0
0.6241933429926509 0.1018394329769856 0
0.625270609455863 0.09190462232897305 0
0.6333360254707132 0.09780486938588782 0
0.6322585667158004 0.107740078837926 0
0.6414016577060975 0.1037056745152615 0
0.6424791693253731 0.09376998460705512 0
0.6505452067977466 0.09967119316679997 0
0.6516228235857282 0.08973499312685486 0
0.6596890981573884 0.09563651356658524 0
0.6586111591351785 0.1055725240099728 0
0.6677553369020353 0.1015382345752474 0
0.6688334886749209 0.09160167898058859 0
0.6769000811627488 0.09750353498819216 0
0.6758236346926152 0.1074429066050646 0
0.6849678483022412 0.1034074957022149 0
0.6860452160595335 0.0934687722657785 0
0.6941122598785474 0.09937141546356644 0
0.6951904442319156 0.08943345456592831 0
0.703257671250779 0.09533624150042852 0
0.7021794732342017 0.1052743092643874 0
0.7113250746626232 0.1012393167685897 0
0.7124035789527792 0.09130117837072706 0
0.720471071234247 0.09720424091919788 0
0.719392406757804 0.1071425409058573 0
0.72853850290369 0.1031075576648964 0
0.7296173417286719 0.09316902882841788 0
0.737685058622764 0.09907260827680257 0
0.738763901526172 0.08913381424258179 0
0.74683186528865 0.09503754564212452 0
0.7457529451020419 0.1049764978277907 0
0.754899783853705 0.1009412112895105 0
0.7559787956123598 0.09100232547653407 0
0.7640469280438664 0.0969062631728962 0
0.762967410664925 0.1068448766000726 0
0.7721150142868659 0.1028104204285421 0
0.7731941754172761 0.09287103852992194 0
0.7812625630761613 0.09877547851769937 0
0.7823416379087094 0.08883577234616657 0
0.7904100490463657 0.0947401824144312 0
0.7893308553738372 0.1046798962190451 0
0.7984785111361618 0.1006447091095106 0
0.7995577563573286 0.09070493123540375 0
0.8076262733256302 0.09660945535070031 0
0.8065469678196107 0.1065493123437432 0
0.8156947610130778 0.1025141023489951 0
0.8167741598983167 0.09257412922336877 0
0.8248427948920575 0.09847890536639599 0
0.8259221944563717 0.08853879682194778 0
0.833990952978122 0.09444365872074775 0
0.8329115376903695 0.1043838535996264 0
0.8420597504610164 0.1003486236682396 0
0.8431392088988567 0.09040836015147499 0
0.8512080369334858 0.09631332115006035 0
0.8501285479772085 0.1062536495141586 0
0.8592769383449508 0.1022184653910555 0
0.8603564237276333 0.09227797962062487 0
0.8684253993138681 0.09818320535285947 0
0.8695049043348347 0.08824261265786361 0
0.8775738872656813 0.09414781432332252 0
0.876494317772135 0.1040884064838271 0
0.8856429017950394 0.1000530774577728 0
0.8867225064978554 0.09011246203253305 0
0.8947915500858572 0.09601772433020338 0
0.8937119052887017 0.1059583815426761 0
0.9028606202722864 0.1019230612633144 0
0.9039402691717122 0.09198233634408966 0
0.9120093964476783 0.09788773166819741 0
0.9130890605072708 0.08794693640931937 0
0.9211582138906708 0.09385237869024993 0
0.9201006837567516 0.1037194713948156 0
0.929219250251737 0.09971872714310372 0
0.9303057114288211 0.08981051012810687 0
0.9383747111978227 0.09571489719461185 0
0.9373016178069059 0.1056470271778003 0
0.9464461055820728 0.1016240515109161 0
0.947525050510346 0.09168515131549647 0
0.9555945143782465 0.09759266355562335 0
0.9545148511548135 0.1075329615332917 0
0.963663777841521 0.1034981553898034 0
0.9647435550642642 0.09355724635433091 0
0.9728128236726161 0.09946290113257986 0
0.9738926308419551 0.08952185406507408 0
0.9819619391800334 0.09542752123295396 0
0.9808821382427966 0.1053686015880928 0
0.9900312678215077 0.1013332170635337 0
0.9911110868580605 0.09139212789038305 0
0.9991804243073515 0.09729781881158416 0
0.998100595470292 0.1072389286371912 0
1.00724975478059 0.1032035401869769 0
1.008329609781698 0.0932624033878181 0
1.016398972622304 0.09916815648495787 0
1.017478830308223 0.08922698626014951 0
1.025548221798211 0.09513275853543278 0
1.024468356411088 0.1050739466263981 0
1.033617624179819 0.1010385548440233 0
1.034697495264451 0.09109735000068675 0
1.0427669058983 0.09700314486051793 0
1.041687028455835 0.1069443663743688 0
1.050836311694972 0.1029089623309181 0
1.051916207510336 0.09296772187744873 0
1.059985635448378 0.0988735609784306 0
1.061065533276666 0.08893229778760907 0
1.069134980728965 0.09483815033963564 0
1.068055077807936 0.1047794251637359 0
1.077127387779627 0.1005693325416343 0
1.078271500304135 0.09077361872151822 0
1.086338819577582 0.09667463385743429 0
1.084505822276467 0.106449853805558 0
1.093999956629723 0.1026531332152187 0
1.095430134952102 0.09267395231406543 0
1.103497282090558 0.09857560712740804 0
1.10464614119956 0.08863762632613334 0
1.112708434409951 0.09454305427892527 0
1.111644810531201 0.1044706106649694 0
1.120789698936048 0.1004471291063582 0
1.121868903182074 0.09050772579875767 0
1.129940249719812 0.09641365981565619 0
1.128860586917868 0.1063550703376028 0
1.138010491137671 0.1023200805386255 0
1.139090299692731 0.09237863126953917 0
1.147159923066403 0.09828464358803357 0
1.146079997149558 0.1082260284568229 0
1.15522945850166 0.104190614974524 0
1.156309403783672 0.0942492255134932 0
1.1643789308106 0.1001551953854743 0
1.165458878925811 0.09021379473212052 0
1.173528403821498 0.09611976048102795 0
1.172448448596713 0.1060611600126303 0
1.181597931527351 0.1020257325291726 0
1.182677890106854 0.09208432943868679 0
1.190747421078051 0.0979903011737726 0
1.189667459025359 0.1079317093963014 0
1.198816950638503 0.1038962803731936 0
1.199896917809454 0.09395486546817904 0
1.207966455717614 0.09986085225395752 0
1.209046423209305 0.08991942914435676 0
1.217115968014348 0.09582542088326862 0
1.216036003697131 0.105766852726945 0
1.22518551748728 0.1017314193290717 0
1.226265486400404 0.09178998711609816 0
1.234335035789879 0.09769598416232997 0
1.233255064890773 0.1076374200128727 0
1.242404583665662 0.1036019864491897 0
1.243484560521486 0.09366054590790096 0
1.251554114839594 0.09956655377455521 0
1.252634091877478 0.08962510711137717 0
1.260703651366118 0.09553111866729848 0
1.259623674312902 0.1054725704928913 0
1.268773213051879 0.1014371347957198 0
1.269853192213624 0.091495681606587 0
1.277922755230705 0.0974016969793044 0
1.276842774288062 0.1073431529496103 0
1.285992317483347 0.103307716252613 0
1.287072301131736 0.09336625664083975 0
1.295141867821182 0.09927227995346323 0
1.296221851685362 0.08933081583890273 0
1.304291422171679 0.09523684182218296 0
1.30321143818218 0.1051783085945805 0
1.312360994219251 0.1011428709268997 0
1.313440979572601 0.09120140230498912 0
1.321510552458743 0.0971074311011577 0
1.320430566193137 0.107048901788749 0
1.329580127699083 0.1030134656835313 0
1.330660113851735 0.09307198994440351 0
1.338729691517363 0.0989780271807887 0
1.33980967832412 0.08903654790755615 0
1.347879256299695 0.09494258446095681 0
1.346799266953996 0.1048840633035969 0
1.355948835265605 0.1008486229469045 0
1.35702882534769 0.09090714289093725 0
1.365098405335503 0.09681318143063532 0
1.364018414237162 0.1067546628846728 0
1.373167984872031 0.1027192220923781 0
1.374247977408852 0.09277773874864249 0
1.382317559177819 0.09868378157472374 0
1.383397551832297 0.08874229604386662 0
1.391467135632763 0.09464834013319949 0
1.390387142788296 0.1045898276868958 0
1.399536720017055 0.1005543860933154 0
1.400616713684299 0.09061289800592183 0
1.408686298620029 0.0965189437887848 0
1.407606304223088 0.1064604328563427 0
1.416755883267184 0.1024249910696611 0
1.417835878645459 0.09248350061649122 0
1.425905464872911 0.09838954943010933 0
1.426985460340816 0.08844805738509091 0
1.435055048040736 0.09435410706469256 0
1.433975052401188 0.1042956005995065 0
1.44312463615501 0.1002601581234389 0
1.444204632359161 0.09031866422301381 0
1.452274220924823 0.09622471513643288 0
1.451194224176483 0.1061662097862768 0
1.460343809294816 0.1021307671807665 0
1.461423806755845 0.09218927151847435 0
1.469493396308076 0.09809532467078463 0
1.470573393844433 0.08815382781548214 0
1.478642984413472 0.09405988165567382 0
1.477562986598547 0.1040013791321411 0
1.486712574946802 0.09996593540496969 0
1.48779257307476 0.09002443793168029 0
1.495862164674338 0.09593049316980391 0
1.494782164508267 0.1058719893352903 0
1.503931755621288 0.1018365484186896 0
1.505011755307734 0.0918950506607138 0
1.513081346578057 0.09780110553241238 0
1.512001351985343 0.1077426107902259 0
1.521150942263773 0.1037071669377617 0
1.522230938362823 0.09376566250632451 0
1.530300531864301 0.0996717207934989 0
1.531380530007024 0.08973021828101618 0
1.539450122845329 0.09563627583030353 0
1.538370123493779 0.1055777774148708 0
1.54751971580413 0.101542333739325 0
1.548599715572981 0.09160083194136244 0
1.556669308872267 0.09750688998651323 0
1.555589308776093 0.1074483920773678 0
1.564738902430638 0.1034129487107221 0
1.565818902551105 0.09347144603392551 0
1.573888496548397 0.09937750521655858 0
1.574968496785059 0.08943600200505458 0
1.583038090981458 0.0953420614280967 0
1.581958090559767 0.1052835651329632 0
1.591107685429182 0.1012481215360599 0
1.592187685768111 0.09130661770353736 0
1.600257280311834 0.09721267771167899 0
1.599177279847282 0.1071541817757513 0
1.608326875180452 0.1031187378287798 0
1.609406876212319 0.0931772344290755 0
1.617476470969627 0.09908329402195525 0
1.616396469765482 0.1090247982551748 0
1.625546065703179 0.104989354490379 0
1.62662606700076 0.09504784989225927 0
1.634695662233022 0.1009539108765229 0
1.635775663466499 0.09101240579753676 0
1.643845258789961 0.09691846690704713 0
1.642765257492332 0.1068599720778048 0
1.651914854083171 0.1028245281703872 0
1.65299485566451 0.09288302276719096 0
1.661064451246664 0.09878908428011025 0
1.662144452832291 0.0888475785911174 0
1.670214048669682 0.09475364029055373 0
1.669134047070749 0.104695146228701 0
1.678283644595401 0.1006597022194191 0
1.67936364629978 0.09071819619009923 0
1.68743324228458 0.09662425809572295 0
1.686353240517456 0.106565764248493 0
1.695502838223949 0.1025303201834303 0
1.696582840160083 0.09258881385452844 0
1.704652436321875 0.09849487605848677 0
1.705732438269218 0.08855336958247038 0
1.713802034616128 0.09445943200199763 0
1.71272203331608 0.1044009390872653 0
1.721871631133551 0.1003654946162816 0
1.722951632990392 0.09042398785204103 0
1.73102122946372 0.09633005049389193 0
1.729941227590321 0.1062715573676511 0
1.739090826058001 0.1022361131878347 0
1.740170828212049 0.09229460651295496 0
1.74824042474885 0.09820066900808873 0
1.747160422549478 0.1081421760077568 0
1.756310021364248 0.1041067318881516 0
1.757390023570983 0.09416522469539308 0
1.765459620285879 0.1000712877226883 0
1.766539622520529 0.09012978040468558 0
1.774609219273024 0.09603584346939513 0
1.773529216998515 0.1059773508099474 0
1.782678816081077 0.1019419066284131 0
1.78375881839181 0.09200039917929506 0
1.791828415267964 0.09790646241583111 0
1.792908417605243 0.08796495486624985 0
1.800978014505398 0.09387101813492277 0
1.799898012096081 0.1038125256975533 0
1.809047611438388 0.09977708146943852 0
1.810127613859921 0.08983557384769794 0
1.818197210833131 0.09574163722428151 0
1.817117208342949 0.1056831448416204 0
1.826266807797133 0.1016477006183333 0
1.827346810326748 0.09170619302453509 0
1.835416407279686 0.09761225635851407 0
1.83433640478074 0.1075537640744738 0
1.843486004252224 0.1035183198190478 0
1.844566006800199 0.09357681204041886 0
1.852635603845383 0.09948287557706624 0
1.853715606399692 0.08954136772769279 0
1.861785203505428 0.09544743130447274 0
1.860705200955091 0.1053889392081344 0
1.869854800625557 0.1013534949346678 0
1.870934803203977 0.09141198701971399 0
1.87900440033083 0.09731805064586653 0
1.877924397736763 0.1072595585815849 0
1.887073997442203 0.1032241143123514 0
1.888154000081407 0.09328260633456537 0
1.896223597241217 0.09918867005084732 0
1.897303599887853 0.08924716202241363 0
1.905373197093899 0.09515322576521462 0
1.904293194455062 0.1050947338362989 0
1.913442794313709 0.1010592895508931 0
1.914522796971974 0.09111778146594988 0
1.922592394197724 0.09702384525452695 0
1.921512391524074 0.1069653533469187 0
1.930661991436137 0.1029299090795565 0
1.931741994121216 0.09298840094769215 0
1.939811591383916 0.09889446480257874 0
1.940891594082978 0.08895295663343024 0
1.948961191348246 0.09485902050520699 0
1.94788118863988 0.1048005286665773 0
1.957030788600731 0.1007650843835146 0
1.958110791338127 0.09082357620863298 0
1.96618038861023 0.09672964010504286 0
1.96726039135697 0.08678813190006274 0
1.975329988648657 0.09269419581545381 0
1.974249985921643 0.1026357040355341 0
1.983399585952261 0.09860025974747462 0
1.984479588691828 0.08865875152044229 0
1.992549185989178 0.09456481546068002 0
1.991469183238172 0.1045063236810631 0
2.000618783277209 0.1004708794036104 0
1.999538780505751 0.1104123876147974 0
2.008688380563383 0.1063769433459377 0
2.009768383338832 0.09643543511279379 0
2.017837980641048 0.1023414990758637 0
2.01675797785569 0.1122830073137169 0
2.025907577945247 0.108247563048969 0
2.024827575146052 0.1181890712960661 0
2.033977175250684 0.1141536270337862 0
2.03505717805049 0.1042121187582164 0
2.043126775353391 0.1101181827932677 0
2.04204677257024 0.1200596910486839 0
2.051196372683374 0.1160242468109499 0
2.050116369901258 0.1259657550703302 0
2.059265970049271 0.1219303107997193 0
2.06034597267541 0.1119888024334718 0
2.068415570175651 0.117894866531449 0
2.067335567406266 0.1278363748441267 0
2.076485167569205 0.1238009305865003 0
2.075405164775909 0.133742438911743 0
2.077565170169459 0.1138594220763312 0
2.084554764951265 0.1297069946390408 0
2.083474762149346 0.1396485029759533 0
2.092624362362311 0.1356130586711929 0
2.091544359526466 0.1455545673607289 0
2.100693959758774 0.1415191227969891 0
2.099613956912488 0.1514606314987908 0
2.10177396259443 0.1315776143510177 0
2.082394759341526 0.1495900124079386 0
2.109843560000677 0.1374836784622189 0
2.110923562847324 0.1275421700170992 0
2.118993160281435 0.1334482341432199 0
2.120073163124723 0.1235067256744666 0
2.12814276058219 0.1294127897911373 0
2.127062757736887 0.1393542982750304 0
2.129222763407371 0.1194712813196258 0
2.12115316594525 0.1135652172001823 0
2.130302766244036 0.1095297728400893 0
2.12223316871681 0.103623708686104 0
2.131382769076855 0.09958826434514235 0
2.123313171520375 0.09368220016696394 0
2.132462771914046 0.08964675584010882 0
2.124393174386368 0.08374069167233544 0
2.133542774762244 0.07970524731882925 0
2.125473177231737 0.07379918315891067 0
2.116323576869976 0.07783462752630206 0
2.134622777596313 0.06976373877524586 0
0.2377066481746432 0.0654466500824764 0
2.11740357970396 0.06789311901016172 0
2.108253979346714 0.07192856337729325 0
0.06761123060987351 0.2073304081257717 0
1.928875108081993 0.2644162732982992 0
1.937981666850329 0.2602846184287067 0
1.946113064317008 0.2661053022132974 0
2.13621235805406 0.1353188539068627 0
2.135132355216959 0.1452603623969776 0
0.06367338179553793 0.07719042911420505 0
0.0646978268486357 0.06728062553686631 0
0.06265281648978178 0.08709851319030562 0
0.07379323492348891 0.06321379569456952 0
2.109333982179027 0.06198705486345209 0
2.10018438182376 0.06602249922975241 0
1.809184579279694 0.2426407348053263 0
2.019295644672625 0.3184914570080453 0
0.09482647512822676 0.1950425059222934 0
1.947088225635446 0.2561529635231825 0
1.95521962311037 0.2619736473163715 0
0.2296917834208639 0.05961350528617643 0
2.033608117933938 0.3500375035186211 0
2.042714677205687 0.3459058483967287 0
0.2425368051650529 0.1008301276951381 0
2.139452366575099 0.1054943284909675 0
0.2387521996919579 0.05557552008744659 0
0.06572293768642351 0.05736582937671518 0
0.09801333332250281 0.1653549473273933 0
0.1057076448163966 0.2559084105229369 0
1.91976854928593 0.2685479281547354 0
1.920743710638715 0.2585955895301202 0
1.91163715192158 0.2627272443441291 0
2.024501558792996 0.3541691585633575 0
0.05457985952699569 0.08125856801309168 0
0.0535589739624412 0.09117530814232094 0
2.14269237513922 0.07566980294892645 0
2.143772377972845 0.06572829438593879 0
2.144281955550085 0.1412249180367704 0
2.143201952703957 0.1511664265505333 0
2.134052352362948 0.1552018708998292 0
2.14212194985178 0.1611079350542605 0
2.132972349517646 0.1651433793950947 0
2.141041946967303 0.1710494435467446 0
2.13189234666461 0.1750848878917744 0
2.139961944108465 0.1809909520372372 0
2.130812343841005 0.1850263964412005 0
2.138881941272244 0.1909324605338456 0
2.129732341000561 0.1949679049361318 0
2.137801938424486 0.2008739690173195 0
2.128652338130123 0.2049094133513002 0
2.120582740682885 0.1990033493782326 0
2.136721935584526 0.2108154774833407 0
2.127572335279827 0.2148509218045596 0
2.135641932733543 0.2207569859477158 0
2.126492332433496 0.2247924302714386 0
2.134561929890704 0.2306984944118149 0
2.125412329589247 0.234733938732535 0
2.133481927041225 0.240640002873808 0
2.117342732149951 0.2288278746087772 0
2.142631527361004 0.2366045585482659 0
2.141551524505091 0.2465460670310843 0
2.132401924184681 0.2505815113372881 0
2.140471521645953 0.2564875755130981 0
2.101264384654994 0.05608099071377808 0
2.092114784311455 0.06011643509911749 0
0.07482433712026008 0.05329714190163104 0
2.110413985012746 0.05204554632874079 0
2.091034781440986 0.07005794358881386 0
2.08296518396484 0.06415187946606563 0
1.912612312841625 0.2527749063746438 0
1.903505754538977 0.2569065607061731 0
1.956194784413643 0.2520213086381775 0
1.964326181934672 0.2578419924469116 0
2.041739515901435 0.3558581876314208 0
2.050846075179904 0.3517265325201037 0
2.051821236502309 0.341774193237825 0
2.059952634485516 0.3475948773616388 0
2.084045186778384 0.05421037096039032 0
2.074895586461623 0.05824581535051533 0
2.073815583641689 0.06818732384810344 0
2.065745986144168 0.0622812597224951 0
2.148031541553696 0.1868970160716768 0
2.066825988957313 0.05233975124231102 0
2.057676388650715 0.05637519562039447 0
2.058977473165512 0.3575472166612878 0
2.068084032493654 0.3534155614857172 0
0.2004897601288584 0.09140288917426094 0
0.2084937128573222 0.09721627142366439 0
0.199466816241043 0.1012372178349106 0
0.2074542409800114 0.1070397527842604 0
0.1358631591618957 0.2988717400550545 0
0.1860587757263039 0.3139450330210515 0
0.09968873203971386 0.2303810150048194 0
0.3607659710687284 0.2915179846276552 0
0.255378449827169 0.3110418089072384 0
0.4212596399312221 0.2924547917456299 0
0.4646899055138065 0.2917096752480106 0
0.2676508103535246 0.1084541555867195 0
0.5253713193539038 0.2926486888564063 0
0.5688860970949305 0.2919013411792049 0
0.1830736630411524 0.3435138549104831 0
0.1911272334657195 0.3493134030804435 0
0.1820712810875227 0.353389586879024 0
0.1901394747988042 0.359195906284573 0
0.4737704956572873 0.2875935843041458 0
0.4656663156004243 0.2817887346745157 0
0.4747449212238195 0.2776728350130326 0
0.4666420154275753 0.27186886812625 0
0.4757195575361051 0.2677531636300537 0
0.46766009518041 0.2618910430098401 0
0.4585442223805525 0.266061313400471 0
0.4767323984833304 0.2577352106830628 0
0.4848031171967292 0.263620035933712 0
0.4595669667899734 0.2560792862647372 0
0.4504483643727047 0.2602556422846469 0
0.4857830307284883 0.2536284638745269 0
0.4938785646493545 0.259503270058653 0
0.4514578867233586 0.2502814189952824 0
0.4423562995171853 0.254451674376659 0
0.4948280801257127 0.2495269202617053 0
0.502953138841588 0.2553907901356069 0
0.5039018363763025 0.2454125066146671 0
0.5120325884840727 0.2512751090134755 0
0.4606039462606158 0.2460477896075405 0
0.6296447403647263 0.2928381623756042 0
0.5344592490954057 0.2885289087580501 0
0.07257044407167738 0.2425380922849105 0
0.5779823558059609 0.2877760060419607 0
0.5698619914954564 0.2819630838369214 0
0.5789571756581899 0.2778382544586217 0
0.5708389777988708 0.2720251980827801 0
0.5799324139674958 0.2679010353533859 0
0.5718147083039955 0.2620882698340847 0
0.5809075908519324 0.2579643934612127 0
0.5890255630276015 0.263776370342518 0
0.572789906033486 0.2521520283388314 0
0.5636981707045208 0.256275385762583 0
0.5900008516744615 0.2538398675485509 0
0.5981193962259322 0.2596521938616953 0
0.599094809801077 0.2497148981272408 0
0.6072139869881188 0.2555283874744261 0
0.6082035839279958 0.2455663814357202 0
0.6163115390609548 0.2513998383322902 0
0.5646750005227239 0.2463089370705858 0
0.5555862280509587 0.2504434291802523 0
0.6731966236859807 0.2920871812827244 0
0.6822976556379354 0.2879589475108856 0
0.6741722321680347 0.2821415617657364 0
0.6832726883411161 0.2780134371545935 0
0.6751475360425448 0.2721962525971978 0
0.6842477667356172 0.2680682626892249 0
0.6761227051713548 0.262251446219707 0
0.6852169019413116 0.2581107770637289 0
0.6933469199485339 0.2639377841141978 0
0.6670229775088321 0.2663791615640855 0
0.6679980532688834 0.2564349825231419 0
0.6943160979932129 0.2539799052180064 0
0.7024470970878359 0.2598088703835287 0
0.703421804336144 0.2498623469992393 0
0.7115490832334501 0.2556832360878685 0
0.7125239244327 0.245736616237401 0
0.7206503521752118 0.2515551697950007 0
0.6588987134679738 0.2605623287150028 0
0.6598739156038629 0.2506186866243711 0
0.6689878552960031 0.2464909249542594 0
0.8211275143928485 0.2915181907261943 0
0.7775555565646842 0.2922711406820548 0
0.7866588048060296 0.2881409399357391 0
0.7785307638436685 0.2823218368078044 0
0.7876336689376636 0.2781918289135277 0
0.7795059293786273 0.2723728187184153 0
0.7886140605323453 0.268238819454053 0
0.7804855318008115 0.2624184892288921 0
0.7895961692530287 0.2582784904875837 0
0.7713785866134633 0.2665529275902767 0
0.7723574259603808 0.2565994260950773 0
0.7632498711541252 0.2607351800620529 0
0.7642250095634906 0.2507869529404146 0
0.7733355335011415 0.2466445498370199 0
0.8819380460783405 0.2924539700461445 0
0.8302322390065637 0.2873876568776303 0
0.8221033670892874 0.281569359245161 0
0.831207455547431 0.2774377941486502 0
0.8230788860764925 0.2716193269413803 0
0.8321826575802407 0.267487857670788 0
0.8240535983014418 0.2616681201348177 0
0.8331577501608283 0.2575377453358779 0
0.8412869742088812 0.2633571442234989 0
0.825028484427591 0.251718358218228 0
0.8422621523801547 0.2534071869273815 0
0.8503915224597433 0.2592265763096291 0
0.8513665560950191 0.2492762049829119 0
0.8594961936692436 0.2550960611057743 0
0.8604712005013329 0.2451455047754522 0
0.8686009516793354 0.2509654783854133 0
0.9255157533945214 0.2917007689642278 0
0.3698105107993938 0.2874225293828211 0
0.3617428059351007 0.2816394595286675 0
0.370784371794555 0.2775438884570265 0
0.3627182413436256 0.2717620530421452 0
0.3717583644184589 0.267667064670811 0
0.3637849271889479 0.2617590236808656 0
0.3546714439078957 0.2659599883760869 0
0.3728126214675698 0.2575703990890846 0
0.3808134825237409 0.2635369625032636 0
0.3557400671594949 0.2559572740447756 0
0.3466199598484814 0.2601716323134317 0
0.3817952209124773 0.2534904469606654 0
0.3898507252844581 0.25943899526619 0
0.347642022527055 0.2501928665519593 0
0.338564413214368 0.2542111393578447 0
0.3908827421549524 0.2494600677291363 0
0.3989259694735949 0.2553221805886586 0
0.3999562925159151 0.245338242807896 0
0.3568198689387124 0.2458373594008955 0
0.9346214520496547 0.2875696479055782 0
0.9264909738801121 0.2817494914233216 0
0.9355965931172104 0.2776183747876783 0
0.9274661637906867 0.2717982519444133 0
0.9365717434261109 0.267667143913872 0
0.9284413295292104 0.2618470648107937 0
0.9375459749555024 0.2577140224722397 0
0.945677145577714 0.2635356495571454 0
0.9193358205215941 0.2659781227583699 0
0.9203109774004157 0.2560270359934629 0
0.9466513937478963 0.2535824856178673 0
0.9547827177943035 0.2594044161999631 0
0.9557578315051296 0.2494530193479273 0
0.963888497208147 0.2552735111169627 0
0.964863698392328 0.2453222557586898 0
0.9729942647009656 0.2511424696414304 0
0.911205540454202 0.2601580188355409 0
0.9121807082512645 0.2502070297494619 0
0.921286056730684 0.2460760182838537 0
1.047149094131588 0.2935719338381861 0
1.134311576681536 0.2920649003042149 0
1.090730151559431 0.2928184336093915 0
1.056255303094146 0.28944048836578 0
1.048124285357574 0.28361999801762 0
1.057230451442501 0.2794885730959503 0
1.049099455556188 0.2736680971845019 0
1.058205602660698 0.2695366829300632 0
1.050074601984111 0.2637162453199921 0
1.040968457213819 0.2678476575893763 0
1.059180749802888 0.2595848124959432 0
1.041943619266076 0.2578958328660486 0
1.032837525824904 0.2620272079324626 0
1.033812678341487 0.2520754442333549 0
1.024706630648632 0.2562068246667727 0
1.04291962410052 0.2479425297487975 0
1.099836458905031 0.2886869272073204 0
1.091705250346183 0.2828664331178968 0
1.100811597477368 0.2787349068927953 0
1.092680334646121 0.2729144931247314 0
1.101786732531761 0.2687829132059955 0
1.09365556830735 0.2629624674420099 0
1.102761895748031 0.258830913701589 0
1.09463073192816 0.2530104852293845 0
1.103736782068211 0.2488783131342576 0
1.111868128377999 0.2546993154337303 0
1.112843005474292 0.2447466821398509 0
1.120974379383459 0.2505677541347336 0
1.195131015827881 0.2930003613207819 0
1.143417951492744 0.2879333563817863 0
1.238713011806881 0.2922467994161408 0
1.204237424897077 0.2888687731314628 0
1.196106180780852 0.2830481592135489 0
1.205212573043661 0.2789165780558467 0
1.197081342908508 0.2730959732952408 0
1.206187971602508 0.2689642081549342 0
1.198056538629178 0.2631437624668234 0
1.207163470908572 0.259011486490083 0
1.188950091508084 0.2672753592675433 0
1.18992525411308 0.2573231931537232 0
1.18081884638511 0.2614547589699239 0
1.181794005516371 0.2515026102353523 0
1.172687615574786 0.2556341745819323 0
1.190900389195056 0.2473710400930688 0
1.299532984102475 0.2931822441913186 0
1.386697549289689 0.2916750751511309 0
1.247819485927021 0.288115195858592 0
1.239688203430959 0.2822946209834882 0
1.248794649236153 0.278162970342381 0
1.240663380739086 0.2723423871027013 0
1.249769811917833 0.2682107412279913 0
1.241638521268155 0.262390100558003 0
1.250744969569766 0.2582585042420541 0
1.258876267948361 0.2640791290577619 0
1.242613669126589 0.2524378800224985 0
1.259851429498725 0.2541268992257905 0
1.267982734488919 0.2599475235061901 0
1.268957889448991 0.2499952749532793 0
1.277089206499598 0.2558159203086487 0
1.278064360247527 0.2458636634736798 0
1.286195682392945 0.2516843141119565 0
1.343115237661612 0.2924286628104106 0
1.352221745890376 0.2882970298564368 0
1.344090399537344 0.2824763701827121 0
1.353196902476904 0.2783447401363626 0
1.34506556078791 0.2725240819233736 0
1.354172143582551 0.2683923913812115 0
1.346040735737308 0.2625717881191584 0
1.355147418613259 0.2584399239810408 0
1.336934215964256 0.2667034227994328 0
1.337909377776488 0.2567511436314019 0
1.328802868170151 0.2608827711405059 0
1.329778029011342 0.2509304949045173 0
1.338884650106122 0.2467986645666153 0
1.4475178273953 0.2926105107380968 0
1.395804080052331 0.2875434370454189 0
1.387672720913511 0.2817227899897546 0
1.396779241888667 0.2775911361620368 0
1.388647887397955 0.2717704864948665 0
1.397754403507323 0.2676388341166339 0
1.389623041557582 0.2618181650225226 0
1.398729563459027 0.2576865294040834 0
1.406860927912138 0.263507193313658 0
1.390598198385766 0.2518658656676534 0
1.407836089167909 0.2535548909944846 0
1.415967455744937 0.259375554541227 0
1.416942614991815 0.2494232463244123 0
1.425073985658521 0.2552439170188145 0
1.426049144427413 0.2452916058234922 0
1.434180516820652 0.2511122782918834 0
1.491100227348037 0.2918569186956573 0
1.500206773140494 0.2877252715852479 0
1.492075389290947 0.281904595886845 0
1.501181933850861 0.2777729488203717 0
1.493050550757885 0.2719522736708892 0
1.502157094698479 0.2678206267091236 0
1.494025701615476 0.261999966568207 0
1.503132250819656 0.2578683381668525 0
1.511263637661008 0.2636889846536905 0
1.484919167304924 0.2661316008056856 0
1.485894317737573 0.256179295681929 0
1.512238806105184 0.2537366801720157 0
1.520370184122218 0.2595573368611236 0
1.521345333289887 0.2496049868713106 0
1.529476727295382 0.2554256827330834 0
1.530451875495924 0.2454733301040699 0
1.538583272543472 0.2512940325732371 0
1.476787788255815 0.2603109235742053 0
1.477762949374153 0.2503586052883381 0
1.486869546001399 0.2462269784097063 0
1.595503027633392 0.2920387554099418 0
1.604609580796143 0.2879071037913464 0
1.596478189153273 0.2820864235764799 0
1.605584741732442 0.2779547719923618 0
1.597453350444666 0.2721340920286109 0
1.606559902735599 0.2680024405064163 0
1.598428507194226 0.2621817669620905 0
1.607535061711864 0.2580501233288586 0
1.615666454601263 0.263870791024195 0
1.58932195906339 0.2663134130353013 0
1.59029711562581 0.2563610888807051 0
1.616641618855968 0.2539184670469544 0
1.624773008004881 0.2597391391248377 0
1.625748164355134 0.2497867963914639 0
1.633879560104593 0.2556074846630789 0
1.634854716041459 0.2456551407638945 0
1.642986113069901 0.2514758317794011 0
1.581190569598815 0.2604927322045195 0
1.58216573073075 0.2505404025069011 0
1.591272305368378 0.2464087598969715 0
1.699905886288863 0.2922205895683503 0
1.70901244292367 0.2880889358188961 0
1.700881047619717 0.2822682533089184 0
1.709987603943756 0.2781365997305292 0
1.701856208830399 0.2723159173511723 0
1.710962765002119 0.2681842638566336 0
1.702831369959104 0.262363581702982 0
1.711937926106856 0.2582319281009216 0
1.693724814016532 0.266495235102114 0
1.694699975165028 0.2565428998588331 0
1.685593419401275 0.2606745531881348 0
1.686568580529997 0.2507222181498455 0
1.695675141917966 0.2465905561192161 0
1.720069321236109 0.2640526102681208 0
1.721044486691398 0.2541002683097798 0
1.731456308475011 0.3254556583349872 0
1.73958770495589 0.3312763417385198 0
1.73048114685507 0.3354079960766569 0
1.738612543597279 0.3412286795869853 0
1.729505985282442 0.3453603339953241 0
1.73763738221751 0.3511810176314205 0
1.746743940586083 0.3470493630871359 0
1.728530823823978 0.3553126720784933 0
1.720399426867073 0.3494919883833811 0
1.745768779223477 0.3570017013558824 0
1.754875337821741 0.3528700466844379 0
1.719424265360644 0.3594443265037237 0
1.711292868690735 0.3536236427759396 0
2.056596385841809 0.06631670409217692 0
2.04852678835782 0.06041063999592181 0
2.049606791155199 0.05046913151703106 0
2.040457190859832 0.05450457590153927 0
2.122742746301236 0.1791203327207432 0
2.011164246808125 0.3126707729606501 0
2.020270805972827 0.3085391178650848 0
2.012139408115931 0.3027184338379408 0
1.990389180480743 0.1144478318801628 0
2.066255564798024 0.1377778836239768 0
2.040938286551409 0.1300401166200546 0
2.01567797505759 0.1222245155278827 0
1.99362918873637 0.0846233073060151 0
2.116262729301264 0.2387693830395554 0
2.108193131884729 0.2328633189421273 0
2.018917983392682 0.09239999085691673 0
2.107173976530428 0.08187007191732083 0
1.959190794062671 0.08088206798403366 0
1.932821996794118 0.08304689276848316 0
2.01799043925242 0.243004308141927 0
2.145871535881067 0.2067800330833333 0
2.004872196171583 0.2015243238865184 0
1.889234002674377 0.08334109827995261 0
1.980258862511464 0.1840439754748961 0
1.989365421251082 0.179912320619079 0
1.981234023780061 0.1740916368030612 0
1.990340582579751 0.1699599819303725 0
1.982209185071148 0.1641392980934475 0
1.991374345445776 0.1599257778435446 0
1.999456908355809 0.1658146828326632 0
1.983252714840955 0.1540914497749019 0
1.974089182288555 0.1583026959968173 0
1.975143890580163 0.1482392314585086 0
1.965963446158149 0.1524741033852065 0
1.968340394096442 0.07684662365011896 0
1.960270796760439 0.07094055970859663 0
1.969420396868906 0.0669051153609324 0
1.961350799461285 0.06099905138140139 0
1.970500399652525 0.05696360701618656 0
1.962430802207112 0.05105754300839827 0
1.953281202013473 0.05509298739943654 0
2.060740242040732 0.2522845813982261 0
1.845646009288768 0.08363530415034526 0
1.981894246582392 0.344970416499607 0
1.972787687383621 0.3491020715825686 0
1.980919085261826 0.3549227556900199 0
1.971812525980714 0.3590544107756455 0
1.758470025798365 0.08422371754992353 0
1.936676392252594 0.1847975727415051 0
1.963681128176927 0.3532337266333683 0
1.929581988717866 0.112871417154417 0
1.920432388864544 0.1169068614026505 0
1.928501985991518 0.122812925166606 0
1.919352386226622 0.1268483693955333 0
1.92742198329278 0.1327544331097888 0
1.918272383592579 0.1367898773132965 0
1.926341980600544 0.1426959410008192 0
1.91712938959959 0.1465885643121405 0
1.909112285409182 0.1408015180522443 0
1.907617337787104 0.1509957305568393 0
1.899900527375209 0.1448949486774548 0
1.898383602545483 0.07930565392639989 0
1.890314005263438 0.07339959016360582 0
1.89946360519501 0.06936414577981843 0
1.891394007829558 0.06345808194231231 0
1.900543607856918 0.0594226375411633 0
1.892474010465208 0.05351657368389329 0
1.883324410411734 0.05755201810630361 0
1.901623610528168 0.04948112925858264 0
1.832273501292003 0.1846157388712976 0
1.89309412855755 0.1855514123258959 0
1.697662841907079 0.082647307211799 0
1.842406001709098 0.1134598275362895 0
1.833256402260238 0.1174952717243913 0
1.841325999147326 0.1234013351507656 0
1.832176399794349 0.1274367792984755 0
1.840245996600093 0.1333428426629905 0
1.831096397359533 0.1373782867639758 0
1.83916599408465 0.1432843500657501 0
1.848315593295995 0.139248906026147 0
1.846800917875801 0.1495114383391452 0
1.856312744495464 0.145208473510785 0
1.823026800598792 0.1314722234989124 0
1.821946798231812 0.1414137308697829 0
1.813877201579229 0.1355076676891423 0
1.812797199192328 0.1454491748999164 0
1.80472760266106 0.1395431118035822 0
1.803647600230936 0.149484618828678 0
1.795578003842684 0.1435785558454976 0
1.794856996974053 0.1530295584852784 0
1.786488237713867 0.1475322490794927 0
1.784838820665904 0.08205889161416542 0
1.793988419966287 0.07802344726299108 0
1.785918822934709 0.07211738393661013 0
1.795068422435115 0.06808193949868444 0
1.786998825173534 0.06217587605233713 0
1.796148424802164 0.05814043158829438 0
1.788078827529824 0.05223436809812023 0
1.778929227844006 0.05626981261483224 0
1.83065328571308 0.2899597974302076 0
1.627706068028797 0.08510634475733291 0
1.745113345614206 0.1861064319940633 0
1.706812440239459 0.07861186280522837 0
1.698742843599721 0.07270580030566294 0
1.707892442207317 0.06867035579858867 0
1.699822845282904 0.06276429307537575 0
1.708972444197237 0.05872884850325291 0
1.70098297801579 0.05300446703604287 0
1.691766603335808 0.05688851057350403 0
1.710145932196818 0.04899930254641289 0
1.718137624336487 0.05472873087345683 0
1.755230019061984 0.1140482389086828 0
1.746080420419268 0.1180836829586368 0
1.754150016739075 0.1239897457271583 0
1.745000418342757 0.1280251897378804 0
1.753070014450395 0.1339312523642876 0
1.743920416270203 0.1379666963043358 0
1.751990012195281 0.1438727587971947 0
1.742840414120209 0.1479082026736871 0
1.734770818308619 0.1420021402875144 0
1.733690816269569 0.1519436463564432 0
1.725621220616582 0.1460375841753191 0
1.742182161011267 0.2159786464753174 0
1.56689890244277 0.08352994269210318 0
1.804218022070755 0.0640464950841021 0
1.805298024477637 0.05410498708157731 0
1.909693207944315 0.05538719314575973 0
1.752763395074255 0.1815933912286952 0
1.684495077925005 0.1851830785440612 0
1.523310936726786 0.08382416057352188 0
1.65407485697976 0.08294151694480671 0
1.694422837248268 0.1124718262308807 0
1.685273238936964 0.1165072702402494 0
1.693342835510611 0.1224133321515422 0
1.684193237267893 0.1264487760206503 0
1.692262832661052 0.1323548377225472 0
1.683113235604487 0.1363902814312351 0
1.691182830608329 0.1422963430207781 0
1.682033233816746 0.1463317863727042 0
1.673963638997505 0.1404257251668618 0
1.672883637318493 0.150367229774296 0
1.664814042758997 0.1444611687908508 0
1.813367621791761 0.06001105063883172 0
1.814447624209345 0.05006954255848235 0
1.822517221405664 0.05597560613035868 0
1.640964802338938 0.1860616788752986 0
1.693394725699296 0.1810558515503279 0
1.462503803179115 0.08224777416687036 0
1.624466064461729 0.1149308589754334 0
1.615316468871108 0.1189663024347078 0
1.623386063012055 0.1248723627765817 0
1.614236468091499 0.1289078061211351 0
1.622306061651056 0.1348138661087219 0
1.613156467321157 0.1388493092180418 0
1.621226060389313 0.1447553688412378 0
1.612076466306348 0.1487908114562395 0
1.604006873572853 0.1428847524130026 0
1.576048497233828 0.07949449833560364 0
1.5679789023012 0.07358843876697183 0
1.577128497728597 0.06955299412075579 0
1.569058901988512 0.06364693386399183 0
1.578208498310949 0.05961148905300309 0
1.570138902325248 0.05370542861933284 0
1.56098930577581 0.05774087361887652 0
1.579288498973526 0.04966998357701494 0
1.587358095222908 0.0555760443141568 0
1.653397942840722 0.3228311922181156 0
1.644291386719315 0.3269628452641583 0
1.652422781461122 0.3327835278914613 0
1.64331622467985 0.3369151812312645 0
1.651447620020781 0.3427358641149016 0
1.642341062781979 0.3468675176079721 0
1.650472458540203 0.3526882007549903 0
1.659579015811204 0.3485565470481842 0
1.641365901190978 0.3568198543478999 0
1.633234505507823 0.3509991709313272 0
1.658603854480973 0.3585088839633859 0
1.729175880509224 0.2599209525758568 0
1.580151992513678 0.1851072855399892 0
1.592577543026956 0.3218957530579292 0
1.58347098890472 0.3260274047003265 0
1.591602381538284 0.3318480863859056 0
1.582495826429464 0.3359797385074582 0
1.590627219910432 0.3418004205661347 0
1.581520664117865 0.3459320729281062 0
1.589652058252523 0.3517527554230073 0
1.580545502168428 0.3558844079253178 0
1.572414107968883 0.350063725209001 0
1.57143894588942 0.3600160603923311 0
1.563307551901595 0.3541953774631437 0
1.563658901916896 0.1133544507205907 0
1.55450930894269 0.1173898938165151 0
1.562578901295999 0.1232959520263994 0
1.553429309340496 0.1273313948487168 0
1.561498900782167 0.1332374525072153 0
1.552349309753611 0.1372728949906827 0
1.560418900448151 0.1431789521007544 0
1.551269309844622 0.1472143943168837 0
1.543199719604347 0.141308337683055 0
1.542119720153254 0.1512498357592242 0
1.534050130607387 0.1453437803162854 0
1.890169657787286 0.2154091611823569 0
1.881062934712928 0.2195406019638007 0
1.418915872588642 0.08254200790138162 0
1.375327967926589 0.08283625225200543 0
1.933750909829789 0.2146545892761223 0
1.471653391347904 0.07821232995805429 0
1.463583799288342 0.07230627504145853 0
1.472733389731447 0.06827083034939251 0
1.464663795906567 0.06236477465343718 0
1.473813387200116 0.05832932925317169 0
1.465743792809272 0.05242327317216972 0
1.456594202605399 0.0564587193334402 0
1.475482642344248 0.1848238551222415 0
1.459263811863583 0.1120722617502031 0
1.450114227902681 0.1161077036024967 0
1.458183814119136 0.1220137547766398 0
1.449034232207882 0.1260491959449919 0
1.45710381666045 0.1319552459394656 0
1.447954236560283 0.1359906863634548 0
1.456023820175856 0.1418967355230054 0
1.465173400643301 0.1378612958064191 0
1.44687424059437 0.1459321746190037 0
1.438804658474993 0.1400261271486936 0
1.437724662778899 0.1499676131591645 0
1.429655082613707 0.144061567622506 0
1.331740099437686 0.0831305117960162 0
1.488174741442259 0.3217138917430711 0
1.479068193451078 0.3258455389943445 0
1.487199579522524 0.3316662179865406 0
1.478093030250994 0.3357978659056508 0
1.486224417539896 0.3416185459949603 0
1.477117865907762 0.3457501948069957 0
1.485249255184276 0.3515708755189422 0
1.494355807103657 0.347439225953924 0
1.476142702879008 0.3557025246907264 0
1.46801131333156 0.3498818435235178 0
1.493380645010709 0.3573915568644977 0
1.502487198257659 0.3532599065242043 0
1.467036150111117 0.3598341737540902 0
1.458904762444666 0.3540134922630924 0
1.384477544809974 0.07880080792067005 0
1.376407958241889 0.07289476326002631 0
1.385557537623434 0.068859317690124 0
1.377487947657429 0.06295327008283716 0
1.386637530854487 0.05891782379212575 0
1.37856793982035 0.05301177548723641 0
1.369418355679985 0.05704722257468616 0
1.387717524448594 0.04897632772941238 0
1.288152280864724 0.08342479069852812 0
1.484589179523202 0.1806922096124153 0
1.656323427035635 0.2929741866908548 0
1.667710411416383 0.3543772300973334 0
1.985464775855987 0.2197216751333128 0
1.481882981486749 0.06423538559028757 0
1.48296297927713 0.05429388349982356 0
1.244564531976437 0.08371909674443934 0
1.371080158405695 0.1846420483067578 0
1.157389348136337 0.08430783076659094 0
1.383772060249508 0.3215319957625964 0
1.374665525484853 0.3256636329452273 0
1.382796896757773 0.33148430626342 0
1.373690357596316 0.3356159456931544 0
1.381821733031466 0.341436620745593 0
1.372715190512043 0.3455682613158479 0
1.380846569019028 0.3513889383305609 0
1.389953112689556 0.3472572956227268 0
1.371740025121919 0.3555205794693753 0
1.363608646293058 0.3496999014364712 0
1.388977948739931 0.3572096169428869 0
1.398084496289069 0.3530779722709116 0
1.362633480112267 0.3596522205167436 0
1.354502105768303 0.3538315417717572 0
1.200976877741356 0.08401343891404524 0
2.049539796507017 0.2762408805896302 0
2.03555844055483 0.3301328250814942 0
1.372087992500081 0.1126607032919396 0
1.362938424059799 0.1166961426806994 0
1.371007999515517 0.1226021815768157 0
1.361858433661159 0.1266376194688354 0
1.369928006891171 0.1325436562775443 0
1.360778444689675 0.1365790924049153 0
1.368848014435302 0.1424851280133632 0
1.377997578010129 0.1384496926779776 0
1.359698453127672 0.1465205620985446 0
1.351628887165448 0.1406145311381935 0
1.350548897741684 0.1505559945476617 0
1.342479334140878 0.1446499667529799 0
1.491032574133788 0.06019994047737437 0
1.492112572028979 0.05025843751853833 0
1.368154685357065 0.2144988940565785 0
1.380186669627983 0.1805104139697046 0
1.5001821657272 0.05616449465751085 0
1.297301836076445 0.07938934690122447 0
1.289232260131883 0.07348331973481427 0
1.298381820334032 0.06944787373195022 0
1.290312237809047 0.06354184099501679 0
1.299461805279406 0.05950639357518653 0
1.291392220748659 0.05360035950158751 0
1.282242651487995 0.05763580840678781 0
1.30054179084683 0.04956491020500598 0
1.327497977753862 0.1853956590678401 0
1.551920587398171 0.2927923510292305 0
1.284163489711736 0.1861759815907656 0
1.395787113157132 0.05488237758696975 0
1.284912334272862 0.1132491719537932 0
1.275762794961965 0.1172846060338658 0
1.283832349709655 0.1231906222882222 0
1.274682817699489 0.1272260539017646 0
1.282752366184517 0.1331320660102945 0
1.273602840696236 0.137167494989093 0
1.281672384850029 0.1430735018818174 0
1.290821912913731 0.1390380775668798 0
1.272522860786012 0.1471089269228991 0
1.264453322226923 0.1412029250289126 0
1.263373345504474 0.1511443495288738 0
1.255074525062868 0.1447511859639114 0
1.052996083185039 0.08302644841079827 0
1.293063602967873 0.1820225055465274 0
1.210126391806502 0.07997799713719543 0
1.202056836852563 0.07407200312861946 0
1.211206360173588 0.07003655725273898 0
1.203136792974389 0.06413055280362895 0
1.21228632995778 0.06009510422577993 0
1.204216758928144 0.05418909721185477 0
1.195067218559295 0.05822454863607798 0
1.213472672070143 0.05039481730292952 0
1.296607489715687 0.3230390800147744 0
1.287500976471414 0.327170701980358 0
1.295632325149008 0.3329913655540552 0
1.286525802748761 0.3371229912286333 0
1.294657159676545 0.34294365840068 0
1.285550630975364 0.3470752861638244 0
1.293681993645036 0.3528959570181178 0
1.302788522527695 0.3487643262026853 0
1.28457546357774 0.3570275864802013 0
1.27644410218362 0.3512069117264047 0
1.275468943274286 0.3611591987746838 0
1.267337573505939 0.3553385373044267 0
1.301813356226389 0.3587166308123299 0
1.223096322134906 0.1852139115398882 0
1.096569842823123 0.08273194574755299 0
1.235787511707228 0.3221035286142752 0
1.226681025350967 0.326235130846799 0
1.220170874038748 0.2150704193944276 0
1.197736984578457 0.1138376880493817 0
1.188587500206825 0.1178731122241546 0
1.196657016405865 0.1237790851210097 0
1.187507540565619 0.1278145044696255 0
1.195577048821933 0.1337204699543056 0
1.186427586230874 0.1377558829012721 0
1.194280960214597 0.1435996071080448 0
1.185372485435228 0.1476037044089281 0
1.177282284976451 0.1417757113883936 0
1.203174283539216 0.1394847876506345 0
1.176198189224766 0.1517326556201972 0
1.168129408264535 0.1458241211284267 0
1.308611370811402 0.05547094647315715 0
1.009409435668155 0.0833212191178837 0
1.105730833364769 0.07869639376509534 0
1.097660500754367 0.07279048821129287 0
1.106812435350629 0.068755026731618 0
1.098742481743264 0.0628490901859408 0
1.107892296823279 0.05881363098061055 0
1.099822738891111 0.05290768792885123 0
1.09067326120198 0.05694315202189047 0
1.108972299026581 0.04887222202492151 0
1.117041842561043 0.05477817484934147 0
1.192205506886083 0.3228569862378781 0
1.183099049396195 0.3269885683660873 0
1.191230338528187 0.3328092093624601 0
1.182123862398745 0.336940800948075 0
1.190255171145349 0.3427614470215419 0
1.181148678972377 0.3468930451349623 0
1.189280000129616 0.3527137005750824 0
1.180173496261787 0.3568452877662737 0
1.172042179609022 0.3510246393101708 0
1.171066994199141 0.3609768837903644 0
1.162935696283445 0.3551562350556843 0
0.965823301887944 0.08361620184140302 0
1.234812344702761 0.3320557817385248 0
1.131386062259668 0.3219212872559447 0
1.122279659355523 0.3260528267976097 0
1.118691956741544 0.1850380864735836 0
1.127913786815888 0.1810400933519642 0
1.119689107824027 0.1751044386410029 0
1.128940354553653 0.1710735873412193 0
1.120676472501667 0.1651530535199864 0
1.129752646865331 0.1609966844385063 0
1.121601817447481 0.1552147942960456 0
1.112516434372662 0.1593152604986377 0
1.113462560949475 0.1493978419039335 0
1.104379615333043 0.1534954895537196 0
1.130727789647656 0.1510446226359817 0
1.07511556202288 0.1857859442351548 0
1.221453591857539 0.05609985157170656 0
1.087804616899642 0.3226745918527659 0
1.07869827888049 0.3268060902060092 0
1.086829440435291 0.3326266773841857 0
1.07772306169449 0.3367581962814293 0
1.085854265154047 0.3425787914080503 0
1.076747852535008 0.3467103260522006 0
1.084879081815303 0.3525309462242956 0
1.075772658879581 0.3566624817834702 0
1.06764142549659 0.3508418518922254 0
1.06666622378832 0.3607940144843835 0
1.058535028073215 0.3549733795166153 0
1.083903897641371 0.3624831256359418 0
1.093010340106972 0.3583515719194526 0
1.310919882628304 0.3545849959139547 0
1.072190172875181 0.2156414281706286 0
1.049756418480312 0.1128501808466499 0
1.040607155795709 0.1168855706730828 0
1.048676519463126 0.1227913667903942 0
1.039527297584245 0.1268267444770139 0
1.047596625011966 0.1327325161025772 0
1.038447441053195 0.1367678784707438 0
1.046516739162435 0.1426736240527135 0
1.03736757803421 0.1467089644768025 0
1.029298299905719 0.1408032469122642 0
1.055665936595714 0.1386382932009213 0
1.02821844655698 0.1507442853527441 0
1.020149205409527 0.1448386084099449 0
1.130410891974808 0.3318734395914279 0
1.018558692057623 0.07928577924048984 0
1.01048925860567 0.07337999748690158 0
1.019638553145649 0.06934453995973065 0
1.011569069184723 0.06343871539176275 0
1.020718419171099 0.05940324708018341 0
1.012648919881613 0.053497412232346 0
1.003499556015583 0.05753289192795418 0
1.021798289924411 0.04946192973168641 0
1.22570584904987 0.3361873906259876 0
0.9050198809417394 0.08204151475411725 0
0.8614358929410202 0.0823374214981341 0
1.233837176801972 0.3420080460758617 0
1.224730672496962 0.3461396579302758 0
1.232862008331816 0.3519603188602035 0
1.223755494800417 0.3560919346415249 0
1.231886838985794 0.3619126015505563 0
0.9707208265015261 0.185604750488817 0
0.9141687479313656 0.07800606989011659 0
0.9060994865669948 0.0721006133670008 0
0.9152484388307409 0.0680651298523131 0
0.9071790718144279 0.06215957954322437 0
0.9163281420886543 0.05812407298879532 0
0.9082587422230368 0.05221850115687564 0
0.8991096435942503 0.05625403165357606 0
0.917407853807914 0.04818296438516754 0
0.9254772875591377 0.05408857469351306 0
0.817853431665908 0.08263395721036952 0
0.9625839757623584 0.1134390878615947 0
0.9534350196245868 0.1174744218848527 0
0.9615041561658915 0.1233800832670286 0
0.9523552633404746 0.1274154073129018 0
0.96042434971463 0.133320925969847 0
0.9512755432715833 0.137356212101079 0
0.9593445727842884 0.1432616923179384 0
0.9684934084664546 0.1392264368824597 0
0.9501957750615763 0.1472969107766857 0
0.9421268112547138 0.1413915088073943 0
0.9409842139265947 0.1514505990477617 0
0.9327089619183138 0.1454129976215827 0
0.9099087502140164 0.1846697744447731 0
0.7742731807665806 0.08293140544714574 0
0.9834059764600325 0.3224915558711886 0
0.9742998735100722 0.3266228751552529 0
0.9824307762331028 0.3324433588059478 0
0.9733245837388587 0.3365747182997808 0
0.9814555693248518 0.342395238450092 0
0.9723493125849003 0.3465266195226986 0
0.9804803570381534 0.352347177252561 0
0.9895866292805928 0.348215752985876 0
0.9713740822856354 0.356478571999454 0
0.9632430441963457 0.3506579808949501 0
0.9886114192317337 0.3581677604317265 0
0.9977177620944533 0.3540362983718532 0
0.9622677792608353 0.3606099432078345 0
0.9541367738605464 0.3547893577410122 0
0.9798263447020227 0.1814733837849138 0
0.7306959395681705 0.08323011587726059 0
1.029867755191512 0.05536778132799622 0
0.901748906088633 0.1118602270024772 0
0.892626971031764 0.1158984114100524 0
0.9006629761714358 0.1218001010007758 0
0.891545438362279 0.1258387026149677 0
0.8995984484127213 0.131708681725639 0
0.8904680688240116 0.1357737512937494 0
0.8984316459058133 0.1417403701416316 0
0.8893610283776066 0.1456981690891664 0
0.8813186228863495 0.1398104346212643 0
0.8802388700066117 0.1497507848454748 0
0.8721762221188083 0.1438499192794855 0
0.8708083492480423 0.1540906225161776 0
0.8629795281660476 0.1479348992809314 0
0.9225900852865541 0.3215548985420697 0
0.9134842528802714 0.3256860238744178 0
0.827001613166106 0.07859852613358051 0
0.8189326878435349 0.07269362908790343 0
0.8280810227287259 0.06865812773750428 0
0.8200118966835502 0.06275306334896599 0
0.8291604557154137 0.05871751981481375 0
0.8210912670870867 0.05281241044626701 0
0.8119426551383357 0.05684800142791816 0
0.8302399124698857 0.04877677735476629 0
0.8182016509098283 0.3213689195420886 0
0.8090966729618294 0.3254993902809987 0
0.8172263303937919 0.3313193978404064 0
0.8081210622949554 0.3354500069462418 0
0.8162509847543022 0.3412701194532202 0
0.8071455023958107 0.3454008069399087 0
0.8152756250763239 0.3512210483388523 0
0.8243811505177594 0.3470902647180964 0
0.8061700743430111 0.355351757879019 0
0.7980399112183413 0.3495314639895494 0
0.7970644081266928 0.3594824751093961 0
0.7889345605394245 0.3536621391352142 0
0.8234058211807715 0.3570414011225643 0
0.8325115432936298 0.3529104894071615 0
0.8790122824444525 0.32230706010787 0
0.8699067496100131 0.3264379218002375 0
0.8780370372853721 0.3322582420314592 0
0.9216148659829889 0.3315063814832004 0
0.9125089392468653 0.3356375720122196 0
0.8055327584286084 0.1844895738345263 0
0.6871231048375475 0.08353070746997668 0
0.8026079392062521 0.2143355163782794 0
0.6435564312384037 0.08383360651101336 0
0.8146153890305057 0.1124539442461606 0
0.8054677149584815 0.1164890750880222 0
0.8135359701564445 0.1223936297439199 0
0.804388523063162 0.1264286765675605 0
0.8124565792870816 0.1323331034928545 0
0.8033093363731003 0.1363680629075134 0
0.8111186899496534 0.1426257387475038 0
0.8018735525542983 0.1471055817208641 0
0.7941028878607923 0.1405361325560302 0
0.7929589265287526 0.1508832877366569 0
0.7849848794038661 0.1445503755805212 0
0.8204814841379078 0.1382963978921174 0
0.8191363568805925 0.1485988163008428 0
0.7619692836533241 0.185244022079205 0
0.7398427881298204 0.07919471396708067 0
0.7317745170767657 0.07329090723897959 0
0.7409216504221577 0.06925538191177757 0
0.7328529853129797 0.06335122475435083 0
0.7420005699097485 0.05931560262319192 0
0.7339317767567872 0.0534113771138457 0
0.7247840833194572 0.05744709079974624 0
0.7258628666879023 0.04750719591408142 0
0.7167151857176101 0.05154296376667372 0
0.7430795188798299 0.0493756394489765 0
0.5999979356514413 0.08413975977278797 0
0.9863316140054512 0.2926363486858783 0
0.9954376389525759 0.2885049775637116 0
0.7184132214920944 0.1859989176376404 0
0.5392517386934419 0.08259031325058851 0
0.8383089628890114 0.05468198238397523 0
0.7274596945092721 0.1130458367439154 0
0.718313842141597 0.1170806447631613 0
0.7263808273035102 0.1229837499734053 0
0.7172352570816634 0.1270183999468754 0
0.7253019800119811 0.1329212711771736 0
0.7161568151156904 0.1369557216055334 0
0.724223336383217 0.1428584720717187 0
0.7333684559473526 0.138824141881271 0
0.7150783848047153 0.1468926092399224 0
0.7070122338857386 0.1409903593481044 0
0.7059338130394827 0.150926687566088 0
0.697868110471473 0.1450248550353433 0
0.7322897371752216 0.1487612660806029 0
0.7414348505679145 0.1447269718077472 0
0.9206396358227456 0.3414579745419641 0
0.9115336199373513 0.3455891956537529 0
0.9196644004898237 0.3514096560656888 0
0.9105582885886823 0.3555409192128607 0
0.6527006017086134 0.07979830050124345 0
0.6446336447087549 0.07389666268407098 0
0.6537784099816415 0.06986108386539117 0
0.6457106849665945 0.06395879222955581 0
0.6548563058698109 0.05992305569870261 0
0.6467709028609026 0.05404444166248897 0
0.6376396105775824 0.05806048169177113 0
0.6559580895979036 0.05011239325870134 0
0.731061196409765 0.322868857894006 0
0.7219576066050311 0.3269983582383429 0
0.7300858181748582 0.3328177255642412 0
0.7209816409687797 0.3369474886038457 0
0.7291103857607899 0.3427670920975871 0
0.7200057944761987 0.346896994387204 0
0.7281349159676666 0.3527168362287359 0
0.7372395377098022 0.3485867434950782 0
0.7190302117088547 0.3568468313377818 0
0.7109011291735921 0.3510267706164867 0
0.7362640728318656 0.3585368403248355 0
0.7099252949551231 0.3609766121871901 0
0.7017964464174807 0.3551566361247815 0
1.632259343675879 0.3609515078651087 0
0.670269949899888 0.321925640039013 0
0.6611680459441327 0.3260538697721166 0
0.6576474907562447 0.1850677458692123 0
0.666733465167221 0.1809389615289474 0
0.6586193127378654 0.1751248566022265 0
0.6403237611678778 0.1136408890585678 0
0.6311814148635136 0.1176750169047313 0
0.6392458563219339 0.1235754481134288 0
0.6301041336935699 0.1276093773878192 0
0.6381682174348844 0.1335092095295098 0
0.6290267822421809 0.1375427043385535 0
0.6209633853400909 0.1316433806672706 0
0.6198864320335147 0.1415760322914998 0
0.6279491881119937 0.1474748653203967 0
0.6188093248707938 0.1515076319441412 0
0.6107473123886542 0.1456095634875859 0
0.6473100806675368 0.1294757974536888 0
0.751148051385743 0.05527999615219315 0
0.8689313755247086 0.3363891767458866 0
0.8770618066056323 0.3422095534977039 0
0.8679559795896836 0.3463406331602619 0
0.876086547860202 0.3521610348455451 0
0.8669805823365722 0.3562921629677848 0
0.4957302967329099 0.0829112582115852 0
0.6267173951767886 0.3226701632959325 0
0.6176173137618477 0.3267970092999682 0
0.6257416568183063 0.3326150129562692 0
0.616640330116577 0.3367424363883065 0
0.6247652027032088 0.3425607625380836 0
0.615663523334074 0.3466886045482254 0
0.623786230344357 0.3525087675095535 0
0.6146875853751577 0.3566354789526487 0
0.6065612605028124 0.3508160644200252 0
0.6055843199944224 0.3607625324967065 0
0.5974585422368385 0.3549438641674934 0
0.5483893526192178 0.07855523977805998 0
0.54032568565221 0.07265890731121798 0
0.5494645745217662 0.06862325595676791 0
0.5413992222278382 0.06272552190250634 0
0.5505399825947197 0.0586895209666054 0
0.5424741085056402 0.05279143453301365 0
0.5333329431900387 0.05682779344825976 0
0.5516155807247693 0.04875466439452705 0
0.5596820342756204 0.05465363222364215 0
0.6692943842746027 0.3318724640759451 0
0.435062224216522 0.081393578553934 0
0.5534183474775932 0.1848977047965933 0
0.1572917317310935 0.09188068317377134 0
0.5659597813320465 0.3217175822378464 0
0.5568632723037401 0.3258418718819021 0
0.5101407433591225 0.1856798063010512 0
0.5360275633503674 0.1123765505269791 0
0.526893778456949 0.116409124397572 0
0.5349522264203784 0.1223028895636686 0
0.5258198786874291 0.1263348753063309 0
0.5338770660309605 0.132227694319781 0
0.5247461837118379 0.1362592858304396 0
0.5328027723964894 0.1421516665161148 0
0.541933754167655 0.1381205075427529 0
0.5166895182585179 0.1303673532285754 0
0.5156162016553162 0.1402897453760089 0
0.507561199198853 0.1343993438117984 0
0.5064873426641239 0.1443182277777914 0
0.4984347727737908 0.138430308284305 0
0.4973610031983924 0.1483464817109482 0
0.4893105842670102 0.1424602253263248 0
0.6640056649554313 0.05590865103381529 0
0.4087815762853471 0.08358795177505279 0
0.3482375267656246 0.08211064874613937 0
0.7339873880427288 0.2930236459302767 0
0.5622490486090774 0.1811315893420674 0
0.4441848306314183 0.07736004488530566 0
0.4361280679774809 0.07147456248159245 0
0.4452550516952577 0.0674404142097443 0
0.4371953774164961 0.06155331800604744 0
0.4463240349696596 0.05751777941866642 0
0.4382641469561436 0.0516301595367151 0
0.4291349137324949 0.05566659392890849 0
0.7453685005321339 0.3544065160145798 0
0.5224420968905329 0.3224511189097539 0
0.5133496341547056 0.3265724777279935 0
0.5214656594092084 0.3323872451132144 0
0.5123706328723671 0.3365097444398558 0
0.5204894336951049 0.3423251690609358 0
0.5113922280101526 0.346448602550707 0
0.5195127250209103 0.3522654078294213 0
0.5104148735127471 0.3563890724265544 0
0.5022944098593566 0.3505716399545327 0
0.5013165590447831 0.3605125391481458 0
0.49319722912002 0.3546945676216813 0
0.6601918803111416 0.3360011150438503 0
0.4493870229967431 0.1847398047884851 0
0.3220296927127457 0.08432121217879819 0
0.2756449533485642 0.1142795190423223 0
0.2666094837488567 0.1182903802567616 0
0.2745950149136188 0.1241102196203633 0
0.2655683085630379 0.128117332820844 0
0.2735498833536466 0.1339375132177258 0
0.4617598140099988 0.3214777587656424 0
0.4526762095414053 0.3255921799575677 0
0.1780342633749247 0.3081618044162429 0
0.1870470998077715 0.3041070392034474 0
0.1790352391737274 0.2983326423077752 0
0.5649837841770865 0.3316580652859835 0
0.6683187556121623 0.3418200002194039 0
0.6592157032455568 0.3459488354115027 0
0.6673430970688354 0.3517680675385016 0
0.6582396253083971 0.3558969346936793 0
0.3573365752008459 0.07807885061134315 0
0.34929380989698 0.07221309803349278 0
0.358397591214112 0.06817908107527883 0
0.3503485808072321 0.06230823136576746 0
0.3594593219242553 0.05827308148647966 0
0.3514088368634092 0.05240107234935166 0
0.3422959645836597 0.05643753578786382 0
0.4060631309031221 0.1855044944256381 0
0.05662063189929516 0.06143438842429342 0
0.05764413023145041 0.05151447293332511 0
0.4582563237525484 0.1808990054876957 0
0.4503234716069916 0.174876636037189 0
0.431870047390877 0.1111311553503118 0
0.4227446357210055 0.1151603450400083 0
0.4308033514855771 0.1210396141710802 0
0.4216760515219772 0.1250681745919427 0
0.429722232475318 0.1309462238827566 0
0.420609794156208 0.1349727156154059 0
0.4388682496656216 0.1269416538926577 0
0.2707850598735596 0.07890861816893077 0
0.4607829632013754 0.3314028405426479 0
0.451697000928909 0.3355190848934871 0
0.2292325986353521 0.3133160293064242 0
0.4150353077723297 0.1816326940828865 0
0.4071572544170874 0.1761637468916652 0
0.4183261822227775 0.3221859106608266 0
0.4092519612862993 0.3262947371477475 0
0.4173480383414563 0.3321008899502819 0
0.4082701403491535 0.3362116598090768 0
0.416371161243232 0.3420188352250837 0
0.4072890504087503 0.3461311343923534 0
0.4153931106645573 0.3519407917982377 0
0.406309853922346 0.3560534825448491 0
0.3982057128162738 0.3502432866040486 0
0.3972255521642294 0.3601656249027303 0
0.3891241728637567 0.3543543693808287 0
0.4144028363426125 0.3618700256284946 0
0.555885965401827 0.3357832577982132 0
0.3457700716600559 0.184608831963438 0
0.4543840161234305 0.06340610843743878 0
0.4554537346522801 0.05348124900406673 0
0.3027321711401182 0.1853875257434186 0
0.564007625339349 0.3416000541149007 0
0.5549086456201279 0.3457256328383709 0
0.5630314075065586 0.3515431573872886 0
0.5539311706988432 0.3556693044891338 0
1.019024071050679 0.1546769171314661 0
1.010992612939992 0.148856830740781 0
0.3450590519233648 0.1117728465884358 0
0.3359746235504193 0.115794864870345 0
0.3439970477396556 0.1216510237813359 0
0.3349077841170545 0.1256692149627333 0
0.3429340914827961 0.1315230924673328 0
0.3338501946114024 0.1355389377540691 0
0.3418739279002596 0.1413899067413645 0
0.3509513174383263 0.1373759802015879 0
0.3328018616245507 0.1454023009431176 0
0.3247597058362198 0.1395297307221958 0
0.360521917105375 0.04836283737642306 0
0.3685747423959123 0.05423828402854413 0
0.354663341350395 0.1806861450354624 0
0.1865051413636917 0.06005063386831671 0
0.1955682511886996 0.05600965231738464 0
0.4635149778782912 0.05937099960546152 0
0.4645849378437599 0.04944392358712032 0
0.3578322722128984 0.3211590311883303 0
0.3487820044492189 0.3252517771139225 0
0.3568541733665491 0.3310459345944309 0
0.3477947061114046 0.3351430330034722 0
0.2825786485039938 0.1299315266809743 0
0.2815315832213551 0.1397581861547564 0
0.2262152012169132 0.3428494460908902 0
0.2998333556484206 0.2148093897228459 0
0.2908630911284333 0.2188595278011204 0
0.298865851325284 0.2246185631143723 0
0.2898898567900117 0.228670491944286 0
0.2978955631028623 0.2344257907827699 0
0.2889131658133668 0.2384899858175369 0
0.2969228734168493 0.2442376349398668 0
0.2879366661825074 0.2483044699020411 0
0.295952478252151 0.2540544923061787 0
0.2869641566470992 0.2581184463141921 0
0.4726438791045625 0.05533424470027393 0
0.160367286321272 0.06230355174481265 0
0.1342334381551594 0.06456364836839275 0
0.4598056414919669 0.3413300363472593 0
0.4507175859460102 0.3454476087485717 0
0.4588283445910208 0.3512599575037736 0
0.4497379335359391 0.3553786177788036 0
0.06963797370965374 0.1875974181233145 0
0.07370350459918372 0.1481178548422703 0
1.719220223259204 0.04479311101015405 0
1.727277269197294 0.05067071630250124 0
0.3068698471375928 0.2303729056557364 0
0.3558746827662281 0.34094088914792 0
0.3468089264033859 0.3450401849105376 0
0.3548949356782965 0.3508420421393184 0
0.3458245809980053 0.3549388171558163 0
0.337739487676708 0.3491378889711548 0
0.3367536808827795 0.3590381820065293 0
0.328670541943997 0.3532357052520612 0
0.7008210619731328 0.3651058022757728 0
0.369638417313951 0.04432455041921526 0
0.3776949130195453 0.05020303067998516 0
1.428575087407525 0.1540030504341178 0
1.420505509263505 0.1480970066762041 0
0.1875354804229217 0.05017447005213765 0
1.138585949078229 0.1673677218871122 0
1.045379784071491 0.1524852917056757 0
2.131321921329341 0.2605230197745385 0
2.139391518793293 0.2664290839845354 0
2.148541119122726 0.2623936396783995 0
2.147461116262108 0.2723351481795703 0
0.4922183208901103 0.3646355705889925 0
0.918689158210936 0.3613614426202505 0
2.150701124845551 0.2425106227045161 0
0.5192704105683642 0.1822902792409508 0
0.5344077473218717 0.04689353977700016 0
0.5252698702856581 0.05093717251542845 0
1.588676896586637 0.3617050908259644 0
0.3538704858277451 0.3607840711750089 0
1.161914660617911 0.3650074539840387 0
1.153821585524488 0.3592709823009062 0
0.2307300672341886 0.04974476682177171 0
1.232202734785337 0.1810823198075892 0
0.04853768577428022 0.05558420847987289 0
0.5185309815571012 0.3622081442243412 0
1.532970131138646 0.1552852769851785 0
1.524900542683906 0.1493792222624344 0
0.5964829220636665 0.3648891568797678 0
1.97158040241098 0.047022098615847 0
1.979649999876004 0.05292816265555516 0
1.967017198826165 0.1424119737455722 0
1.397109330829917 0.3630302972118041 0
1.406215879261073 0.3588986522467077 0
0.3235348996616844 0.1491080566494835 0
0.1810762631877659 0.3632763340823141 0
0.1730117399591804 0.3574655815925306 0
0.562055075122206 0.3614876503534338 0
0.6096704197080671 0.1555401798571774 0
0.6016092010465373 0.1496427420776946 0
1.105353792491578 0.1435435669072407 0
1.980609062192492 0.04315189807293877 0
1.988779443372166 0.0489202589249199 0
2.150191547276712 0.1670139991327027 0
1.823597224026894 0.04603409800311888 0
1.831666821009144 0.05194016162946828 0
1.096251245508087 0.1476694777207359 0
0.459114760096429 0.1719340849107694 0
1.19296122711031 0.1531058841020613 0
0.4578451300144865 0.3611919484674868 0
0.8751110735239502 0.3621126206741527 0
0.9967425243665178 0.3639883727964187 0
1.005848882490169 0.3598569054780523 0
1.196147184169231 0.04828309124413642 0
1.186997655503411 0.05231854603146931 0
0.327684184919259 0.3631414689656777 0
0.31959898052593 0.357335472354301 0
1.562332389564056 0.3641477128008571 0
1.554200996519275 0.3583270297700983 0
1.370498347757132 0.04710572752775413 0
1.361348763735817 0.05114117514239758 0
1.501262165735645 0.04622299117112425 0
1.509331757450085 0.05212904864510811 0
1.884404413046086 0.04761050983243379 0
1.87525481299257 0.05164595427082255 0
1.666735250509672 0.3643295675180909 0
0.4737361764020053 0.04544717859407648 0
0.4817825124148386 0.05129785399334105 0
1.962705966716251 0.3631860658588119 0
1.954574568875135 0.3573653817009854 0
0.9531615767753514 0.3647412051781718 0
1.457929597241911 0.3639658224324403 0
1.449798209525688 0.3581451406431268 0
0.666367377505565 0.3617166307539973 0
1.692833250080739 0.04691672294031938 0
1.683685876923172 0.05095721433765892 0
1.222780315766273 0.3660442217199535 0
1.710317706952496 0.3635759809192745 0
0.8130220163226228 0.04690732189833198 0
0.8038734199895246 0.05094294837536179 0
1.224071462645805 0.1752617244201692 0
2.151841975521116 0.07163435856444554 0
2.152921978365086 0.06169284999794281 0
2.144852380804779 0.05578678581557656 0
2.154001981207884 0.05175134142147802 0
0.8660051367076964 0.3662438095577458 0
0.787958747292488 0.3636131926617792 0
0.6137038816908562 0.3665855865574559 0
0.6386993195180412 0.04814654655767384 0
0.6295711033908052 0.05215970842566982 0
2.067108871175752 0.3633679008036764 0
2.076215428834228 0.3592362454521459 0
1.396885649084249 0.04498291304913216 0
1.404939789868704 0.05085393511496398 0
0.8315357863886202 0.3628618230617429 0
0.3881419308941914 0.3642768593966518 0
0.4285269357966641 0.1405680455800133 0
1.222642901101245 0.04640625634578913 0
1.230609544236211 0.05207891131727537 0
0.1966097035083347 0.04613007334988268 0
0.3433562861518744 0.04652927960032433 0
0.3342434677145935 0.05056744003783695 0
2.14516724580366 0.3659923756588857 0
0.9001893117691617 0.04631294028407049 0
0.8910402184381809 0.05034848583964922 0
0.7522274575289499 0.04533982279027823 0
0.7602960770149656 0.05124416486641047 0
1.780009230196533 0.04632830459861168 0
1.770859630486124 0.05036374916731756 0
0.6677057662236962 0.1709959002609804 0
0.2398021257832513 0.04569836290726632 0
0.2478187194841877 0.05154314507209887 0
1.353526934866777 0.363783860754887 0
1.562069306094853 0.04779936825665364 0
1.552919709576653 0.05183481338914361 0
1.004579402231235 0.04759157632070676 0
0.9954300879855094 0.05162707356948407 0
1.283322634264402 0.04769432605565359 0
1.274173065347692 0.05172977599279372 0
1.118121791955897 0.04483675187768767 0
1.126191324123799 0.05074271162707706 0
1.724541218633087 0.155979090012016 0
1.753900176384033 0.3628223851841718 0
1.763006735019405 0.3586907304975126 0
1.763981896418089 0.3487383919857204 0
1.772113293659221 0.3545590757722001 0
1.773088455061406 0.3446067372667523 0
1.78121985227983 0.3504274210433947 0
1.782195013642886 0.340475082587912 0
1.790326410952023 0.3462957663165709 0
1.789351249586123 0.3562481048794302 0
1.79845780831688 0.3521164500945729 0
1.799432969652475 0.3421641115068781 0
1.807564367058494 0.3479847952759481 0
1.808539528582421 0.3380324564601931 0
1.816670925962043 0.3438531402814395 0
1.81569576452735 0.3538054791109638 0
1.824802323486314 0.3496738241052049 0
1.817646087366716 0.3339008015462581 0
1.823827162064472 0.3596261630393578 0
1.832933720994916 0.3554945080973375 0
1.833908882552755 0.345542169021158 0
1.842040280055723 0.3513628530147286 0
1.841065118731369 0.3613151920000657 0
1.850171677676367 0.3571835369761187 0
1.851146839044678 0.3472311979552077 0
1.859278236697608 0.353051881895417 0
1.858303075340035 0.3630042209286398 0
1.867409634391574 0.3588725658692329 0
1.868384795672001 0.3489202268317941 0
1.876516193448643 0.3547409107570418 0
1.797482646953333 0.3620687887462162 0
1.03094768370282 0.04542643793079097 0
1.039017160340501 0.05133228763906273 0
0.66512924409362 0.04607324548648403 0
0.6731569474002851 0.05187553948289842 0
0.5529534681695386 0.3656143867280374 0
1.910773210565046 0.04544568490172716 0
0.9265570273540329 0.04414740940957796 0
0.9346263674463643 0.05005304660132127 0
1.309691364089797 0.04552945966978334 0
1.31776094545879 0.05143549572498991 0
1.588438096018908 0.04563453837177347 0
1.596507692707023 0.05154059950162525 0
2.154273805399636 0.3618607203481704 0
1.188304749275587 0.3626659888230638 0
0.8393886546292049 0.04474116173161416 0
0.8474577522545372 0.05064633869336108 0
0.1880363295365211 0.2942821536909606 0
0.1800334940004856 0.2885130768376334 0
2.152351553055563 0.1471309822007605 0
2.153431555899679 0.1371894736641965 0
0.04956238043464846 0.04565929875073622 0
1.786085160185099 0.1584902749217998 0
0.04548413656188603 0.08532978563392303 0
0.04439845293129747 0.09523914109107438 0
1.501512035727454 0.3632122387226022 0
1.510618586992089 0.3590805878697099 0
1.091753237711184 0.0470017420121344 0
1.082603771999836 0.05103721487142292 0
1.602926872688348 0.1528262540598523 0
0.5607579547385932 0.04471785202856976 0
0.5688230888048029 0.05061727206061182 0
1.057559786866018 0.3649255455336636 0
1.049428586169369 0.3591049036470716 0
0.4487570501064572 0.365312171651121 0
1.771138132239413 0.3645114142889447 0
1.457674197845495 0.04651721728868414 0
1.44852460735898 0.05055266371259126 0
0.9095829446735877 0.3654927490301719 0
0.8617859305103491 0.1580004486399793 0
0.6572629273568891 0.3658460658215217 0
0.2789509445564298 0.2523697608976345 0
0.2779777344348376 0.2621789303359804 0
1.445838520482856 0.1552354911523386 0
0.5408584898342763 0.148043563410012 0
0.5499902373679435 0.144013294132227 0
1.663734041347698 0.1544026730570927 0
1.266362463621574 0.3652907858317033 0
2.146034526914669 0.04607686762967702 0
1.953599407430033 0.3673177209460561 0
1.945468010376344 0.3614970348795872 0
1.875541032190672 0.3646932498285222 0
1.884647591258976 0.3605615946890988 0
1.885622752493628 0.3506092556231488 0
1.893754150327182 0.3564299395330421 0
1.464093403643396 0.147802785047016 0
1.473242984814569 0.143767345784001 0
1.419425514208271 0.158038486838868 0
0.8224302490765528 0.3669927531345533 0
2.102344387474632 0.04613948217161085 0
0.744393572248723 0.3643569445865736 0
1.188077606493918 0.04237708192314715 0
1.178928077112562 0.04641253867336664 0
1.466931398369287 0.0430186212897764 0
1.370764859394727 0.3654729008372525 0
1.854325427041918 0.1557069411449342 0
0.7180537099006724 0.3667969108654071 0
0.2645296812933283 0.1379439854972372 0
0.4302034335935164 0.04574248061132927 0
0.4210741387501741 0.04977989473137178 0
0.256553069478008 0.1321271729211937 0
1.559338900507527 0.1531204509296603 0
1.684507544808457 0.04098363838653479 0
1.675571742642948 0.04504244527564106 0
1.30994472483199 0.3645373048909206 0
2.107113129042351 0.2428048273368077 0
2.099043531644417 0.2368987632518478 0
2.100123534487242 0.2269572548806523 0
2.090973934284257 0.2309926991795019 0
2.092053937107344 0.2210511908388726 0
2.082904336938094 0.2250866351136513 0
2.08398433975598 0.2151451268066737 0
1.954361204748391 0.04515147898801594 0
0.6268714610270318 0.1574063322866733 0
0.7404199350583466 0.1548088143290184 0
2.075240268924027 0.3691885849311211 0
2.084346825257537 0.3650569303087928 0
0.6462322781595516 0.1394094065533383 0
0.6553736793974849 0.1353767958315202 0
0.7836196338627441 0.154881292037848 0
0.3397290453285792 0.2439150251249264 0
0.9703987422383902 0.3664305795235487 0
1.979943923894858 0.3648750949214968 0
1.620146059194085 0.1546968708545611 0
0.3829483268210681 0.243250840351411 0
1.009866226805285 0.1586922287328909 0
0.6005325717327681 0.1595719507985332 0
0.592472032061818 0.1536750371763867 0
1.523820543455734 0.1593207174530767 0
1.51575095554043 0.1534146632659316 0
1.788895444055507 0.04273779276233198 0
1.640390739515588 0.3667721915340464 0
1.597587693247043 0.04159909291493669 0
1.605657290409163 0.04750515435886915 0
1.727555662324617 0.3652650103482026 0
2.000422302773965 0.1558759882946045 0
2.008587015550311 0.1617642401270877 0
0.2858762883017769 0.2681529455748262 0
0.4433583683548741 0.2444750099194664 0
1.475167540497897 0.3656548549714582 0
0.318612053713052 0.3672418553406462 0
0.3105245463080893 0.3614354684587764 0
0.4867684641843469 0.2435883675196759 0
0.513037534730772 0.241301396115176 0
0.6742367338501634 0.04193696958804421 0
0.2488823290288876 0.04165521736476532 0
0.2569103053777989 0.04750489305837206 0
1.510411759570516 0.04218754426308421 0
2.041537193649587 0.04456306741272441 0
2.03238759335296 0.04859851181015407 0
0.5737641976146824 0.2422167713803194 0
0.6172922554478913 0.2414511609484203 0
0.1710327958449006 0.2925596094826461 0
0.1720319078076739 0.2827457524135175 0
0.3375819382767293 0.2642228913332249 0
0.4393341333419291 0.04170624854465266 0
0.6306478063111369 0.04222116839958229 0
0.6215053470802384 0.04625367231066335 0
0.695299603970803 0.2440391712330749 0
0.7216256270686098 0.241609376846436 0
2.058027170725651 0.3675543469669247 0
0.8432383532163715 0.2434550285019801 0
0.8695761289507005 0.241015260962025 0
0.5935485670872656 0.1437462416125075 0
0.9476278546815223 0.2436319453655067 0
0.9739694320773676 0.2411910733963144 0
0.9821000175942765 0.2470112795394805 0
1.318840940553887 0.0414940079664879 0
1.025681764942506 0.2462551025248224 0
1.121949522608669 0.2406156963948354 0
1.130080705137084 0.2464363308801813 0
1.001840812333715 0.1528858809185504 0
1.173662775811215 0.2456820384881679 0
1.260826638033615 0.2441745688164927 0
1.287170843903863 0.2417320727514051 0
1.002929306839984 0.1429647411359678 0
1.095606035770697 0.2430570103948383 0
1.023731466823541 0.2661585577229289 0
1.408811266007704 0.2436025553721903 0
1.01560006331042 0.2603384267402233 0
1.435155678040306 0.24115997193618 0
1.171712452863378 0.2655863138748421 0
1.513213960247464 0.243784335005795 0
1.539558433709371 0.2413417056117063 0
1.411355934456509 0.1521324406794835 0
1.617616776989158 0.2439661256878786 0
1.643961274185351 0.2415234984908009 0
1.163581233851123 0.2597657342082454 0
1.412435917682674 0.1421909492738262 0
1.733075582615573 0.2201102690512008 0
1.741207616710979 0.2259318407182794 0
1.516830954575713 0.1434731683681036 0
1.570648492323698 0.1292020101624948 0
1.631455656836563 0.1307784247469085 0
1.864279418989138 0.1511716941300549 0
2.044206778178592 0.1001766744590897 0
1.785765573862729 0.2152263931139745 0
1.776659037347594 0.2193580921486416 0
2.031307590568101 0.05854002028223898 0
1.865493487401745 0.1411468864452131 0
2.113083568239606 0.107659152944937 0
1.963351020665371 0.2677943311089246 0
1.972457579496349 0.2636626762664507 0
1.989050483199891 0.3607434398064583 0
1.599733774581572 0.3376687680591161 0
1.800408131395886 0.3322117725870268 0
1.632904399722163 0.2655598166650496 0
1.924644351249833 0.2187862438213079 0
1.894729311513905 0.3464776004758208 0
1.902860709378494 0.3522982843692912 0
1.901885548190997 0.3622506234687839 0
1.973432740754022 0.2537103375243248 0
1.981564138355095 0.2595310213309769 0
1.980588977073255 0.2694833601533606 0
1.989695535991699 0.2653517051862946 0
1.988720374695338 0.2753040440555719 0
1.997826933657968 0.2711723890676747 0
1.604577289582048 0.0574466609171724 0
1.613726887298448 0.05341121593874035 0
1.614806888317401 0.04346970918712547 0
1.622876485332747 0.04937577090415907 0
1.528501568006476 0.2653780063888364 0
2.077190586931564 0.3492839066913717 0
2.0212459669447 0.2985867788418132 0
2.029377365060938 0.3044074627847708 0
2.060927795791985 0.3376425380809673 0
1.511593743760776 0.3491282569691947 0
1.424098825735229 0.2651962168749639 0
1.407191044323817 0.3489463268256546 0
1.276114045218661 0.2657681430500533 0
1.121304467283363 0.3360049862333554 0
0.9629136352755991 0.2652245195542358 0
1.006824092557259 0.3499048314335715 0
0.8585210244415202 0.2650458638246683 0
0.7105741187368408 0.2656277269652333 0
0.6062386970861695 0.2654641353074399 0
0.5019807636644239 0.2653170125224026 0
1.152799252664607 0.3691194064474396 0
1.14471231498171 0.3633964967110704 0
0.08289710122582994 0.05914565004653696 0
0.08392959757374292 0.04922953134823671 0
0.05252674480780462 0.1010907745490043 0
0.04336667323294898 0.1051528792758739 0
0.3979168115232696 0.2652663516936741 0
0.406996977707725 0.2611291000637881 0
0.1720088752182289 0.3673599904413629 0
0.1639358036195286 0.3615425252628763 0
0.8883138910141783 0.1556602661314109 0
0.9313779360894877 0.1557914957950144 0
0.07585329847311857 0.04337771934411695 0
1.44882304362276 0.3680974715577563 0
1.231690598139259 0.04213986064210476 0
2.111403095687323 0.04222822592108602 0
1.11475887387973 0.1396229876312051 0
1.040097102760661 0.04139093588818898 0
1.728355612170439 0.04072544677527547 0
1.832746823847722 0.04199865339976604 0
1.283600309738377 0.366979867777581 0
0.9491160005255832 0.1572375232764223 0
0.04045097586876948 0.04973350592147868 0
1.811717196628187 0.155390681928545 0
0.7613755942384347 0.04130393371445209 0
0.3787583986506158 0.04028485135978058 0
2.155247242423696 0.0421845246801422 0
1.509842817867021 0.3687543760405625 0
1.51878320064999 0.3648548449021612 0
1.902703613134448 0.0395396209434727 0
0.4828748541549802 0.04141539847595203 0
0.4882378490666728 0.1523746830229397 0
0.4801887515015176 0.1464886686995387 0
0.1891441372078963 0.369088875436912 0
0.1982138511973992 0.3650023084459083 0
2.138383309895701 0.2762724986313743 0
2.146464873020123 0.2821622138909887 0
2.155544673696974 0.2782221385626653 0
2.154466997474322 0.2881604681315096 0
1.553225833321381 0.3682793652819865 0
1.092035157779855 0.3683037743659787 0
1.101141625949154 0.3641722056134761 0
1.179514769922827 0.1859675848572935 0
0.7177937913687973 0.04160277085275414 0
1.914691402411092 0.1571588104366523 0
0.2701687859020954 0.2568711420419945 0
0.2690291732911462 0.2663109197161651 0
0.2611692873313031 0.2611002020699593 0
0.2600531817398947 0.2704090340395804 0
2.156224128340578 0.3419560414945212 0
2.157199290057419 0.3320037017256983 0
1.553999709539638 0.04189330747236573 0
0.3117161373109978 0.1813087684881782 0
0.3037275404986897 0.1755669421000383 0
1.449604602615302 0.04061116095847803 0
1.440455010187447 0.04464660731911951 0
0.6967899533730999 0.1549606652297864 0
0.6887246337171129 0.1490590208848458 0
1.04845333199584 0.3690570858881763 0
1.876334815587376 0.04170444593452616 0
1.863374784148407 0.1610025400319826 0
0.2905628115757996 0.135751751967684 0
1.275253045247107 0.04178828923496666 0
0.5504974988655018 0.2146834860301296 0
0.5414121336757259 0.2188042188245042 0
1.406208035409915 0.04133926979095273 0
0.8146362309095562 0.1803592573706961 0
0.5211540750218636 0.2471174742539394 0
0.6547242122567742 0.2148915876892346 0
0.6456275038647767 0.219018150437408 0
0.4413726385526926 0.2643705000240419 0
0.7935046571351997 0.2184654693727971 0
0.8016328243723595 0.224284211630949 0
0.5844084964669076 0.1477752533366658 0
0.6254205753930716 0.2472565285396501 0
0.6244324867746701 0.2572143742585636 0
0.7590429517728482 0.2150604318069933 0
0.7499418557117749 0.2192072812216739 0
0.5545916721409944 0.2604153672074358 0
0.7297584963698723 0.247417795467148 0
0.728777724894347 0.2573718873194734 0
0.749575927517302 0.1507987334297822 0
0.750592657233637 0.1407205821652709 0
0.6387436706930272 0.2887110588940486 0
0.6898026057690934 0.1391234866534707 0
0.9069835574794616 0.2145216641981517 0
0.897878521344744 0.2186524964820632 0
1.063084065160135 0.2197728424700988 0
0.828533738255941 0.1442222637440377 0
0.8272095430423811 0.1544960683057222 0
0.7430903125098649 0.2888941109310997 0
0.877708032193096 0.2468318975482144 0
0.8767310162133997 0.2567848333310606 0
0.5048627318013534 0.0788765105350383 0
0.7710359540877934 0.1127496476747554 0
0.8641000022150818 0.1379536784073813 0
1.211064476375153 0.2192019768344809 0
1.219195715648363 0.2250225858154422 0
0.8910434103177686 0.2883230216812434 0
0.7746295753190574 0.3221194912234942 0
0.6091401616547164 0.08010458018113441 0
0.6010740159809896 0.07420443832990992 0
1.359048177291898 0.2186305230570737 0
1.367179525330664 0.2244511766048805 0
0.6962687957851179 0.07949528987267011 0
1.324572511154399 0.2152524396100039 0
1.315466022851664 0.2193840576062572 0
0.7834208023060429 0.07889599328950948 0
1.295302163299012 0.2475527100511861 0
1.294327001995585 0.2575049596391375 0
1.154149529956483 0.1141320416260658 0
1.14500011618231 0.1181674817091177 0
1.084221681887545 0.1816544797805052 0
1.076090653388981 0.1758340774442969 0
1.044223547847821 0.3234277754930165 0
1.035117349913318 0.3275591226698595 0
1.472557159328392 0.2146807858456415 0
1.463450623559508 0.2188124281349489 0
1.24132460789707 0.1135434216502948 0
1.232175092240309 0.1175788518443718 0
0.8705844694963163 0.07830198909837507 0
1.308639487691781 0.289050621224151 0
1.443287049639318 0.2469806401715753 0
1.442311888471053 0.2569329492869833 0
1.576955214976151 0.2148733633098172 0
1.567849375850113 0.2190028138903961 0
1.328500144912072 0.1129549513343991 0
1.319350597567257 0.1169903950686222 0
1.507903981056262 0.1472044227636662 0
0.974972436236016 0.07958076835239275 0
0.9669030483295875 0.07367508153439838 0
1.547689821525967 0.2471623889175509 0
1.546714660337066 0.2571147146814898 0
1.456624368055538 0.2884788663213114 0
1.568488490940938 0.1490850091299533 0
1.681347524831583 0.2150303548954053 0
1.672245597440466 0.2191687012022089 0
1.340189746583079 0.3222855473905344 0
1.652092667707182 0.2473441819319011 0
1.651117506434791 0.2572965147573191 0
1.629295653305758 0.150661428443717 0
1.561027138008804 0.2886607007137269 0
1.062145434232365 0.07899100858229298 0
1.444592340057831 0.3224674678281316 0
1.435485799623245 0.3265991068476904 0
1.166538833472988 0.08027239049911324 0
1.158469289569151 0.07436641902681455 0
1.665429982440401 0.2888425335771828 0
1.253714069624743 0.07968365394951854 0
1.54899510226758 0.3226493409366787 0
1.539888550148898 0.3267809910977051 0
1.650834852571879 0.1127660332888216 0
1.340889666993838 0.07909506757041992 0
1.787518379583488 0.1376588678091658 0
1.42806545601711 0.07850656350814403 0
1.69698040227267 0.3220775988466831 0
1.885993994807059 0.1131656222362035 0
1.53246052909077 0.07978871625620641 0
1.663224454451224 0.07890607255386191 0
1.655154857983865 0.07300001115219461 0
1.945782950745727 0.1806659179679034 0
1.854795608967869 0.07959985979076278 0
1.918842808070242 0.05135174875546742 0
1.919922810333121 0.04141024039745705 0
1.889193278078103 0.2253605220964305 0
1.880086895711318 0.2294923034655331 0
2.023237993066875 0.05263395620106633 0
2.024317995846099 0.04269244771744316 0
1.840816421085248 0.04790471710745673 0
1.932775747019717 0.2246069260293471 0
1.736422840731256 0.04662613998467773 0
1.735342444235621 0.0565667529081333 0
1.687873845183078 0.3262092525467135 0
1.675841807644316 0.3601979134339363 0
1.91099210728402 0.3581189682796402 0
1.911967267833928 0.3481666300272226 0
1.597783452298107 0.3575734378006272 0
1.596808289788519 0.3675257740023919 0
1.518481353947083 0.04809360260377285 0
1.331083220921127 0.3264171784804758 0
1.415322419112635 0.3547670059359915 0
1.41434723085214 0.3647193421212775 0
1.119999299302525 0.2605197929792855 0
1.326910530629546 0.04740004573671081 0
1.319051252085841 0.3604056689179476 0
1.239743206208554 0.04800738700239948 0
0.981125142646512 0.2569621646240786 0
1.048166645461547 0.04729679945954177 0
1.014955071971584 0.3557254142594784 0
1.013979398024708 0.3656776954495354 0
0.3499259800546902 0.1468937412620878 0
0.3590943520590671 0.1430065899897931 0
0.7655251816952539 0.3262495739733062 0
0.9674136021365483 0.1491671739944121 0
0.7694447331598725 0.04720838067108197 0
0.7534977673500568 0.3602264890388074 0
0.6822989762589998 0.04782332283884708 0
0.6833764084205658 0.03788123514326203 0
0.5201501626050217 0.2570860222136235 0
0.5699011573497031 0.04068080957061837 0
0.5779641283661634 0.04658028757366364 0
1.127271291855026 0.0408012734934517 0
1.135340792911443 0.04670724250860544 0
1.570463783851105 0.3699683960192168 0
0.4909218203479784 0.04726574736461265 0
2.050686793965337 0.0405276230161187 0
0.1629348520833793 0.3714444078216734 0
0.1549294908091412 0.3656318717058733 0
0.3868170651539657 0.04616520432866914 0
0.3857528602067274 0.05608428798607205 0
0.848537499408301 0.04070548670125595 0
0.856606868792731 0.04661071382582677 0
2.13606068654884 0.3701240304869971 0
1.083683692295394 0.04109579211229317 0
1.092833187812481 0.03706031297282127 0
0.3357541946823107 0.368941003809627 0
1.910016946103936 0.3680713074273363 0
0.9965098794452951 0.04168573653611299 0
0.9873605596288417 0.0457212373252327 0
0.08496007739579739 0.03931088145836108 0
0.09303524394112717 0.0451635206879358 0
1.196332168711092 0.03811423244024082 0
1.9362707479726 0.1286436240222605 0
0.5263476964489482 0.04100991347216328 0
1.166842789811259 0.1557287866420255 0
0.304942499679518 0.2499871073204881 0
0.3039714855158626 0.2598107398098993 0
0.4510811479340567 0.1653968842378514 0
1.341544791531434 0.1543927014109839 0
1.333354026710455 0.1486522790785709 0
0.500338943204042 0.3704545965555705 0
1.289741929765577 0.1489795121360691 0
1.298891453805561 0.1449440952869248 0
1.031535884885091 0.186539974149815 0
1.989582372609129 0.03958033974275465 0
1.23334538099227 0.1711465388535963 0
1.225074520127446 0.1653122607806791 0
1.170091821391753 0.3709291637005529 0
0.1984425904630556 0.1110541199276227 0
0.2064404951150702 0.1168261327936423 0
0.8049526842393099 0.04100213463562554 0
0.4195202504666504 0.1448240133761511 0
0.4115006410142022 0.1389918788926819 0
0.9359079075879705 0.04056908477370663 0
0.9438090417457221 0.04609370777773877 0
0.3353020975256698 0.04065542265019733 0
0.326188710196207 0.04469573341759669 0
2.074454938358961 0.2190627925338456 0
2.075851442222131 0.2092194330282201 0
2.085053792489457 0.2052003469424099 0
2.076982436840216 0.1992937376396612 0
2.067845145109213 0.2033329987775507 0
2.068923096513707 0.1933908543833297 0
2.059789517084632 0.1974072750765193 0
2.060857536928896 0.1874820439215335 0
2.051708609817635 0.1915170303964324 0
2.052786727619982 0.181578158758716 0
2.043636925567807 0.1856139661133234 0
2.044262629815369 0.1755794829762623 0
2.078072354720015 0.1893553041645868 0
2.053790464147596 0.1716220178158246 0
2.044782780847165 0.1655247601300284 0
2.034922850984734 0.1797558386383359 0
0.4221423427943798 0.03985470343716362 0
1.955950785864414 0.1107065925286359 0
1.362428754281372 0.04119967765618998 0
0.3095380852840125 0.3713436321274139 0
0.3014510112022064 0.3655342990584238 0
1.318076076577782 0.3703579829515378 0
0.2895114113966775 0.1455754329022202 0
0.2804846710262148 0.1495790010278772 0
1.230911668921654 0.3718648950577412 0
0.342866239489558 0.2141462694027293 0
0.2694083849763929 0.2471650395908344 0
2.16317912468427 0.04777834566797351 0
0.5790444158660982 0.03664304478709802 0
0.5871077130456036 0.04254331425919206 0
1.410275943357081 0.1620739208396809 0
0.2760634618174554 0.1874471027181668 0
1.623956486437612 0.03943426384121435 0
1.632026083656701 0.04534032575152824 0
0.639655892775804 0.03869676520623107 0
1.388750558256671 0.03962419233299914 0
0.796088796300173 0.3694336866798494 0
1.349552409659961 0.1603833630994631 0
1.097226830088057 0.1377165185078448 0
1.988075321838119 0.370695779074308 0
0.4031518862962178 0.2151566653213095 0
1.815979721007631 0.04055866575099068 0
1.377079974786056 0.1481692860390409 0
1.978926005366831 0.3748687409736409 0
1.897885037431073 0.1551388753484163 0
1.711073526640692 0.03945505261300052 0
0.5610786056860345 0.371433644926825 0
0.622582574999654 0.03631401455677716 0
0.8308441730211354 0.03946792943927271 0
1.493637335167658 0.04036525082661224 0
1.240820532126941 0.03805990023184548 0
1.674866645496631 0.3701502511520332 0
0.4464632955952623 0.2144582194183729 0
1.88367243003206 0.3705139337894913 0
0.8921198390333737 0.04040731934547509 0
1.771939632825435 0.04042224107498765 0
0.3315866072568388 0.15498097212734 0
0.1885649319283244 0.04028892565457528 0
2.161501153422499 0.1430955378418073 0
2.162581156267718 0.1331540292957457 0
0.4656221856629513 0.03964074880561411 0
0.396245784430631 0.3700902825506636 0
0.4374098012486023 0.2185520360664007 0
1.631284181527312 0.3709038452216661 0
1.088121257487795 0.1418469655898147 0
0.5317284633767189 0.152074255730867 0
0.4342461747405642 0.2486824243208214 0
0.8576575783143305 0.03670915829914835 0
0.6001031185486493 0.239725035873947 0
1.056584588814134 0.3748777473641043 0
0.302436934997399 0.3556280275202919 0
0.2933657511548371 0.3597277139465023 0
0.2924914318533369 0.3694730110967637 0
0.284315697494906 0.3637947786031242 0
0.361583476930763 0.03844928278353448 0
0.2154325443516198 0.1128396791564117 0
0.917713902750342 0.371313336932339 0
0.1482493805882094 0.0959206777772201 0
0.1562658877779063 0.1017251902562849 0
0.1472367566542842 0.1057628520087737 0
0.1552794023661733 0.111557558499647 0
0.1462292539270974 0.1155934752834371 0
0.1643401150095168 0.1075215416336161 0
0.1542670193617162 0.1212891598973264 0
0.145178382840304 0.125316530989954 0
0.1960472934610373 0.300048558278473 0
0.1970333758048254 0.2902317668885902 0
0.2050388792398267 0.2959921413109337 0
0.2060264750312734 0.2861794739918768 0
0.2140268099846567 0.2919395632597288 0
0.2150100171504589 0.2821339994793682 0
0.223010468932915 0.2878900757892974 0
0.1630336481973201 0.2867905165616313 0
0.1639492023197076 0.2770904873401622 0
0.2823947463054535 0.2987261618816477 0
0.1030101900364214 0.1161697685210928 0
0.100699716337405 0.2205470236142302 0
0.1087086724909943 0.2263355291693032 0
0.1097369794350889 0.2165569725600559 0
1.51467095692789 0.1633561574213014 0
0.2315052072022227 0.04026226637458407 0
0.3649305212638675 0.3368402650147302 0
0.4812607208869744 0.1365751111766293 0
0.4721400172346815 0.1406035069738927 0
0.3251279664822427 0.0546025848622681 0
0.3170759174961117 0.04873450697466876 0
0.3181333908223668 0.03882390562859783 0
0.3090227737586753 0.04286734111676405 0
0.307966757082017 0.05277437909861844 0
0.2999163920757111 0.04690948844202983 0
0.2988793255203795 0.05681286401425046 0
0.2908335472996355 0.05095134533455414 0
0.2918701117998367 0.04104687853351475 0
0.5854878291196114 0.1378379825611465 0
0.4688904698967212 0.3372119673510038 0
0.9830751973028763 0.2370598579179544 0
1.028610494458639 0.2163947761890788 0
0.5984350550350833 0.3449974876636326 0
1.019504470253887 0.2205259098157608 0
1.131055871356471 0.2364843117219192 0
1.17659070374154 0.2158250042594538 0
0.9087270778600427 0.1273671147401702 0
0.7027721450557231 0.3452070521391413 0
1.167483181695022 0.2199555937773396 0
1.086499925459997 0.2471894404187609 0
0.9337128091171798 0.1353897525560841 0
1.006169902835752 0.1131446458180071 0
0.9970207731708901 0.1171800127809958 0
0.9551120214533052 0.344837443380643 0
1.163910901196314 0.3452039456313807 0
1.268312741154801 0.3453862422572444 0
1.41567588786475 0.1123664799950534 0
1.406526310490909 0.1164019207182834 0
1.508798452637348 0.1375164068307669 0
1.517917134187631 0.133523221686777 0
1.701412432232844 0.1283193953320926 0
1.726701222512976 0.1360960781925303 0
2.022157990296058 0.06257546465943155 0
2.047446785566897 0.07035214845358211 0
1.798127698035642 0.2666770644238722 0
1.837607164502104 0.1535845461512431 0
1.902530593253041 0.2668588991239345 0
1.894399195967284 0.2610382153856585 0
2.127929288590276 0.3643033461664738 0
2.149067891550163 0.3261830181917164 0
2.158559113305263 0.3224090173943653 0
2.150761972682221 0.08157586713176142 0
2.159911573073526 0.0775404227448362 0
2.15883157022833 0.08748193131953652 0
1.78479040203835 0.2251787065707194 0
1.775683843182667 0.2293103564444459 0
2.151781127697367 0.2325691141933075 0
2.159850725206173 0.238475178364139 0
2.16093072805703 0.2285336698193194 0
1.944162741808112 0.2860099797144464 0
2.055516383024738 0.07625821253478114 0
2.007815654174113 0.1716973251218526 0
1.84171016712616 0.2659234674686522 0
1.997181881170427 0.3665641239423409 0
1.748694262924743 0.3271446874059237 0
1.783815231128502 0.2351310223092103 0
1.774708672758811 0.2392626796464361 0
1.728200716923572 0.2698732918369972 0
1.737307273513167 0.2657416378056318 0
1.738282437306076 0.2557892958394372 0
1.746413830282408 0.2616099834009208 0
1.747388991916871 0.2516576441630284 0
1.755520387339256 0.257478329872026 0
1.474322982230036 0.1338258560399476 0
1.886597913703575 0.3406569165914318 0
1.914892742432123 0.3183096220913892 0
1.630946079098741 0.05528183262913908 0
1.640095676660371 0.05124638791848188 0
1.641175681306331 0.04130488054053497 0
2.104510208641273 0.3368890204910944 0
1.12511133826805 0.06068413164560838 0
1.139187017095784 0.242304844874356 0
1.138211931557948 0.2522567482614295 0
0.9335463059701046 0.05999417488137095 0
0.8296555187689554 0.1342265961023651 0
0.596767985965977 0.1139402725837035 0
0.9912058177772926 0.2428800868465464 0
0.8334863088653435 0.3429595072243271 0
0.1372069758671924 0.1196146275005444 0
0.1361929193459288 0.1294300820420586 0
0.5510657615865826 0.1340894597125662 0
0.05150131178091578 0.1110002590349005 0
0.04254985122089029 0.1150850821752945 0
0.05051451018141601 0.1209099726387751 0
0.04157106426286941 0.124996816022371 0
0.5677420642686205 0.06055202092953646 0
0.4422135222376316 0.1691226602893261 0
0.04950645491495872 0.130817221001572 0
0.04042167975965159 0.1348886686897418 0
0.04846657672244132 0.140719174859471 0
0.03937840767137469 0.1447893153401932 0
0.1550247752861317 0.281038633760428 0
0.3600517806815818 0.1333226300333644 0
0.368071603297612 0.1391738013486861 0
0.3671813641488116 0.1488841518773087 0
0.3761032212211499 0.1450342954144314 0
0.3750936055186028 0.1549123618545421 0
0.3841044190992289 0.1509267214149093 0
0.385184524543102 0.1410830083996251 0
0.03942574243284692 0.05966066869759393 0
0.04743952425574764 0.1506206207706393 0
0.03803490343845507 0.1546573685980843 0
0.04636460950797584 0.1605156846620668 0
0.03695297935734533 0.1645512914032109 0
0.7525219172037456 0.3701772379422806 0
0.3338560573111303 0.2182282152412234 0
0.07155542931430554 0.2524056604005814 0
0.06351061145980791 0.2465921986830788 0
0.06249738040052802 0.2564745809631236 0
0.05444273516957774 0.2506532818351904 0
0.05342844819276305 0.2605466070626344 0
0.05546149656077366 0.2407663182612599 0
0.04536596289743781 0.2547177409942971 0
0.04435068021362226 0.2646154237685148 0
1.501024400034725 0.3744024489997901 0
0.04532605300853847 0.1704138360228798 0
0.03624031053497123 0.1744829703098395 0
0.04438170217749205 0.1803234220167829 0
0.4941749253843288 0.3447556353821997 0
0.1794822313327411 0.04433996130937452 0
0.05241821770308889 0.2704443710221974 0
0.04333650409599729 0.2745176276471239 0
0.05140820064706336 0.2803479058930689 0
0.04249624750348922 0.2844416447627515 0
0.05042602736302285 0.2902587969089318 0
0.04151592701472819 0.2943545092252494 0
0.04942534116370007 0.3001699623434666 0
0.04033516169497055 0.3042497315802958 0
0.04838806766061869 0.3100815470056534 0
0.03928819363229711 0.3141626011294466 0
0.04736597516140937 0.3199977028009864 0
0.05645925335863175 0.3159155385972889 0
0.05544577925061797 0.3258317550004384 0
0.06453837853798847 0.321750141625099 0
0.06352932436833347 0.331665953318323 0
0.05443372644121731 0.3357494735984734 0
0.06251876572332278 0.3415830102290287 0
0.05342207551167522 0.3456695007391273 0
0.07161348995032128 0.3374989708888713 0
0.07060422476353242 0.3474156245697205 0
0.07969621596097035 0.3433303157463913 0
0.07868952058556314 0.3532457752039 0
0.08777976402715494 0.3491619094204046 0
0.08677338496694877 0.359076759330704 0
0.09586470721463988 0.3549948422738488 0
0.06960417307542756 0.357339288246377 0
0.09488899394711178 0.3648639397206664 0
0.1039541000839977 0.360818811940422 0
0.0453339029503041 0.3398323560905089 0
0.04432158858379426 0.3497600050195 0
0.09687155277457071 0.3450798639841853 0
0.08070047513094969 0.333413428499225 0
0.08577548735902511 0.3689468711468568 0
0.7441583657737223 0.03943531053168685 0
0.04147786304095574 0.03980193645008474 0
0.3296543968558172 0.3433328543303453 0
1.944492848589887 0.3714493757572756 0
0.1971730693244587 0.374801315334866 0
0.2062197105458331 0.3707893079772964 0
2.164411952534067 0.03818333862441269 0
0.3901039923587435 0.3444359733171577 0
1.022878155159177 0.03952059203346245 0
1.58003444891884 0.04021560319677586 0
1.301315144944284 0.04004238039644497 0
0.2852854448148326 0.3539195490723147 0
0.2762184961951433 0.3580127277908948 0
0.2752301656500055 0.3679091949167916 0
0.2671434011895586 0.3621006894156535 0
0.2661219632738812 0.372358875052886 0
0.2580673113869899 0.3662523647645442 0
1.040641679026809 0.1824082654630914 0
0.8305603754768481 0.3728133222571856 0
1.136420799140371 0.03676579397960662 0
1.144490298902758 0.04267177639306294 0
0.5913957707561579 0.1636032656503641 0
1.984467713396403 0.1441833368592046 0
0.102919575629517 0.370549798234125 0
0.1120284773060128 0.3666221101743344 0
0.1130397687251951 0.3567368939489099 0
0.1211196170042487 0.3625680171314571 0
1.84189642380684 0.03796320878870215 0
2.153298644180585 0.3718130594248632 0
1.519561353622788 0.03815209894866925 0
1.271442879169621 0.1570503477023918 0
1.262293370592759 0.1610857672578297 0
1.180008026282103 0.03647107043040401 0
0.4912387969917316 0.3745781345110691 0
2.00962437821843 0.1519538838407135 0
1.996206719808374 0.3765164632436122 0
2.005313279164653 0.3723848080982822 0
0.4568489326766134 0.3711369228892805 0
1.589527703705123 0.1829227289171349 0
0.5526907705220792 0.03881882390843656 0
0.0352847712470257 0.1843902784009817 0
0.043359753725697 0.1902253337215542 0
0.03445027769625852 0.1943108226372529 0
0.04237186916911349 0.2001303532376707 0
0.03346669332029583 0.2042169831889563 0
0.04136488757911153 0.210034820939115 0
1.541847110976099 0.1620022064082823 0
2.050348075112117 0.2015118852457779 0
0.3829430587762371 0.1605755965706551 0
0.6653915783226649 0.3716661429038222 0
0.1559359197654362 0.2713463092577308 0
0.1470239894649598 0.2752790676909226 0
0.1479514064975333 0.2655649138425771 0
0.1390329285343665 0.2695067286329272 0
0.1399581775520424 0.2597945525385374 0
0.901269013007291 0.03637172728160997 0
0.2579717905083874 0.03761120766035721 0
2.150617274348299 0.3167711788714223 0
0.4919941905601362 0.03733657683612882 0
1.082928706015348 0.3724353097876633 0
0.2555147606214125 0.1419360624206812 0
1.145377800844426 0.0329933589225812 0
1.65133434279435 0.1822535358125685 0
1.3279905194862 0.03745855426772592 0
0.05059048946537507 0.035730733595463 0
1.049246476531066 0.03735541041540912 0
0.7705238819722352 0.03726792169935185 0
0.4962865172803294 0.1582607880224503 0
0.4871652635086903 0.1622876974355461 0
2.163605352357183 0.2841403887967086 0
2.164580605858705 0.2741902651936905 0
2.162523863002006 0.2940839283580138 0
1.957833776582401 0.1466510058388741 0
0.7869830250296057 0.3735645149518835 0
0.8741357708069666 0.3720643425593219 0
0.8649854012083371 0.3760978792590512 0
0.7312217207012244 0.1587223656992129 0
1.972660405155023 0.03708059016991155 0
1.308969548337511 0.3744896228753588 0
0.945096346701305 0.03662240364483357 0
0.9529703963016567 0.04208569090677897 0
0.9538542743165218 0.03246275637882909 0
0.1444012538935832 0.1351613219237172 0
0.1356875502061305 0.1392442627295332 0
0.9887620461868616 0.03581481555725804 0
0.5396077613693393 0.157568876402761 0
1.43189529663478 0.1855687157049569 0
1.188621136785115 0.1818360194177523 0
1.297934025282434 0.1547180830124955 0
1.14373664481808 0.3733477572288283 0
1.135612637351549 0.3675432180076404 0
1.737502170899096 0.03668310998113559 0
2.162405203703231 0.3676814042272683 0
2.127099206060113 0.3745754525973093 0
2.118846909146374 0.3684882955098666 0
0.7710716376785163 0.1811140098687808 0
0.5519759309902216 0.3755607329081416 0
0.1201135665539997 0.3724785201970055 0
0.7393019281415991 0.1653127786616762 0
2.147761075070731 0.03544286902089953 0
1.476457800658295 0.1748715392552886 0
1.485564339265183 0.1707398928029392 0
1.690102829345039 0.1522378493330112 0
0.1976498376002387 0.03623899729172817 0
1.93765155348436 0.1748452342878238 0
1.874565870893017 0.374645588959832 0
0.6143283258547516 0.1858511800478776 0
0.3878708335346991 0.03624289672491334 0
0.2144186097987943 0.1226138093287033 0
0.2234462423377908 0.1186479972266097 0
1.665760088638727 0.3742819053883568 0
2.017713418637624 0.1576810456624164 0
0.6661583374967844 0.03600884828902282 0
0.25199154479653 0.2647551903645801 0
0.2510443141773026 0.2744061392146637 0
1.215944845922379 0.1694416006390801 0
1.221805138048504 0.3759965178825049 0
0.3871587269336306 0.3742029083962391 0
0.9086076134026595 0.3754446682275442 0
1.456954434244176 0.3739181543888511 0
0.4477783906497753 0.375247686667225 0
1.639415577724078 0.3767245291292627 0
0.5881888179246334 0.03260529410320585 0
0.09404982459929062 0.03529291879516662 0
0.1021350064747219 0.04110869302880884 0
0.03628066753747921 0.2587853013709532 0
0.03733147461921302 0.248950111263936 0
0.2240265007384171 0.2780745039425892 0
1.372344232142235 0.1747180680695077 0
0.659831733116125 0.1657085031620063 0
0.7434174242733596 0.3743079115646877 0
1.84138005899683 0.1804840841977026 0
1.750910010024865 0.1538142650569242 0
2.018757981624968 0.1478824615931256 0
0.03608422676053247 0.08965943861612884 0
1.224014325729009 0.03692548704032526 0
1.676644320302204 0.03509948503169372 0
2.103318349439244 0.03634285977846893 0
0.4104336100175242 0.1488846281171117 0
0.4183476357172813 0.1544835456345151 0
1.567408491887837 0.1590265085603214 0
2.083474705224484 0.3748653260538715 0
1.7886910894483 0.1853694533339999 0
1.797797593616428 0.18123768204964 0
0.1805139303499756 0.03444317645352103 0
0.171425716181014 0.03849424969194868 0
1.332400090915744 0.1579719242949875 0
0.7048551639056841 0.1608623146006476 0
0.6957141307777431 0.1648963249313203 0
0.8212883040236599 0.3765778142816067 0
0.9286366859294273 0.03357341232714654 0
1.902200515680461 0.1814195557116754 0
0.8663387685926428 0.1854205147993473 0
0.8754396316271599 0.1812929330615907 0
0.919143368881659 0.180425250609199 0
0.9109053093440967 0.1747000442805258 0
1.158945087219329 0.1498551399408295 0
1.000474732363818 0.1629100006686114 0
1.627975985931297 0.1600595333064703 0
1.619026113395914 0.1645478061683791 0
0.117708289003841 0.222319003739749 0
0.1187250006721056 0.2124859444186782 0
0.1167071005930117 0.2321139212715592 0
2.170650753813271 0.1390600934708646 0
0.762947214676851 0.1752629426664637 0
1.100166437903236 0.3741244377125856 0
0.153856827559859 0.3755302582335379 0
1.671803635535887 0.1603087338221065 0
0.7918127593285507 0.1612852872117419 0
0.03263916382578267 0.2141409215902758 0
0.17082712542063 0.3768533900171254 0
2.081736132544223 0.23514043318463 0
0.03622887288704497 0.3439177524299695 0
0.03521472318371655 0.3538487432058708 0
0.04331139895328323 0.3596907204051308 0
0.03438081678436566 0.3638012154740426 0
0.04233249081203405 0.3696305222266612 0
0.03340296394879467 0.3737424544424059 0
0.6562868131576509 0.375795690915161 0
0.6481579957085583 0.369975369897337 0
1.51756199501739 0.3749860333514654 0
2.097963528813799 0.2468402716322737 0
2.106033126195117 0.2527463357197177 0
0.07688300232943274 0.0334545494551557 0
1.52254507770835 0.1688190297838007 0
0.3941069537625038 0.2192558216226133 0
0.6504971496639206 0.169310118747242 0
0.2680214827559961 0.2760446196892176 0
0.03133623841741124 0.05381011659088835 0
0.9717283376038958 0.1757250439085579 0
1.732609742198837 0.1618827217640847 0
1.723461038006074 0.1659201904860652 0
0.257081315547009 0.376097396886316 0
0.2489990534777614 0.3702910834837611 0
1.441005284130337 0.1814431110639112 0
2.169570750958157 0.1490016020377646 0
0.0346475009214996 0.2790065855482849 0
2.034379531158544 0.1896579601882557 0
2.165393547331618 0.3377689711291994 0
0.1731536806489328 0.2713772129460309 0
2.042617196447707 0.03462155889907449 0
0.1310063068597131 0.2636895828570618 0
0.1320405553384123 0.2539162058805106 0
1.23435310075767 0.161197529087473 0
1.226059744167965 0.155361042320772 0
0.03444389008617182 0.1097932223381278 0
1.441535007009845 0.03470510396645132 0
0.1272720712276508 0.133475817125793 0
0.1262816978998284 0.143296477419865 0
0.1347435387171478 0.1490679748265459 0
0.1252918060127803 0.1531108887962739 0
0.1332390018087659 0.158785211506953 0
0.1241637006011072 0.1628064717753216 0
0.5221448336127007 0.2370850492142777 0
1.119146856705638 0.03497029433218108 0
0.5049719912730004 0.235331001997373 0
0.1221235209401798 0.3526598868958451 0
0.1904563155622499 0.1052591394927345 0
0.1894335950469448 0.1150708552472946 0
2.145156896967548 0.2918278489701041 0
0.6264213546879591 0.237273635870083 0
0.2985472889764779 0.1415727905506627 0
1.008617272636666 0.1686972191064221 0
1.958890823221494 0.1368781133498057 0
1.968792689057709 0.1326276380782187 0
0.3069114258516639 0.06267259228111825 0
0.5495078434037226 0.2246107849041687 0
0.7307349170732862 0.2374695146842865 0
0.7135028906542379 0.2357855493307762 0
0.4303280684968561 0.2883456343852308 0
0.6111884829579328 0.2156534836969314 0
0.4732113043894091 0.1306909173303839 0
0.464091565378366 0.1347189096996413 0
0.7925294542939539 0.2284140526010415 0
0.8006553276476861 0.2342326882169337 0
0.8097556514494854 0.2301073862357823 0
0.6537487036264504 0.224832901668494 0
0.5292663912626916 0.25292692810834 0
0.5591230796377065 0.1399826249409813 0
0.5582970029077472 0.149565780996277 0
0.4995048727454329 0.128510820095356 0
0.8786835765308008 0.236880921417688 0
0.2499921668403727 0.3603943764879771 0
0.2409557169609653 0.3644779656058632 0
0.2399248091028033 0.3743720141713328 0
0.8614475996199331 0.2351935650464863 0
0.680654183401682 0.1431536760643825 0
0.7580691646943326 0.2250273944243213 0
0.6335430966785662 0.2530696959163292 0
0.07777038707933752 0.1086268649437116 0
0.9921814491909509 0.232929619234293 0
0.2978106163995983 0.06670871084018491 0
0.6579250432102975 0.2705195569673855 0
0.9658394377548638 0.2353701238821368 0
0.06554792969722061 0.3118379170750395 0
0.6817334843934412 0.1332199653047521 0
0.73788633220294 0.2532339002436598 0
0.7586614672755894 0.146628311068625 0
0.9060083162429529 0.224472290729913 0
0.7622754791338436 0.2706895350475982 0
0.69088006711971 0.129187357267678 0
0.836599788574707 0.1501293071087083 0
0.8352780729637517 0.1603997436523665 0
0.7860795617907932 0.1345399644151309 0
0.2478454673033108 0.135718749184138 0
0.2486313442295889 0.1262617824254101 0
0.8159240940793453 0.2558486578592223 0
1.140162318363827 0.2323531069569012 0
1.113818555275 0.234794891686602 0
0.8858382638647377 0.2526510701501467 0
0.9226303020785408 0.1500556067100377 0
0.9922758573490931 0.1571366016598861 0
0.7967437301929948 0.2740598557285444 0
1.210089311453839 0.229154145404737 0
1.218220449033799 0.2349747463672227 0
1.227326717447724 0.2308433825459426 0
0.8581975607672072 0.1121592550554271 0
1.071215023614728 0.2255932627270675 0
1.062108902670814 0.2297246637294357 0
0.9102305933940449 0.2701111603079939 0
1.000311829113093 0.2387491954866893 0
1.01462536863394 0.2702899351693685 0
1.006493531352197 0.2644702894130642 0
1.296277324724089 0.2376004603461488 0
1.279039577660386 0.2359113430315134 0
1.021228903329937 0.1348974154408018 0
1.358073015925591 0.2285828040849031 0
1.36620432879531 0.2344034559736913 0
1.375310791263909 0.2302718975293243 0
1.022756292539897 0.2761103007059833 0
0.8490496192643677 0.1161946692807872 0
1.444262210863957 0.237028331031519 0
1.162606071508406 0.269717866364557 0
1.148293320939974 0.2381733075895967 0
1.427024324140075 0.2353392733592072 0
1.067311764554817 0.2654052561518458 0
1.323597349304529 0.2252046996691405 0
1.160053662564077 0.1399192017860121 0
1.087146255540007 0.1517988073142264 0
1.170737286865644 0.2755384506230424 0
1.233507209464556 0.2565694737393804 0
1.548664983199757 0.2372100652849094 0
1.531427056293032 0.2355210065830167 0
1.306981418231072 0.1508222092171307 0
1.30569941534306 0.1601821816356042 0
1.240244635458106 0.1234848510393107 0
1.231176281496186 0.1274093842905882 0
1.303433487789647 0.2533733505023021 0
1.402378125063883 0.1559331976498389 0
1.214319291485137 0.2747849110094311 0
1.471582001484475 0.2246331035350646 0
1.327827717842995 0.2708351412600856 0
1.334413813106228 0.1387384224723736 0
1.653067829304544 0.2373918481938879 0
1.635829884573302 0.2357028122284301 0
1.381491672884182 0.2559975000642601 0
1.451418422993801 0.2528013094826883 0
1.482392567105933 0.1397319064292934 0
1.299971459481403 0.1350026766536084 0
1.575983277203033 0.2248181870680732 0
1.430735073592287 0.1341200770364967 0
1.362303514517515 0.2742130812234345 0
1.475812629865384 0.2702632754255034 0
1.732101163134186 0.2300636371942676 0
1.555821208596311 0.2529830677450867 0
1.576558085552359 0.1549910697050501 0
1.58021541007142 0.2704450782980152 0
1.637915932546705 0.1568968984208428 0
1.680383243374817 0.224993238409543 0
1.660224060678634 0.2531648630697638 0
1.715391591685719 0.1600144661632928 0
1.684618259144558 0.270626895561569 0
1.665894044188358 0.1345196640619849 0
1.656744446111144 0.1385551068711247 0
1.762219612920209 0.1298958084865556 0
1.760059607923466 0.1497788214665639 0
1.872495155376816 0.1569855395911313 0
1.871395514253816 0.1668119264528869 0
2.054764447264473 0.1616592014390603 0
2.062972722280925 0.1675935799314745 0
2.046186810554883 0.1556626612302408 0
1.781598814078656 0.1118834143993412 0
1.782840069052913 0.2450833574784736 0
1.805807604882653 0.1296016045881543 0
1.89342403463762 0.270990553862806 0
1.885292637393469 0.2651698701177849 0
1.901039327734373 0.1349209878468301 0
1.891903587436715 0.1389547021677675 0
1.43937501874623 0.0545881118488987 0
2.101203537271405 0.2170157465418216 0
1.996851772355678 0.2811247279837074 0
2.005958330176488 0.2769930728639913 0
1.696005240764672 0.3320299356299998 0
2.124902752046344 0.1592373152454682 0
1.548019940548034 0.3326016718560312 0
1.538913387229593 0.336733322546683 0
1.946443172645549 0.3515446941394481 0
1.946758112025194 0.1707135794969765 0
2.119548436674186 0.04803079996371976 0
2.121312171608627 0.03709501617037161 0
2.154511558733955 0.1272479651196182 0
2.163652540158884 0.1232115844529136 0
1.443617177279642 0.3324197884165864 0
1.987716237865885 0.05883881679437705 0
1.769779628626077 0.06030525728744646 0
1.87684439515521 0.1172010664709244 0
1.483472564989122 0.1297904150064273 0
1.874174810594992 0.06158746266402149 0
1.766577276081571 0.2334419953358558 0
1.917762805204974 0.06129325704153833 0
1.979613815770533 0.2794356989778874 0
1.821437219002366 0.06591711425185595 0
1.664304456147734 0.06896456826450251 0
1.904480915906165 0.2469542221293434 0
1.926912405393883 0.05725781268367196 0
1.948063386941898 0.2462006248426029 0
1.957169945681816 0.2420689699758255 0
1.846726011752123 0.07369379620867632 0
1.774063616465682 0.3346543988579041 0
1.996865277666823 0.05480413740854268 0
1.866105213611775 0.05568139931097585 0
1.129435702568691 0.3418256014793005 0
1.886267797580816 0.2552175325254494 0
1.877161239687238 0.2593491869981318 0
1.339214580889942 0.3322378477624792 0
1.551839711494224 0.06177631990639473 0
1.744491305333908 0.05252963666672834 0
1.743411115329102 0.06247071723492836 0
1.734261485073797 0.06650609062531825 0
1.668685571501507 0.3444248934453032 0
1.921718870482958 0.2486432522044996 0
1.659248898943035 0.2631171954101927 0
1.612646886237291 0.06335272242044301 0
1.603497288917238 0.06738816724256924 0
1.990670697265746 0.255399366332032 0
1.499102167939629 0.06610599808717148 0
2.006933491970191 0.2670407339733617 0
1.702186310706256 0.3577552969993366 0
1.701211149402526 0.3677076341611429 0
1.709342545612489 0.3735283190435323 0
1.700235988501313 0.3776599706735754 0
1.905786183490649 0.322441276995757 0
1.920098666271246 0.3539873132209576 0
1.921073824126391 0.3440349764111199 0
2.030352526409223 0.294455123657373 0
2.038483924256326 0.3002758076658623 0
2.092495394694732 0.3708536247930605 0
1.624127948151049 0.355130824397422 0
1.625103109869261 0.3451784879731413 0
1.649245276633902 0.04721094282655326 0
1.650325279191529 0.03726943633800085 0
2.103535090651229 0.3468412990965964 0
1.52439093502452 0.0738826587178595 0
1.360268780970516 0.06108267500856993 0
1.554846046142159 0.262935391592046 0
1.419995867684734 0.07260051586761236 0
1.043248357637691 0.3333797583940436 0
1.543770119312001 0.05587026526472296 0
1.273093100718687 0.06167126774622684 0
1.450443259359743 0.2627536162067974 0
1.167618784312385 0.07033097553011554 0
1.545094441726573 0.3624586814081955 0
1.544119277030711 0.3724110178161331 0
1.432385418063983 0.03874055119158205 0
1.33282008692145 0.0731890341587501 0
1.416297583569735 0.3448146813861538 0
1.408166207842994 0.3389940031315907 0
1.42442895077806 0.3506353690827761 0
1.242943669653124 0.3378764328416523 0
1.311895029849148 0.3446326967949747 0
1.135286736575518 0.2821127879001146 0
1.103408448076089 0.1634419204985936 0
1.245644506835615 0.07377764808929352 0
1.199361645902648 0.3386298480762433 0
1.352199203710287 0.05517664898501504 0
1.302458319222614 0.2633255929630047 0
1.1385421387581 0.337694051964192 0
1.345395568118015 0.3579631792293778 0
1.344420403027723 0.3679154855544864 0
1.352551771671477 0.373736180913906 0
1.081523926993984 0.0609786584236055 0
0.9760522237699802 0.06963963224655792 0
1.213673797353224 0.3701758408980214 0
1.212698602599031 0.3801281379484415 0
1.240993345656326 0.3577809784427009 0
1.265023543113932 0.05576527713800716 0
1.094960631016459 0.3384472627428441 0
1.159549232989197 0.06442500532011922 0
1.150399734938548 0.06846044745133018 0
0.7736541136976519 0.3320693073330094 0
1.05407597251253 0.07308517675606574 0
1.120329291247351 0.345957130286448 0
1.153607629896276 0.03868016558958434 0
0.8899608491830004 0.06028973448981715 0
0.9297455318590264 0.3373267406003482 0
1.073454500543904 0.05507288071761073 0
1.109272925270821 0.3699928592758945 0
0.8861674876978023 0.3380785011180097 0
0.7597270404510446 0.1366604283698038 0
0.8027946046341501 0.06088390883781403 0
1.015930289002837 0.345773348216919 0
1.007799309645686 0.3399527746335382 0
1.024061105056701 0.3515940966513674 0
0.9679828056115115 0.06373395042828194 0
0.9588336162502171 0.06776939413534333 0
1.447682308908576 0.3776848703110737 0
1.439688893316604 0.3721682982378251 0
0.9873067840815178 0.2826846921172518 0
0.8625154209889496 0.07239687613290156 0
0.9277951972092194 0.3572300995287198 0
0.8842165326935236 0.3579816369872441 0
0.5602092927834287 0.1300597729165541 0
0.4200150128688179 0.05970610143325299 0
0.7516612750193659 0.1307599694632797 0
0.7156374787378588 0.06148341918828727 0
0.9619913567379853 0.03812313001386709 0
0.6102168491427824 0.07016901204904559 0
0.8848607925854106 0.2626042459061744 0
0.7753522766168246 0.07299177822726446 0
0.8598258380088979 0.3405196314451799 0
0.8818918830041997 0.0543848592495907 0
0.8406406169607279 0.3587313047701245 0
0.6774210707647137 0.3376910743774871 0
0.7463427089177485 0.3444567245844679 0
0.6338646868909906 0.3384341271198633 0
0.6882013055889802 0.07359284475650268 0
0.7947262256817067 0.05498015446040982 0
0.7369041898727177 0.2631887220314233 0
0.5241969124983877 0.06086792944128874 0
0.5731050436076024 0.33747428020524 0
0.7798293306246822 0.3577926251129352 0
0.369127296433834 0.1293403136282151 0
0.6754705726212875 0.3575871883177061 0
0.7075702566672415 0.05558196920928454 0
0.529583718771804 0.338201769000869 0
0.632552913150264 0.2630276710165181 0
0.4059946503715671 0.2710443730409773 0
0.4150486137486776 0.2669446031146683 0
0.6021502523859767 0.06426899005080855 0
0.5930072171565524 0.06830429162405892 0
0.4715741052009438 0.06526230283520387 0
0.5438523937616015 0.3697409610821759 0
0.2995995022660332 0.1317414654397021 0
0.101105774174834 0.05101550718851492 0
0.1102052878656464 0.0469534665211709 0
0.1112393237516106 0.03704172356916628 0
0.1192955397017975 0.04289128143073385 0
0.5711543172828732 0.3573604477875766 0
0.4254467994091806 0.3379069093577968 0
0.5962521951961396 0.03850699445476999 0
0.5282594066222435 0.2628919006524722 0
0.4968031343239669 0.07298680743112876 0
0.4396658908474568 0.3694315591821587 0
0.4669216295090968 0.3570795776649757 0
0.2172336150767674 0.3469583627271309 0
0.3969414762501069 0.2751533772747186 0
0.2627707512043534 0.07307477817641868 0
0.1558747047007412 0.3557245696092488 0
0.500050848488228 0.04322306714432669 0
0.5012565837770646 0.03358887548873011 0
0.2718232601221895 0.06905835201192444 0
0.3790600142900929 0.3683875822841307 0
0.3778950588281807 0.377925212725624 0
0.2216828025202693 0.05379038913612089 0
1.729432462413581 0.03077679318630178 0
0.3948602111575484 0.05204461851725215 0
0.3937994021853699 0.06196294248569943 0
0.3846890305972545 0.06600054646744775 0
0.3798177495858036 0.03036220482281244 0
2.171671341412813 0.290051383344256 0
0.9976433640239706 0.03175018138315601 0
1.552250671292758 0.3782317013627726 0
1.343445245856165 0.3778677841984461 0
1.381352765513923 0.1708775530194034 0
0.2660228357810957 0.04346596439437458 0
0.2668056923522728 0.03378242428743442 0
1.134638592337353 0.377498005260537 0
0.04038043538109463 0.2199412014368937 0
0.0315594577224924 0.2240130607078763 0
0.3176291965294649 0.3771557313718979 0
0.3128897891587976 0.2557320805845566 0
0.3119041390874542 0.2655622378853629 0
0.1470142688775655 0.3599168528658075 0
1.089096564434263 0.1318945872063182 0
1.098202887609795 0.1277629843617585 0
0.231964078238854 0.3685666156896019 0
0.2308834101977373 0.3785065269233053 0
0.1205117665932507 0.03336807276601902 0
0.1284237383546253 0.03889586556692523 0
0.03030920974995347 0.06374293591811546 0
0.2884101639016865 0.1552864232701825 0
0.2794256266026706 0.1593692872924106 0
0.6234979747725929 0.1826573362579932 0
0.1426617347106811 0.2493264393376289 0
2.170430089090678 0.2996294748740423 0
1.151847257521819 0.3789589787370843 0
2.169000325585222 0.2344397339997127 0
2.167920322726249 0.2443812425591647 0
2.170080328437834 0.2244982254439512 0
1.61588688910464 0.0335282018664002 0
1.032560893024003 0.1766983425749507 0
1.938626714739246 0.1648928957964741 0
0.04133193610740754 0.3795702572693702 0
0.05040921470975739 0.3754717147915823 0
0.3740194082330184 0.1647980467968017 0
0.03275357973799208 0.2989436103328922 0
0.03255395012096916 0.1291036821498062 0
0.3100782060677828 0.0329565864205694 0
0.3467117139222001 0.1747782022332697 0
0.312687056143895 0.1714834878354503 0
0.8501208997728995 0.03139219271834207 0
1.833716150021012 0.03232403545648319 0
1.75897960579487 0.1597203275116972 0
1.952624246129544 0.3772700601658025 0
1.079015338250861 0.1459779557258753 0
0.6471818129667793 0.379925079733309 0
0.6390530674895111 0.3741046348707516 0
0.2160052593218992 0.2723348291031308 0
1.511491758042147 0.0322460386299754 0
1.685536201934789 0.03103593383204539 0
0.4838032426624241 0.03189608748949235 0
1.336604470694505 0.1812640334050054 0
1.180699385492985 0.1760359590439796 0
2.118020856433521 0.3787692845754784 0
0.2749182176799865 0.3780161297128057 0
2.161430042308836 0.3776337435588711 0
2.15241855389392 0.3816325860056353 0
2.074643903561433 0.3787174815733808 0
1.882697268804675 0.3804662729708894 0
0.308547576916371 0.3812605435238279 0
0.5712686874980124 0.03140485767345003 0
0.1296463113416954 0.02938224002728437 0
0.1375202933988107 0.03489508474033477 0
1.714311584769394 0.1699559601196982 0
0.381970818482667 0.1699912269286111 0
0.7951134483776416 0.3793851368640955 0
0.1262275634612209 0.2281746741985222 0
1.833280973911876 0.1747346187198513 0
1.673891485132684 0.3801025893915554 0
0.7626536182130882 0.0318146277449568 0
0.2504524436605525 0.03210973844013853 0
1.642255683034241 0.03136337305462542 0
0.4433598369438563 0.1592384291542414 0
1.047478114601364 0.3790092960422315 0
1.039346847402869 0.373188622302869 0
1.055609389428035 0.3848299803740116 0
1.041176953710756 0.031449515099561 0
1.270199497123191 0.1668205573624491 0
1.261186163210072 0.1709986435137318 0
0.817528972883123 0.1592754363588949 0
1.320448783130716 0.0319625881347244 0
0.4525080972513256 0.1563202258742164 0
0.1980196260781748 0.2804246300939671 0
1.038371627260352 0.3831408450468743 0
0.3952652668990933 0.3800187631096845 0
2.026417156119016 0.1837441871056983 0
2.167680284480939 0.08341379995001884 0
2.166550133939497 0.0933498607006633 0
2.169011025788269 0.0734995305236799 0
0.5428726407504475 0.3796874735557574 0
1.084763612267786 0.03115435336358207 0
1.093913124064117 0.02711886751931294 0
1.075614182238717 0.03518984868536904 0
1.44987555233897 0.02982494450473812 0
0.4950561966282727 0.1678199208506216 0
0.5043855284705865 0.1634296176440351 0
1.894340462517671 0.1756254654971453 0
0.8931994810584652 0.03046608124262402 0
0.8840502657397021 0.03450173199631935 0
0.4384584599943404 0.3788705542176568 0
0.4458584264126306 0.3855850509538296 0
2.051766796779569 0.03058611448889652 0
0.4993607997914703 0.3803985244884777 0
0.03028417838651332 0.1488582453892454 0
1.108297733443092 0.3799451078822097 0
0.4860662245488293 0.1721392047911621 0
1.651405278620634 0.02732792854359357 0
0.02616420483108523 0.3572730592848046 0
0.2322130583249034 0.2835955140938816 0
0.2428887796179857 0.2688678276446982 0
1.235278991315658 0.1514745327315183 0
1.513558380441522 0.1732237868965501 0
0.04940158172406135 0.3854123572513574 0
0.05850836835354775 0.3813158047459706 0
0.2052747360676964 0.3823949069169491 0
2.096550800465977 0.2566511452859817 0
2.104897669095508 0.2626660716525853 0
0.5545547990906248 0.1750458599385682 0
0.5636789960911625 0.1725533653882752 0
1.157859324674014 0.1597957204693359 0
0.5306240834810919 0.1619284970071324 0
0.9635514537471538 0.02718637378885848 0
1.401042019627681 0.165215843833105 0
1.15450140484633 0.02725482759238968 0
0.560101978641131 0.3813810958730245 0
0.5692055167190682 0.3772531474193872 0
0.04250551204320464 0.02986681223378351 0
0.03338599299281904 0.03394354430767727 0
2.177069923127258 0.240345798189758 0
1.409033146918495 0.1715292336717944 0
1.862057430937374 0.1710585122386902 0
0.5992537296794285 0.1690430191019093 0
0.6644157525796193 0.3816162439674034 0
0.6735209171549063 0.3774863228185286 0
1.317100925475713 0.3803103048017326 0
1.427495089842651 0.1639445306706164 0
1.150903206240072 0.1439547666436074 0
0.5902855673738433 0.1734542248829516 0
2.011668709835923 0.1421702454383239 0
0.341893689594204 0.2239907395371952 0
0.245267941589263 0.1457678911518254 0
0.2541965061045995 0.1510118342973921 0
2.172335833898243 0.04375901910045387 0
1.229925346327713 0.3817926169676107 0
1.239041176810172 0.377681473299686 0
1.238010969269189 0.3879282723685142 0
1.247194603469561 0.3836712734051317 0
0.0251136489591554 0.2075381284570987 0
0.4021788681615898 0.2250378142145633 0
1.943517686800762 0.3814017152652165 0
1.935386290521493 0.3755810272149904 0
2.004338117803368 0.3823371474301656 0
2.013444677177676 0.3782054922707982 0
0.9023487259966966 0.02643044672966927 0
1.472162986748989 0.1537088348626904 0
0.7514521289616348 0.3805617587733263 0
0.7606333604893579 0.3760698798590379 0
2.173417021542146 0.03382019679879808 0
0.05276367412023562 0.0250303597127016 0
1.630309019319718 0.3808561830049652 0
1.62217762561032 0.375035495192046 0
1.638440415859499 0.3866768672702585 0
1.662957242700196 0.1639299035166769 0
0.332882050953332 0.228068838291565 0
1.536569615873775 0.1858547576992191 0
1.545834202554709 0.1818903283576061 0
0.703777208036082 0.1707977623083602 0
0.5973318275001241 0.02856721489206647 0
0.3191914084742886 0.02891017174453536 0
0.116195873729036 0.1571347464410606 0
0.435270652407418 0.2386723012440814 0
0.4261550683018054 0.242885867841537 0
0.427209253878866 0.2328780576256901 0
0.4454555948638598 0.2244071265167004 0
0.669844652538244 0.1628264516382565 0
0.04940357688259429 0.2158628419245543 0
1.097801316119513 0.3847872250646316 0
0.0282970928158994 0.2531519936284785 0
0.1151837854218636 0.1669375336872602 0
0.1231794720964625 0.172729394997212 0
0.1141859614919798 0.1767637045286345 0
0.1220978451512866 0.1826461392473711 0
0.1130984644136947 0.1866541140716821 0
0.1211502694768608 0.1923700880377406 0
0.9990505929314717 0.1729613854053194 0
0.5070339952508623 0.2154254170494008 0
1.0767960723534 0.02547973931234109 0
0.1724571369900462 0.02859336415814551 0
0.1634015266122988 0.03265457599915225 0
0.02794133734850749 0.1684077482795651 0
0.2399949674372682 0.1297617836256219 0
1.30799437938039 0.3844419443648369 0
0.540384451930259 0.2287320325807746 0
0.2231147900260603 0.1294250152552462 0
0.6946364552723195 0.1748313473287829 0
0.4710971521451721 0.1505211554321924 0
0.4181723257261263 0.2369928699647823 0
0.497959617868069 0.2195348969857191 0
0.1120661299228977 0.1966667801587791 0
0.2244443913961061 0.1088336460181619 0
0.1364332070491394 0.04472671425402303 0
0.6020743888448152 0.2197951072923996 0
0.1540018791521925 0.290821919231199 0
0.6446522806911895 0.2289591873244632 0
0.9167386354112459 0.3812653329139377 0
0.9258449842174121 0.377133941785089 0
0.7154691612703077 0.2158095748492882 0
0.2406248209023767 0.1204010357607993 0
1.433465411549772 0.02879904679430881 0
0.74896773137849 0.2291620214782662 0
1.677714526061089 0.02515670069491839 0
0.2383467436546686 0.3092908657049119 0
0.3921971372734729 0.1563708187689709 0
0.2809069910605578 0.2327430232018212 0
0.4651625911803093 0.1248068878603034 0
0.1140499612013669 0.3468364851750876 0
0.7063755959677536 0.2199483661955221 0
0.7915539149613833 0.2383627233857838 0
0.7834263403822251 0.2325434796508828 0
0.3268590974002122 0.1197824827801926 0
0.8634100046144501 0.2152736536267051 0
0.05847310381672566 0.2960859279980949 0
1.351534518062709 0.3835957321957111 0
0.07362334209210357 0.3176683714168819 0
0.8969032582072597 0.2286035658842693 0
0.5946262389787114 0.1338123554412691 0
0.5876363158245851 0.117976330961288 0
2.09153815047827 0.3809742233443948 0
0.352702114249806 0.2857331585226436 0
0.4136332712694361 0.1191924725035404 0
0.3058513983222142 0.0725651221533857 0
0.3149508625865379 0.06853328966768556 0
0.9677957859098314 0.2154586494181007 0
0.4565801286214688 0.2859111869621258 0
0.8543093469964612 0.2194001707262044 0
0.2130443758427492 0.3017512096970212 0
0.4001664648246729 0.3304077973050314 0
1.001288050463077 0.2287966429113363 0
0.3810346838259511 0.3485057136176382 0
0.5617378166779365 0.2761575769980648 0
1.027634720029212 0.2263471630158148 0
0.5225942907365526 0.1560923802206576 0
0.9586901250921549 0.2195896977530537 0
1.115770713114491 0.2148881705530002 0
0.5322604500848727 0.222899276492425 0
0.6650750100323117 0.2862701640368849 0
1.149268842871711 0.2282210245130427 0
0.9765626832588851 0.1451322309733381 0
0.9776422974834127 0.1351912512923268 0
1.175614137833934 0.2257759614203876 0
1.018527195701261 0.2304810389215448 0
0.9754826623075722 0.1550726968036515 0
0.7129215464132931 0.1667651123535087 0
1.106664498541899 0.2190196111943748 0
0.6365312466021835 0.2231434534485166 0
1.209113958189363 0.2391065891822388 0
1.200982555732798 0.2332862609956737 0
0.7694287376746027 0.2864520488584458 0
0.5042506976026147 0.3306954742224182 0
0.8549487993928483 0.1419892384308611 0
1.280989703002343 0.2160087894239768 0
0.3377224865384627 0.1788675592422315 0
0.7408362191986227 0.2233527110749014 0
0.7963203943544845 0.1205243175244741 0
1.314490760513041 0.2293364756295218 0
1.068286913596654 0.25545336787015 0
1.166507180820755 0.2299086285437348 0
0.6357948888340694 0.1528821579280637 0
1.013650234730264 0.2802416533486785 0
0.8834827506511369 0.1199341879972314 0
1.078040347283047 0.1559297273245858 0
1.271883116562623 0.2201408598335517 0
0.6085142617413373 0.3309244497538715 0
1.005090056734596 0.1230857062635369 0
0.995940820826388 0.1271209820023921 0
0.9173858573705782 0.285880685379337 0
1.357097849183033 0.2385350864501691 0
1.348966510033626 0.2327144252000387 0
1.428965941453696 0.2154223076802899 0
1.144393145653935 0.277981196317285 0
0.9443017753327553 0.1215068056846149 0
1.462475432618827 0.2287647985207566 0
0.8887718717011268 0.2227866588245131 0
0.9782008209202703 0.2868160021831872 0
1.533374092725505 0.2156245485644317 0
0.7091685296517545 0.121116002933376 0
1.41986226531119 0.2195590626122696 0
0.7128526809991864 0.33112808975692 0
1.031457856431872 0.12092089050611 0
1.039018113896928 0.2877513812696461 0
1.566877250907233 0.2289486088464233 0
1.256397431383061 0.1352435425221934 0
1.386094224556783 0.1443187638061114 0
1.387151654063303 0.134408097584913 0
1.161630869346873 0.279670050463167 0
1.060155894832914 0.2496329215461057 0
1.069262962879994 0.2454999328441968 0
1.082598997720378 0.2869979105117436 0
1.126180356063142 0.2862443473220661 0
0.7538415777794329 0.1794260832517854 0
1.053977986356593 0.2239041347405789 0
1.524267841215407 0.2197551529383297 0
1.637780243288118 0.2157980982468945 0
1.179438030649949 0.121908536611767 0
1.671278496519193 0.2291266580564324 0
1.223039114831825 0.1215958011203917 0
1.221945616227902 0.1315556985145409 0
1.18699974957907 0.2871797416618156 0
1.325264909188403 0.1427729208688977 0
0.9651935643490306 0.3307542306523867 0
1.26661326115911 0.1213200425699964 0
1.628676491304633 0.2199385726792883 0
1.414595893655881 0.1223079672096409 0
1.405446310443045 0.1263434029338714 0
1.334983909305688 0.2866080032494381 0
1.353788859748356 0.1207315822268538 0
0.9017822230741126 0.1788468502652657 0
1.50984856704401 0.127615755210999 0
1.518991532921929 0.1235893824399812 0
1.288636654801874 0.1585487351228829 0
1.773733508348631 0.2492150158067248 0
1.069591934865295 0.3309375638141741 0
1.306359347252082 0.2235159890483853 0
1.066984543166645 0.1799655365156886 0
1.706242012804295 0.1640499517934777 0
1.699252425433966 0.1482024045023569 0
1.440964645560907 0.1201431462506412 0
1.482968852453066 0.2860362440994756 0
1.462950136457962 0.1572140252042627 0
1.057568723443338 0.118569892973021 0
1.173992569090625 0.3311201531194018 0
1.594857279024662 0.1469201943472184 0
1.595937280281938 0.13697868938657 0
1.593777277179612 0.1568616939431126 0
1.558511332948509 0.1627170449689753 0
1.566156935122929 0.1684261612520804 0
1.545359718098601 0.1214253385516263 0
1.454344029717215 0.2229441797580807 0
1.27839444270529 0.3313023266949777 0
1.587371640382644 0.2862180757455709 0
1.60184687110664 0.1627677542980905 0
1.949038546826998 0.2362482867539276 0
1.958145106711737 0.2321166314280511 0
1.736332112849736 0.2756939737402558 0
1.606166875357328 0.1230017463987867 0
1.558745940411066 0.2231277454497167 0
1.876186078763448 0.2693015248980087 0
1.868054681586128 0.2634808412230088 0
1.86902984206658 0.2535285033065475 0
1.859923284429757 0.25766015755435 0
1.860898445192636 0.2477078193160273 0
1.691774493121138 0.2863999072167015 0
1.778370442126415 0.1416920405419209 0
1.779442412021446 0.1317615098581686 0
1.676123641817029 0.120542714369272 0
1.717551624651681 0.1401315220822895 0
1.71863162675236 0.130190016199453 0
2.02222112683374 0.2886344408973577 0
1.750178115118152 0.1632762486117316 0
1.792921789092315 0.2309993710544027 0
2.046366782858481 0.08029365694532679 0
1.663149579249537 0.223307810944126 0
1.230581655016495 0.2864263470096752 0
1.901555431932438 0.2768112376285676 0
1.712913091008711 0.2482795869282486 0
1.469961645370337 0.3299771848254956 0
1.530781997122683 0.3309126413629265 0
2.064058168252406 0.1576532391841922 0
2.072151785577576 0.163564217123916 0
1.574364434674126 0.3301590556830201 0
1.723969785513383 0.2242429786186443 0
1.948393494222879 0.331640019270017 0
1.635184829074005 0.3310944986045067 0
1.365558991073727 0.3297952674815904 0
1.78317017493702 0.3305227442151715 0
1.911282789138386 0.1209423056965194 0
2.003032848645321 0.3068500891272914 0
2.030227587790976 0.06848152872899266 0
2.021077987722054 0.07251697332176495 0
1.722349750681019 0.3295873123265506 0
2.05279639782456 0.3318218539706492 0
2.061902957098612 0.3276901988194747 0
2.053771558396804 0.3218695157679908 0
1.850475598593626 0.1193658910104294 0
1.998458777727023 0.1203538957904382 0
1.989309177721606 0.1243893400341557 0
1.981239580503823 0.118483276144778 0
2.023307372877992 0.12831639218256 0
1.96042553730687 0.2976513473254337 0
2.049031619937935 0.1359137496836208 0
2.039334602348594 0.1399146933682922 0
1.824147489817839 0.1788069251427809 0
1.972127465032895 0.1782232916981862 0
2.070034355071924 0.3335108829070611 0
2.157693061721666 0.0974170840451028 0
2.102853965406007 0.1216361059218479 0
1.871955528596067 0.2236716398733949 0
1.928544995068105 0.1789768892239161 0
1.966276504378737 0.2379373151019284 0
2.094257116441554 0.04025756570538027 0
2.095043178127514 0.03071767596938391 0
2.086150311029571 0.03440233960297254 0
2.135680561755885 0.3803253240672593 0
2.163380365145171 0.3577290648263914 0
2.171511763254533 0.3635497489898974 0
2.172523048086435 0.3535469458201355 0
2.171726665267427 0.05369925147329727 0
2.037508761548044 0.3102281466222477 0
1.736930822225992 0.1221191273128763 0
1.9957879809597 0.06474194820228829 0
1.881164405380271 0.07743503455381555 0
2.059836394302196 0.03649217862188469 0
2.060916397137643 0.02655067008165091 0
2.053699488316781 0.2364554109681384 0
2.054440139261131 0.2265092045249719 0
2.046285204002885 0.2206571072107886 0
1.941971596789783 0.07901144844202593 0
2.162010730910041 0.2185921612828916 0
2.171555257998126 0.2144698381351966 0
2.163156554873472 0.2086361729317613 0
2.172693922296985 0.2044703304972086 0
1.998157042500081 0.3566117846847532 0
1.985559591480137 0.07871724327601515 0
1.907533202449457 0.0752702095846752 0
1.998344205646684 0.1858219386025911 0
2.164257304819282 0.1986825845662478 0
2.173320336983571 0.194673699749989 0
2.165265167488044 0.1887632089997749 0
1.900910386975664 0.3722029626229595 0
1.908856034601944 0.3776142353719433 0
1.689593245249662 0.07674124487684654 0
1.885484415703941 0.03766900147542922 0
1.877125532374545 0.03215819573639862 0
1.868217004260129 0.03586425861803218 0
1.813415330273249 0.2882707684321384 0
1.898300039118356 0.221229030031895 0
2.155590125040099 0.1173063006226073 0
1.788590671673351 0.127727894927128 0
1.837479414316552 0.2202934339344152 0
2.16575290828227 0.1033220888954442 0
1.851791887454409 0.2518394738873687 0
1.852767048802781 0.2418871357776657 0
1.814720603151872 0.3637578179218848 0
1.822852000686838 0.3695785019483494 0
1.813745441744177 0.373710156831818 0
1.821726559711683 0.3800635596286514 0
1.830958351868603 0.3754879724608804 0
1.363417509018667 0.1791445569395789 0
1.776769223533 0.0761528283672443 0
2.036137180552606 0.09427061028816187 0
2.054436380370263 0.08619972103785645 0
2.063585980487654 0.0821642766346672 0
2.062505977702909 0.09210578505235553 0
2.071655577885096 0.08807034070777961 0
1.613716133489053 0.283775451930132 0
1.78186490692061 0.2550356952630236 0
1.772758344857717 0.259167354799134 0
1.96497597073157 0.1624436450745007 0
1.46735126650375 0.1790031902276372 0
1.788376088117591 0.3662004435703454 0
1.744793617661331 0.3669540398047093 0
1.752925014976038 0.3727747237956399 0
1.743818456287803 0.3769063783499874 0
1.751949853535584 0.3827270625583047 0
1.761056412192516 0.3785954077000333 0
1.378566164871968 0.2858544701823257 0
1.945211604537025 0.04918692339740455 0
1.946291607361179 0.03924541496546428 0
1.955441207507669 0.03520997053550409 0
1.947629674552624 0.02896359149462304 0
1.957033079947391 0.02540251493570616 0
1.558829307371106 0.07762388349962089 0
2.010848385749982 0.08649392682088911 0
1.715962038947641 0.07457641860676541 0
1.93826502076343 0.03328263187285965 0
1.79650748559186 0.3720211275435957 0
1.787400926636765 0.3761527824563569 0
1.795532324222075 0.3819734664977363 0
1.750314339030781 0.2218004179211154 0
2.015168395636203 0.04672789218448972 0
2.016248398507027 0.03678638364987827 0
2.025397998660241 0.03275093920888242 0
2.017333767132181 0.02684545803404655 0
1.625036487503952 0.02949275635434275 0
1.509313317955114 0.2835936239261917 0
1.646005260978986 0.07703545549278468 0
1.718118999371525 0.2839572819114087 0
2.008636355434454 0.03094222831692899 0
1.650142345163894 0.2672488453015556 0
1.689494081634125 0.2208651873573922 0
1.454434212734635 0.07634172244231487 0
1.837576412264633 0.07772924083273286 0
1.81113490221551 0.2227360596899417 0
1.944131602009747 0.05912843191873927 0
1.638537027937168 0.1466808883447756 0
1.661529337798208 0.3286518745782517 0
1.410846285717361 0.07663596178393656 0
1.749339244551126 0.2317528583011487 0
1.587843323308075 0.3714596294834011 0
1.595880399707347 0.3771864474820725 0
1.712268030499468 0.3436713044510736 0
1.585198092966613 0.07545905453890218 0
1.56305667252332 0.03798443013311372 0
1.554785929062578 0.03235320069908007 0
1.545881151106858 0.03605414903887504 0
1.564083506582861 0.02728417189726956 0
1.546674647151807 0.02650409520903745 0
1.404910608892268 0.2834117982998632 0
1.577638082609726 0.1450495678492833 0
1.762790033472062 0.04445768571122946 0
1.763878362543472 0.03462515627082487 0
1.773651204722043 0.03095721503329285 0
1.790971464174894 0.250904041397349 0
1.647546974589555 0.3825452130820287 0
1.545739499008926 0.2670670349944647 0
1.849966021403231 0.0438692725165416 0
1.682606246850005 0.06089956329733262 0
1.58509030523514 0.2206856861779558 0
1.367258380841348 0.07693020913592571 0
1.171904027799547 0.1803735499528653 0
1.742330857795226 0.07241164511134508 0
1.751480482897296 0.0683762623817739 0
1.848886018238886 0.05381078078063724 0
1.535130129411707 0.1354022828969264 0
1.754545225993456 0.2674306664804198 0
1.323670522702011 0.0772244820442938 0
1.851155945495312 0.03417699252360332 0
1.686898683879166 0.3361615890255404 0
1.923669188639264 0.2287385803578714 0
1.888218146583727 0.2353128795320907 0
1.280082703846252 0.07751876652046728 0
1.441336726578875 0.2668852465878711 0
1.496306126241528 0.3275345701019732 0
1.110567310499222 0.1792168048377113 0
0.799991719402698 0.3296296893031618 0
1.480688681050633 0.2205015397474672 0
1.46733339798115 0.1179783139623824 0
1.3801575687889 0.1185667463107582 0
1.564282716197885 0.3442430417152506 0
1.236494975505862 0.07781309831360096 0
1.256925968707959 0.2839835841041162 0
1.967251665307803 0.2279849767504218 0
1.950013705281096 0.2262959500710947 0
1.939931986321362 0.2403799434853779 0
2.062878115513713 0.317737861713637 0
1.611566883262113 0.07329422821190747 0
1.620716480544629 0.06925878369443127 0
1.371489336580638 0.03728583682048703 0
1.363487345285315 0.03162341378384058 0
1.354355608042749 0.03535451120827697 0
1.192907320987319 0.07810745055552917 0
1.939286935115207 0.3357716742530016 0
2.025146603446323 0.2587774299925485 0
2.024171441636878 0.2687297663362812 0
2.031327684360563 0.284502786502027 0
1.388002781365616 0.3671619411197733 0
1.396134165866861 0.3729826238689545 0
1.387027614497813 0.3771142695701826 0
1.395101482674594 0.3828081779090134 0
1.404255942466174 0.3787821744683358 0
1.292981891460653 0.1191551945022765 0
1.391903433561704 0.3273526642170523 0
1.975383062645413 0.2338056606289712 0
2.056696656086629 0.2920130310512427 0
2.055721835114646 0.3019648954839568 0
1.615996554299881 0.3493101378844639 0
1.615021392861562 0.3592624735091901 0
1.459879927777385 0.3440611607702791 0
1.537796452234216 0.03016873874116914 0
1.360676133858983 0.3795414015227159 0
2.095403689374407 0.3410206195104868 0
1.51524134437058 0.07791810590257843 0
1.616971716365319 0.3393578019269757 0
1.931155538273509 0.3299509881595995 0
1.293351836622448 0.2674571741735834 0
1.284402618761229 0.03775283770547653 0
1.276076850235834 0.03219681945795608 0
1.267140785306395 0.03594062866722848 0
1.284986803587691 0.02673343170402485 0
1.332703836728577 0.2210730912842427 0
0.9625955815407004 0.1797965144457608 0
1.088510975378096 0.0768259659724588 0
1.529806835992586 0.340864970788207 0
1.424315828267695 0.03283449884072429 0
1.414118679204162 0.04688494684082031 0
1.304738840356175 0.3288597402999764 0
1.299863004959532 0.3786212605786212 0
1.215624178791878 0.3502712234589531 0
1.527630952693615 0.04405815615833305 0
1.365229183847742 0.2443557412677805 0
1.521675444707329 0.3350442904104972 0
1.044926645108207 0.07712064626350394 0
1.35547727681843 0.3438792202476739 0
1.526550947294897 0.0539996608658452 0
1.241679978791106 0.1774825113162183 0
1.001339993535007 0.07741546090901982 0
1.417272737860242 0.3348623626045573 0
1.184720731328956 0.2216446175921108 0
1.330108057779924 0.3363694748535502 0
1.114881638242891 0.07466095327033515 0
0.9437270867957259 0.2834384952907207 0
1.204567285653587 0.3743074485071443 0
0.8129970063239773 0.2857026364435298 0
1.109917885138494 0.2746033846920431 0
1.217245328512405 0.2449269403367987 0
1.336060114181881 0.04336459845577505 0
0.8969506031179153 0.0761361098583469 0
1.185917726069202 0.06226002107772055 0
1.217574541654477 0.3303667188415503 0
0.8533669410714549 0.07643242905938931 0
1.334980108973964 0.05330608962259859 0
1.08032115529602 0.2214618508596569 0
0.9706531270568426 0.1193448290573699 0
1.154474856055006 0.2638972879622973 0
0.8393371502517915 0.2832569517188157 0
0.8097844775018749 0.07672915302787688 0
0.5453033652218537 0.1790896848819728 0
1.336942739696008 0.03369271609016223 0
1.064715858726593 0.3806984098591308 0
1.085196705787385 0.1717025020132064 0
1.0679596282975 0.1700136670634311 0
1.058908013952352 0.1742653392895108 0
1.259206234815953 0.3495178213587808 0
1.197411247221083 0.35853439456655 0
0.7662048479449919 0.07702743459444161 0
0.9876361470969057 0.3681198203986228 0
0.9957672964715711 0.3739404791073413 0
0.9866608828929709 0.378071960104329 0
0.9947713728576592 0.3841038133400521 0
1.003894581294961 0.37979627809407 0
1.248886800993674 0.04395850279365507 0
1.260181409641387 0.3395655322344069 0
1.247806257173808 0.05389873935149991 0
1.248152576886612 0.373580764077135 0
1.113173271362047 0.330184329493916 0
0.9233176200207847 0.07397064866969438 0
0.722627600977394 0.07732648038205485 0
0.9915369047772578 0.3283119456374582 0
1.05951027212333 0.3450211922952817 0
1.256284782899495 0.3794066102048193 0
1.249965779649055 0.03401477846208521 0
1.132032070635284 0.2265321041386558 0
0.8757555292746894 0.2667347654121411 0
0.6913982661502818 0.2838304993568442 0
0.9151133106652832 0.2203417312971141 0
0.8226837143902084 0.1183587036099763 0
0.679055995444953 0.07762871949556308 0
1.102116706695381 0.3542200212919124 0
1.030240458050067 0.3773201706950238 0
1.067561771021443 0.0293225413228497 0
1.136261866753794 0.2721607231172149 0
0.9943503852438855 0.06156845649170415 0
0.813949051985616 0.03717460295629574 0
0.8057237100727799 0.03148242995987175 0
0.7968327793377956 0.03516780274934136 0
0.9004767780269415 0.3696240453171027 0
0.8995012819858724 0.379575975317651 0
0.6354893475726924 0.0779323205944631 0
0.8263312448128228 0.3271888516484939 0
1.057315924685704 0.043261261872422 0
0.5870766577277685 0.2836511700192166 0
0.8568917714669742 0.3703586910919029 0
0.8558705919813434 0.380210105335563 0
1.016905315105224 0.3358213946041775 0
1.056235939062915 0.05320266870435442 0
0.5311878350676577 0.07669474535515641 0
0.7278017395233159 0.267316948711364 0
0.441631906777733 0.3495494749833168 0
0.7269417855860802 0.03756689483246087 0
0.7188731416262067 0.03166381144496901 0
0.7097269217643737 0.03570272156901574 0
0.9043784388471288 0.3298170080019147 0
0.7671711452364277 0.2208991445997626 0
0.6564537516286132 0.1254447488242914 0
0.9840537032074256 0.227107923277154 0
0.6501120129045795 0.350077564374389 0
0.9791758790226123 0.2768645393303064 0
0.9882817878843919 0.2727332378974669 0
0.9700699943843336 0.2809958153543131 0
0.7391895874567743 0.3286879868633265 0
0.7996811990651305 0.2441815440756119 0
0.9460059923228458 0.34896832917684 0
0.7355265758140492 0.1189491831175314 0
0.9024277039675945 0.3497199514801323 0
0.3397027786010293 0.3293439528084776 0
0.9469812926732707 0.3390164898733997 0
0.7899103767076099 0.3437109549732193 0
0.6234546117496274 0.26715208084569 0
0.6628451115169791 0.2207082066288574 0
0.4828496069262613 0.2834767883015844 0
0.5458109628360437 0.3498445550654751 0
0.8657503149848217 0.04258162175107435 0
0.864676421704717 0.05251626567705853 0
0.4823289593807517 0.1266558940294595 0
0.7645498956545487 0.3361991208276183 0
0.5354836202646901 0.03695999678354493 0
0.5274193804574349 0.03106813143701546 0
0.5575270281518007 0.0745205059467256 0
0.2586090117696204 0.1124875262119695 0
0.5191708182061884 0.2670082925455504 0
0.4831211417456279 0.3687583799921079 0
0.4821389826358592 0.3787015235751539 0
0.8665355350264847 0.03298946752950017 0
0.5585602739347062 0.220517205727483 0
0.5440867054065857 0.1182712503484788 0
0.08992261434285405 0.07489927383842358 0
0.7785933021980853 0.04317276529823126 0
0.6284969354591974 0.06209277241815216 0
0.5084538494346087 0.3762727509797736 0
0.6520662896262687 0.3301812080625003 0
0.7775131816493261 0.05311319855930718 0
0.4305383687014318 0.3734657900200225 0
0.4293203882453803 0.3828931873138067 0
0.4214402093206069 0.3775295231634005 0
0.4270053003324772 0.07551033421301823 0
0.3699511532231819 0.3724300868626454 0
0.3687736959545709 0.3819616328873806 0
0.3608471934716121 0.3765185488376474 0
0.5347521900776513 0.3738660432045935 0
0.6400305121211302 0.3641551465661911 0
0.7798187078523956 0.03356829838385856 0
0.4545528759675648 0.2202533656146221 0
0.5059368917233478 0.06895269123632815 0
0.6936689890212141 0.3493338106804291 0
0.6914423671748385 0.04378036844828744 0
0.6946450225681866 0.3393846925112828 0
0.4111921597120368 0.2210199023880239 0
0.03826497659095862 0.3240807407080191 0
0.03017728139244617 0.3182410468354807 0
0.690365312263204 0.05371931417213148 0
0.3401923165854496 0.07624661799521676 0
0.3664421347992902 0.07405201279513052 0
0.5477670378116808 0.3299641965835023 0
0.3029805984487832 0.2696406928376494 0
0.3108707259715586 0.2755933558286768 0
0.3016350061487647 0.2801157133350372 0
0.3444175517342324 0.03661516940024033 0
0.3363611818753326 0.03073839426436714 0
0.1479183908130148 0.3499318085144847 0
0.2946601804520685 0.1797435935348831 0
0.6925201815697078 0.03383971403187316 0
0.6844523252697764 0.02793651032149357 0
0.3530837087596068 0.1176328747244153 0
0.3509084699226994 0.2199131991681073 0
0.3788506092282911 0.2833278811910603 0
0.1623671328477715 0.04255902286992046 0
0.5893358097664965 0.3491185701994285 0
0.527624011358401 0.3580876517645541 0
0.02547443090049802 0.2633706610445223 0
0.02915990002569175 0.3281669289346729 0
0.5903129193188403 0.3391731989496334 0
1.885571867104243 0.02671566126391904 0
0.3139235493178477 0.2459199704014843 0
0.487672969913072 0.07702699574207809 0
0.4435935998666754 0.3297031612263585 0
0.1878743577040131 0.3784076737196784 0
0.4130261890752748 0.04390478542211274 0
0.4140892996054064 0.03396895836153271 0
0.4232133724573259 0.02992798224468926 0
0.4151477425748394 0.02403833114406697 0
0.4060342658805186 0.02808859549467776 0
0.05958148628942245 0.116832782289633 0
0.4234774656966388 0.3577665532043635 0
0.7859245681787309 0.3833336367030281 0
0.4850840279099394 0.3488618962577106 0
0.730138368585568 0.1687575992308812 0
0.4860630368189864 0.3389254453810231 0
0.5161412082136325 0.05499167199450692 0
1.543085793960702 0.3823291543276628 0
0.3248522624262764 0.2222999275346865 0
0.3927280056193057 0.07187598800381426 0
0.4050228636472993 0.2809194177087744 0
0.4018250516964497 0.06783070766216753 0
0.2056860168685468 0.04208522259417549 0
0.2064952575383972 0.03252420667905137 0
0.2798206684290276 0.07488809379466728 0
0.1433228673542566 0.06050562014083163 0
0.1986859268536096 0.0263374476209922 0
0.4204500511189644 0.3874722547165763 0
0.1182451799738238 0.05281504354647742 0
1.042023785757775 0.1727138722232757 0
0.05754015803646462 0.136651056984143 0
0.1379879749339139 0.279264266780189 0
1.627135650718045 0.1705444323283 0
1.617979399541287 0.1745647796142442 0
1.586304389448689 0.3824475711713657 0
0.3629316041849591 0.3566854659578241 0
0.8067268270315902 0.1745619224665654 0
0.7979350751632162 0.178257241483613 0
0.38201664915095 0.3385915448785681 0
0.0554835249811389 0.1564358665320844 0
0.1291836339358664 0.3684228705849408 0
0.1280189040043306 0.3779235526772979 0
0.1177735361856858 0.3832962090160835 0
0.05343933038923836 0.1762323178260952 0
0.2772264085693189 0.3481192846137256 0
0.2862710864797501 0.3440314999452692 0
0.8294208377544302 0.3818939664790786 0
0.3556792183283534 0.1712445991827939 0
1.268263431247395 0.02594076006111262 0
0.6545980766034959 0.1448977099797228 0
0.3045418425938839 0.1659402852429998 0
1.520641348779854 0.02821059262943859 0
0.05141668702395981 0.1960356922746405 0
1.241896069393132 0.02810838322829654 0
0.2419175950217777 0.3545728069137306 0
0.7723387973613028 0.1706018684391499 0
2.025319282980472 0.1936869800497172 0
2.0333859017229 0.1995932581069319 0
1.670648061445481 0.1707469778265682 0
1.68079925703019 0.1676837452703555 0
2.088279138668455 0.2508160217517053 0
0.5892646947821174 0.02266585912801043 0
2.104321498313246 0.02618102801244608 0
1.505521372346473 0.167391597885302 0
0.7280207860215794 0.02762642256299208 0
0.7199535963539018 0.02173046408580438 0
0.5365589986683751 0.02702235018906485 0
2.085183157151359 0.2700218876035965 0
1.899891839648078 0.381772963828523 0
0.966333835644213 0.1591079215244973 0
2.027266057681684 0.1536031049593762 0
0.2437957164408982 0.259682456273076 0
0.03947862187333254 0.2296600264704451 0
1.842374454864895 0.170574141368364 0
1.438741324109948 0.3821814532147964 0
1.430605338651979 0.3763506329323597 0
0.9027675383953456 0.1689170329885509 0
0.893667083305147 0.1730675723622291 0
0.02798183285681161 0.2426962654075218 0
2.174300589842479 0.1847203557724902 0
2.166316521978018 0.1788234167036824 0
1.029265131052728 0.3872723873237294 0
1.731530811811156 0.1718266575357622 0
1.885723384524251 0.1795698893424666 0
1.023605690065415 0.1808394197136452 0
1.880593980039266 0.1628731592841723 0
2.087336317718679 0.02492671388080814 0
0.1132831853457015 0.02657733003543037 0
0.3198465203445005 0.2714458252410642 0
0.03216849454970361 0.383553982166524 0
2.017264577808259 0.1877798454449664 0
0.2133758907857328 0.1324316811308044 0
1.050300317751158 0.02744932741741697 0
0.8740136390430709 0.3832175899265648 0
1.664784927163677 0.3842342434425759 0
2.164667508488559 0.02729845524493215 0
0.9895626667127433 0.02555009012226963 0
0.8146813843008109 0.02670597314165332 0
2.181570477113052 0.04904677861149932 0
0.4780827456137084 0.1663086577819019 0
0.7574423057313078 0.1568276447097615 0
1.239130920509219 0.133068924821122 0
1.372966306889682 0.02703166395453713 0
1.903276345349423 0.1715938778044384 0
2.063516090354816 0.2326770242367621 0
1.738411998397605 0.02709330027180859 0
1.729867751614632 0.02159741126816508 0
1.721362048910201 0.02486888015373706 0
0.02621862506676024 0.1876222693423692 0
1.812452304509587 0.3842184870095143 0
0.9118646776757506 0.1647679283391897 0
0.3456439968261089 0.02542394872518561 0
2.18061832272848 0.3594180938703636 0
1.825656961603059 0.1687160173427975 0
1.816151889666661 0.1730661771936612 0
1.069990419663605 0.1501216386979968 0
1.7084608541472 0.3833500814377348 0
1.717489521018817 0.3793272404009775 0
1.716610425968983 0.3891453762645495 0
1.725626543499475 0.3851400656995926 0
0.5822750771864313 0.1676174997637568 0
1.189724075164384 0.1720920571342601 0
1.197748771562461 0.1777391168273741 0
1.203590611813132 0.384274597753242 0
1.195460492098692 0.3784415398493887 0
1.060288251285056 0.1642515022750383 0
0.6765429886968443 0.1672804049914323 0
1.949683594941381 0.1408565627692605 0
2.026247759264102 0.1637369582606843 0
0.3980770008930138 0.1797639255678044 0
0.6935981891909488 0.02389885596366193 0
1.243561162298758 0.1573431091990261 0
0.4449986282798565 0.1504025228069546 0
0.5336912806366999 0.3836412582876381 0
0.3889178528133028 0.0263742810077275 0
0.3800678731367533 0.01874657780060071 0
0.3705381123876493 0.02420678334452385 0
0.5285450928057334 0.02124682671924583 0
0.5193452103118823 0.02515947841919269 0
0.9808208109728722 0.1715646493313179 0
0.3475675381759594 0.1653116787440784 0
1.621479471028856 0.3843719065717731 0
0.7423034141239589 0.384504671616069 0
0.7342888372992756 0.3784793673753469 0
0.2389725263412967 0.3840541227260076 0
1.538945797253238 0.02039361936981888 0
1.137500741720689 0.02682432724923021 0
0.8673116481643884 0.1754752485049732 0
0.8582053137661616 0.1796042675536189 0
0.8767175758214554 0.1710754124122159 0
1.789684194087561 0.1754566655354924 0
1.780875757868936 0.1796022601480619 0
1.79875621002157 0.1695583506110032 0
0.6149757539032397 0.1758084154137893 0
2.174683049639516 0.02375702170158134 0
1.328600653590339 0.1757244618975021 0
1.319387893491639 0.1796218632972292 0
0.4344725261962355 0.1635677354800167 0
0.4334042705149162 0.1732333863578684 0
0.3727063756171085 0.1741560047038051 0
0.6349335193066948 0.1633054446508896 0
0.274360101342989 0.2929609025825925 0
0.283367440806349 0.2888873613071761 0
0.2653609924438737 0.2968231839712206 0
1.430229708617849 0.3861337652401169 0
0.7381340033648525 0.1754075021233719 0
0.3188665371379505 0.2814143194006084 0
0.3280018737668962 0.2771872349330453 0
2.043847129096631 0.02501998771784415 0
1.268926567170475 0.1761668118358085 0
1.830008237158484 0.3853515250997864 0
1.839110621707206 0.3812346678044718 0
1.455338661487432 0.3847938066574808 0
1.464979058273206 0.3798927243858268 0
0.3931312395790573 0.2291565413512578 0
0.385067047015047 0.2233367810062289 0
0.638204439562448 0.3838762303277505 0
0.6299702662364529 0.3782043366497594 0
1.285028764131061 0.1763370703563474 0
1.87348582494633 0.384366752494036 0
1.865441830886871 0.3787387148430492 0
1.864358871455196 0.388453456854889 0
2.175255284787136 0.174765975605689 0
2.167370865431504 0.1688800490573852 0
2.176369348719975 0.1648283949624074 0
1.995231558420639 0.3864688025825165 0
0.2249774363413727 0.2682926970403905 0
0.1570213811647649 0.2614115826316424 0
1.997286947379197 0.1300872024683196 0
0.349915221900423 0.2297921289997354 0
0.3589541652845823 0.2256865547167776 0
1.068888475789654 0.01819641642392465 0
1.211513928478226 0.3893680305704368 0
1.374151753921181 0.1658097880943096 0
0.1332536446430505 0.2439446623866351 0
0.1417780218639358 0.2395774047791623 0
0.1239238140938237 0.2478957778868733 0
1.320849265491997 0.1702827607500353 0
2.055999366016259 0.216869537648494 0
0.9450718482400134 0.02662964144871086 0
0.903728499438134 0.1589483092118668 0
2.175751810968597 0.2497474393531068 0
2.166800634964792 0.254232773183818 0
2.175372775164252 0.2602069639843108 0
1.869181484214556 0.02589293323646856 0
1.071009009186338 0.1401761970407896 0
1.385200664266465 0.1535067670851833 0
1.425865685013618 0.02330492339528644 0
1.415341375759903 0.02661130480620125 0
0.1049800808005241 0.1809931411671428 0
0.409370771449231 0.1587870326688776 0
0.41741569832776 0.1633367085289865 0
0.1385974234742357 0.02520522624525228 0
0.251042263974764 0.3504550231211118 0
0.1182124377045241 0.1375152313873093 0
0.1192065468513309 0.1276894288973843 0
2.182430705982151 0.1900595574133751 0
0.4535321593582987 0.2302234291194244 0
0.4626437245391339 0.2260525906411853 0
0.9246077892582796 0.3865086575409052 0
0.9338825845940725 0.3827483428547198 0
0.9349352124461838 0.3729681826753589 0
0.9430637213281206 0.3787831091687534 0
0.4171003311238612 0.2469910037722332 0
0.2572043421115816 0.1862125624552073 0
0.1814475011322572 0.1092808114543539 0
0.1804296879888341 0.1190881522678436 0
0.1884059658203467 0.1248769026680467 0
0.1801429606371258 0.1283538737559921 0
0.171557835809247 0.1230191750206742 0
0.1717657787961453 0.1328961287211967 0
0.3076184565566462 0.1375975743210256 0
0.3086522065622543 0.1277382581829161 0
0.3065379751214033 0.1474052051427509 0
2.17497076534249 0.09929405970884254 0
2.173928666920996 0.1096540228313954 0
0.4023741048603044 0.1430067283217092 0
0.4034664615954703 0.1331311636116202 0
1.402813141723853 0.3878861862616729 0
0.5485372533472592 0.2345402613477068 0
0.5393741837705546 0.2387095675460224 0
0.5656499086847868 0.2363715183905904 0
0.5747389482994465 0.2322765965402624 0
0.2313312402351609 0.2936349286385219 0
0.2408895248625296 0.2889568614036134 0
0.6102171002031889 0.2255816279909048 0
0.1391952139771565 0.09996931876546931 0
0.1231100137180127 0.3427574299980718 0
0.115038833489424 0.3369359923661093 0
0.07462916075659178 0.3077680604878917 0
0.08269901025499973 0.3135885924370073 0
0.1018408113879706 0.2107616181541564 0
0.1824687415417115 0.09946919405134513 0
0.6527736463917029 0.2347743481390918 0
0.6436647193335182 0.238923133011936 0
0.5373491000563091 0.2587761412955625 0
0.5363690390332755 0.2687033400846302 0
0.2914002089289132 0.294648003446779 0
0.4560435714351319 0.1288346753627853 0
0.4571138154801405 0.1189171937903537 0
0.2715166671462308 0.153504933880771 0
0.2708461777726359 0.1630446780792056 0
0.2783777202920397 0.1690998230531746 0
0.1067011551388789 0.2460243219775479 0
0.2738607566067786 0.2171987673669278 0
0.2643650068860331 0.2213506442718512 0
0.5672222599850838 0.1458196776590752 0
0.203115196413438 0.3156633811427061 0
0.7570944840261641 0.2349792126002832 0
0.7479866651536661 0.2391213153234353 0
0.6416517775024693 0.2589033444816495 0
0.6406825106598661 0.2688454326734034 0
0.4925154795384814 0.1126890199079037 0
0.8168992857116057 0.2458990314264725 0
0.8260081144567584 0.2417608585769652 0
0.6634874195795614 0.1412094181764993 0
0.1569090702069935 0.3458478774097387 0
0.7460071921353471 0.2590604451025073 0
0.7450349468803986 0.2690079469904202 0
0.7665603542717383 0.1527343628115695 0
0.9050331393946199 0.2344230207351367 0
0.8959261638376383 0.2385577965654709 0
0.682814391740985 0.1232858423418572 0
0.6736692318550004 0.1273195619450821 0
0.7769374866140494 0.1385571212709505 0
1.05300274227871 0.233856045297962 0
0.8446675238522299 0.1560340989073904 0
0.8435202228544117 0.1663247726590218 0
0.8345017882424582 0.1699248667940287 0
0.8424199354404815 0.1766063575620855 0
0.8939661645826901 0.2584737097313816 0
0.8929919324847582 0.2684244426095544 0
0.7780197311431515 0.1286035149491841 0
0.5828723853535012 0.2380698218188523 0
0.58384481413892 0.2281179382963039 0
0.5757172939215512 0.2223108672738831 0
0.6919585997289315 0.1192510299869909 0
1.079345950814095 0.2314137975386881 0
1.088451868947365 0.2272823068385484 0
0.8560374419525034 0.1320427499192439 0
0.8651857106408667 0.1280069793740645 0
0.8468918985589707 0.1360757871294507 0
0.9857119210736688 0.1410973269270548 0
1.183744867758029 0.2315974700420124 0
1.234482371547081 0.2466172585519422 0
1.243589034894248 0.242485304878975 0
0.7726782170217403 0.3420198326154789 0
0.7608061141946634 0.1267214694599691 0
1.32262217240789 0.2351569872944527 0
1.313515393668961 0.2392890670729074 0
1.076417946982337 0.2612738166888006 0
0.9878716879247975 0.1212154015715365 0
1.021781131997685 0.2860620450476265 0
1.151987743621163 0.134014382572835 0
1.16113826155408 0.1299791981677449 0
1.142869494512545 0.1380082048229002 0
1.031215975203626 0.3673677409485366 0
1.014239191407582 0.1190503643532849 0
1.382466834374256 0.2460452028350233 0
1.391573427413885 0.2419134490637734 0
1.065361502779072 0.2853090074409892 0
1.311564816929914 0.2591939946124868 0
1.310589719171948 0.269146234003646 0
1.47060683617947 0.2345854270633854 0
1.461500204297475 0.2387172210106493 0
1.137566853800025 0.34764632119316 0
1.169762116137218 0.2854906115935155 0
1.326341664431971 0.1328359251496598 0
1.335490665445515 0.1288012224413303 0
1.317191631180757 0.1368719161300566 0
1.395222004187669 0.1403131353352156 0
1.213878322087944 0.1256466082557899 0
1.459549797949199 0.2586219800491429 0
1.458574658578889 0.2685742858214353 0
1.575009159379306 0.2347681750992179 0
1.565902741878034 0.2388995010609566 0
1.249394155420817 0.1194494302518773 0
1.491542149249387 0.1356964684724093 0
1.490507316515596 0.1449314206068752 0
1.492622155902999 0.1257549817560722 0
1.563952595961277 0.2588037455078552 0
1.562977445201544 0.268756068946045 0
1.722994818127923 0.2341955844117236 0
1.71486339104081 0.2283748571266872 0
1.679411238840293 0.2349482677570898 0
1.670305193219224 0.2390803952559737 0
1.431579751232761 0.3663965992209293 0
1.397376735357119 0.1204373625193402 0
1.756495547727782 0.2475259943863661 0
1.668355453962508 0.2589855442487843 0
1.667380297702565 0.2689378763815153 0
1.42374547218307 0.1182725289172041 0
1.654753905871097 0.1582065773123799 0
1.338239408461257 0.3421901592099323 0
1.731126176004891 0.2400162176992432 0
1.657824447956026 0.1286136016063856 0
1.64867485145357 0.1326490460526837 0
1.768115408083796 0.1556536051533102 0
1.766890051779845 0.1659857383544376 0
1.537938224145579 0.346685655526151 0
2.02914758508083 0.07842303727031544 0
1.69503007878674 0.3419822733012289 0
1.892448873276299 0.2809428923511796 0
1.88491399232524 0.1231071301998785 0
2.070575575186787 0.09801184925640548 0
2.079725175336232 0.09397640481193871 0
1.894063592197115 0.1190716861645517 0
1.947733273225815 0.1607612408236759 0
1.940300576660322 0.1547297653081081 0
2.080805178177168 0.08403489638545476 0
2.088874775575654 0.08994096045483536 0
2.087794772804159 0.09988246889697723 0
2.096944373021699 0.09584702455658814 0
2.095864370252461 0.1057885330046177 0
1.881618669038186 0.1528203571704096 0
1.875764392560678 0.1271425743015231 0
1.867694795531138 0.1212365106427507 0
1.946725215767534 0.1145697890947549 0
2.132727702352534 0.3146497668166547 0
2.114093481218504 0.2586487710948369 0
2.113011937966592 0.268589674695201 0
2.103550536895153 0.2724911678066783 0
2.11194483844907 0.2784328684660031 0
2.121090874463351 0.2744821754616154 0
2.119752576236458 0.2842036526905338 0
2.111666483317838 0.3526619906896562 0
2.096378849304057 0.3310682823517689 0
2.146441721774556 0.1213418750357153 0
1.772449215420728 0.1159188587967463 0
2.136901950407699 0.05015091045670544 0
1.641685256281016 0.1168014778077765 0
1.855875611549213 0.06965835205371419 0
2.071075786060768 0.1735065442834473 0
2.080230963955056 0.169472250108371 0
1.73318127980404 0.07644713944922911 0
2.068985994651967 0.03245673423628346 0
2.004983169848076 0.28694541172333 0
1.995876611257758 0.2910770666370675 0
1.954889509246675 0.1765342631088416 0
1.915537791720643 0.2229178971504442 0
2.014419838446215 0.3682531529561887 0
2.022551236521953 0.3740738371297072 0
2.021523050193648 0.3839093043201918 0
2.030673797087369 0.3798750425898592 0
2.030184806248931 0.391391259514101 0
2.03976139822806 0.385929116616293 0
2.039945615139966 0.3757952714539484 0
2.048066153029636 0.3815924728698576 0
1.863945208671731 0.07556441548438722 0
1.911323829208287 0.1773089841522715 0
1.933901999476826 0.07310538458406766 0
1.924752399555451 0.07714082902622736 0
1.60241728584476 0.07732967219124577 0
1.969532096136353 0.2935196923615355 0
1.961400698449568 0.2876990084449652 0
1.977663493823149 0.2993403762908831 0
1.533540528708181 0.06984721636261357 0
1.856328959275209 0.382856456544889 0
1.775038777655315 0.324702060833936 0
1.78414533616742 0.3205704060091246 0
1.765932219214224 0.3288337154710371 0
1.838656414720235 0.0677877329197306 0
1.705111797679549 0.3278982820833143 0
1.429145449020595 0.06856506866070114 0
1.672374052222692 0.07487062834040047 0
2.013008390349974 0.0666109095057454 0
1.678767288716715 0.3303409049718048 0
1.341969658062625 0.06915359340008166 0
1.557126492190732 0.3284700223590497 0
1.913917582293498 0.3282619590590094 0
1.541610122389549 0.07575327210880965 0
1.861873605664347 0.2377554814313941 0
1.853742209474577 0.2319347977506563 0
1.75472182484688 0.03856978627297249 0
1.755232270909836 0.02718097438731227 0
1.879111558442038 0.2394445147939062 0
1.657298585120528 0.2830218542645452 0
1.648192030920214 0.2871535067979232 0
1.685923521952661 0.34611392620821 0
1.914562630499197 0.2328702344682939 0
1.254794050954173 0.06974221213803912 0
1.929205223993647 0.3498556584559085 0
1.928230059605614 0.359807998692691 0
1.452723719317991 0.3282881459320384 0
1.693079754640211 0.3618869468626616 0
1.918117382830661 0.3738237559009269 0
1.91623834502786 0.3846796165293213 0
2.087272299167387 0.3351999244745248 0
1.437215041247005 0.07447111962963103 0
1.682998039487776 0.3759709351279947 0
1.64708526194367 0.06709394899169137 0
2.109749082946087 0.3726391920202758 0
2.108775376419145 0.382594739787551 0
1.637935665993637 0.07112939622178853 0
1.484552568900816 0.1198489246840767 0
1.895704472233618 0.3365252617666372 0
1.88757307444044 0.3307045779332933 0
1.878466515893306 0.3348362327748633 0
1.87944167425476 0.3248838959091429 0
1.8703351182756 0.3290155488717706 0
1.552895742000465 0.2828400269536761 0
1.543789193958508 0.2869716760311944 0
1.409141352614516 0.3290416907656644 0
1.168698687335231 0.06038952525348135 0
1.393627123930898 0.07476536418549647 0
1.516321342684198 0.06797660453468546 0
1.604947559933673 0.3732978468632056 0
1.604697754883308 0.3839098239463622 0
2.094428536184219 0.3509729458052447 0
1.658394877912859 0.04317549752841605 0
1.657314869819514 0.05311700441978452 0
1.668619718840978 0.02919803675464635 0
1.350039236069353 0.07505962421516513 0
1.348321103540215 0.3281062181626798 0
1.411926283975959 0.06669447250246124 0
1.448492975112863 0.2826582037123743 0
1.439386439884079 0.2867898456032686 0
1.528831672221786 0.3508173021954645 0
1.306451395646618 0.07535390435780707 0
1.32197670335596 0.330548792263704 0
1.262863609885245 0.07564821283655739 0
1.535987891122419 0.3665903216328152 0
1.063225350053344 0.06904976405194928 0
1.324750516900175 0.06728300972923147 0
0.9771318184002939 0.05969834766789719 0
1.219275913953635 0.07594255773252698 0
1.43451063726266 0.3365514245677204 0
1.442642015048811 0.3423721124200662 0
1.175688312513776 0.07623694727026643 0
1.30050810595873 0.283230000961862 0
1.29140161839024 0.2873616163351806 0
1.036741097186688 0.2222150832461449 0
1.035764837555762 0.2321686608375186 0
1.237574962455113 0.06787166003736424 0
1.329132886531285 0.3463217780512898 0
1.421601788950915 0.3804608114583243 0
1.101982707857672 0.03302483950178252 0
1.103062640027621 0.02308337157804312 0
1.075442778190488 0.2712257125103841 0
0.8716641042446454 0.06836155047998352 0
1.336289044459597 0.3620947770072124 0
1.326207413648113 0.37617866451668 0
1.325034811329231 0.385695751495324 0
1.071294794927685 0.07495557764110324 0
1.093327828322444 0.1775229776578898 0
0.7845000894238791 0.06895656640867089 0
1.052354585729689 0.3292483442912557 0
1.027707982264756 0.07525034831542514 0
1.146673287806617 0.3435147693681315 0
1.147648500506804 0.3335625043376746 0
1.008774145634563 0.3300009376085317 0
1.151479685863421 0.0585190192513413 0
1.142330224715944 0.0625545625650665 0
1.141250262216919 0.07249594190357153 0
0.9841215489110073 0.0755453199817243 0
0.6973473479304253 0.06955756485440474 0
1.046006581989708 0.0671794137709128 0
0.9104182742454414 0.0323361551139992 0
1.155449716166111 0.2539453864690001 0
0.6112905625735185 0.06023107428638764 0
1.170858525289992 0.04050665175463559 0
1.172000364717596 0.03070550295191313 0
1.181098318290439 0.02655299883392906 0
0.8797330879041972 0.07426658159135054 0
0.8361499296481721 0.0745631327125265 0
1.126508795759528 0.3716801908489651 0
1.125534052455454 0.381633354612164 0
1.127484374928137 0.3617283678962282 0
0.9599134032607278 0.05782820541277015 0
0.950764366354534 0.06186405621591965 0
0.9496845309128779 0.07180504860403271 0
1.03414216633184 0.3375110493441024 0
1.042273177740292 0.34333180743303 0
0.792568501124757 0.07486061929845279 0
0.8132967201393495 0.3710624634023399 0
0.8119213544135522 0.3809127337524234 0
0.8544466588783495 0.06649205502829346 0
0.7827583006620783 0.3279393176500734 0
0.9993364940507439 0.2486999833559072 0
1.008442990937138 0.2445683460610352 0
0.748989900446027 0.07515938404605542 0
0.8829123531335874 0.2825037174120188 0
0.873807339552287 0.2866344974813833 0
0.7807821914601321 0.1759974024080684 0
1.021134299450754 0.3814511809202148 0
0.7564213458877691 0.3303785253562218 0
0.979601753715583 0.03994566995252909 0
0.7054146736273919 0.07545992441096847 0
0.6193153494214183 0.2214526023956144 0
0.8913708821896527 0.3737547423690439 0
0.8907268741671568 0.383243216112604 0
0.7672843102598047 0.06708813415294795 0
0.7527395773561875 0.1208183974131829 0
0.6618452761827018 0.07576314134165753 0
0.8477835706748034 0.374482807939397 0
0.8459517282716194 0.3851597975204087 0
0.8549861829221812 0.3902092064241103 0
0.6182820669007084 0.07606911000107547 0
0.7349598898621408 0.2830776263925021 0
0.7258580175663361 0.2872066538000366 0
0.05951413420401617 0.3713768766043762 0
0.06761285244399591 0.3772198145596938 0
0.6801349555326491 0.06769159067829808 0
0.7635740799883159 0.3461491278197419 0
0.3836088201082887 0.07590579887535069 0
0.5139964844737644 0.07484191502740291 0
0.6306144306244299 0.282899193761039 0
0.6215177233032977 0.2870252735087214 0
0.7778647422674727 0.3776623677555198 0
0.280834296645574 0.06499223389432844 0
0.04650007307166015 0.07542149606246495 0
0.594083889665034 0.05836800524645528 0
0.5849432367448411 0.06241020453013169 0
0.5838658450421842 0.07234304455039101 0
0.06777665557220354 0.03752377027815971 0
0.06900930060401791 0.02805262072219613 0
0.5263285307199239 0.2827286108430774 0
0.5172546780955831 0.2868404408254566 0
0.2968179875382942 0.07665231138827944 0
0.488749845063789 0.06710673071005481 0
0.6134395214952074 0.04035825237340729 0
0.6145187865615748 0.03041815203082792 0
0.6236619077493449 0.02637478449624912 0
1.464684233175173 0.3902199326250808 0
1.473295021245572 0.3856732959781515 0
0.7596780108509315 0.3859491131486208 0
0.4989709442948543 0.05315096042801952 0
0.5256418324408153 0.3779536319151394 0
0.2782534720052625 0.3382071884873043 0
0.1694103773303276 0.05825889833980233 0
0.3207038613538523 0.1772291861192674 0
0.07055041583558433 0.2622863414246964 0
0.474029212386299 0.372871926364853 0
0.4730420913752391 0.3828236936798976 0
0.4811203441341483 0.388557991904073 0
0.5091920445901994 0.0392333177663893 0
0.4222029474927175 0.2825648779790786 0
0.4312861604627649 0.2784421187156792 0
0.4393938216349175 0.2842358216664375 0
0.2638185471531776 0.06323138418375085 0
0.2547628486961594 0.06725601408955072 0
0.3959653391618266 0.2850239674658525 0
0.2072465236387571 0.3609034038535853 0
0.06048106752631516 0.2762485188253257 0
0.4043424068342762 0.3759020404403854 0
0.3006638028935674 0.1219189625228947 0
0.2251602526647118 0.3527404666363019 0
0.3238758569422104 0.2321075591177608 0
1.939302012447558 0.02339784242144073 0
1.930159580815857 0.02742383380363445 0
1.930199607927055 0.01698250295745209 0
0.2147030708460398 0.03810299723410897 0
0.2151853214257621 0.0269250792500519 0
1.199054460678523 0.1680204293494245 0
1.38942275630644 0.1773128064426482 0
0.2693909315023733 0.1717149388401424 0
1.002908097856432 0.3897555295862868 0
1.007266514817829 0.1789372666917065 0
1.354786135386024 0.02518148926716351 0
1.699629886046042 0.3872495695130448 0
0.3217099024652443 0.2518431240953748 0
1.581176945791068 0.1752010958298159 0
0.1454915371737334 0.04074694652845134 0
2.133912452216341 0.304998969439412 0
0.2828202536460121 0.04514388989983772 0
0.2838787519600936 0.03522321166900274 0
0.2929303977920548 0.0311451522595268 0
0.2856736258741064 0.02505076085589471 0
0.5076933607915222 0.3858094415207261 0
0.7978448696212876 0.02538722819593698 0
1.672793380227414 0.3897839487513913 0
1.025167006098205 0.1707691554087756 0
1.64192459848604 0.1760295766686593 0
2.178573658826728 0.1446335603002427 0
0.2943275437881118 0.02099078598990912 0
0.1311454666755947 0.3484554243503151 0
1.934262270248337 0.3852052669147998 0
0.4765124754145874 0.1755132428624478 0
2.161440305489696 0.3040302936767738 0
2.169039536631025 0.3091151172003396 0
0.4939243537740479 0.1766387561476034 0
1.870364378262829 0.1768501106509809 0
0.1371709736790857 0.3741233424416883 0
0.1360863686503129 0.3842979820387075 0
0.2151211959712352 0.3667468347647604 0
0.1815547458528035 0.0245383505132438 0
1.953812567247911 0.1207158302729445 0
1.963396433809156 0.1168401941025251 0
0.6294582492637639 0.387560670115445 0
0.620928180721077 0.3822547206961088 0
0.6203031984721911 0.3927595802260866 0
0.6117034803462017 0.3862353555515849 0
0.07777718593756182 0.02438302762387477 0
1.259476353975437 0.180416043834838 0
2.026667005089908 0.02323602987945221 0
0.5242842445965286 0.3871343888098559 0
1.742672877048967 0.3864830998260782 0
1.750974692099084 0.3926794015873442 0
2.018659276248472 0.01679656015320551 0
1.920715869137894 0.02205916722836035 0
0.7935309237737658 0.3882444952096482 0
0.8857346874900098 0.02456637206733729 0
1.251044503436421 0.02407032126482836 0
0.521525685208605 0.1660237795690956 0
0.529518980144974 0.1713428121684255 0
0.5562616451283907 0.1666286442826625 0
0.6157239609573744 0.02077330642270129 0
1.090154429297678 0.122124205178155 0
1.080979360545659 0.1261040685807304 0
1.099811023500328 0.1181103319732097 0
1.107618886713021 0.1237480626296706 0
0.3135050784147284 0.1618497879647751 0
1.522128762246166 0.1791865419164801 0
1.494340073744656 0.1767711456812305 0
1.311405199705209 0.1740898725640572 0
0.3363252468923313 0.02025191730879466 0
0.9418102518830406 0.3879989696831102 0
0.9511202606961732 0.3843581335881969 0
0.02246999343202016 0.05753844548558343 0
0.02324496645182735 0.04795004732715613 0
0.5661046450355597 0.15580192581683 0
1.537869343782423 0.1767409129371632 0
1.294680639911451 0.172898142309683 0
1.550953088583875 0.3877263106654329 0
1.560382067188038 0.384052384787009 0
0.1413597559352772 0.1548308001798482 0
0.141154684339307 0.1646512420133543 0
0.4070819693220895 0.0181479558031905 0
1.786239429765633 0.3856944207385676 0
1.778263311931209 0.3802159870265127 0
1.776995639792429 0.389766148184373 0
0.4032068104955098 0.3855296881109925 0
1.063740687721992 0.3906506673712571 0
1.072568681710999 0.3862501251374041 0
1.314974640649116 0.1562570471775657 0
0.3600610952332843 0.3861986507449461 0
0.3519152050318176 0.3804362692410138 0
0.3692803584343677 0.3920773371464487 0
0.0345868542349564 0.02439450511399159 0
0.02550562592805611 0.02816663118550652 0
0.3568774177533788 0.1617196552217915 0
0.02463743829558591 0.3771726761379141 0
0.02323336715030661 0.3864440219361081 0
0.568690415114822 0.3867106843796753 0
0.5773338091067912 0.383073071901493 0
0.5783019969758746 0.3731253605407424 0
0.5864294018046213 0.3789456736040333 0
0.5856329738643078 0.3891890748925251 0
0.5945748581047058 0.3848110493063319 0
0.1293349187561673 0.1890005514049799 0
0.1277611311185168 0.1984167317286077 0
0.3107425690235578 0.02346348782318628 0
0.2160376200339721 0.2630889138520915 0
0.2075208347138959 0.2669882975969813 0
1.513455323752429 0.02397486458239625 0
1.503422159127598 0.02633997963171121 0
0.2303858205397432 0.3878226849558588 0
0.2220927573902734 0.382221288620803 0
0.5990640240066581 0.1793235987581324 0
0.5805447160900685 0.1766128717574326 0
1.165462536579964 0.1654095603404714 0
1.15653960878941 0.1696565409029502 0
2.125648859519969 0.298768625626754 0
2.176569184352767 0.07891356137834458 0
2.179800354216913 0.1350246490743467 0
1.338602839730278 0.1723065360140439 0
1.346448025944581 0.1779250086691843 0
1.643551418387621 0.02122018157651949 0
1.652630381659154 0.01731196934396725 0
1.182280429889566 0.1666978429072733 0
2.179638299793495 0.295729581568063 0
2.181451951345212 0.2866327315459476 0
1.617120169660595 0.02393422665772411 0
1.607842837916171 0.02768006185821147 0
0.4549716404395167 0.1387454955906864 0
2.003423210070002 0.392152243720567 0
0.3808639074266156 0.1794933690035076 0
0.6512906908844763 0.1593545419895253 0
1.685844704871424 0.02045230776175484 0
1.694592480584995 0.02608583740640637 0
1.678854059292249 0.01522158090563838 0
0.5415120888158492 0.3911314375460205 0
2.069952882789285 0.02265518936054132 0
1.626055649365159 0.1804859334691541 0
0.399468209220862 0.1706888818934922 0
0.3169563628930612 0.3866441858078222 0
0.3257812239748859 0.3828987851647989 0
1.041523796953299 0.02224499790311832 0
1.03300060584487 0.02567344472959488 0
0.998652070486601 0.02226857138373287 0
1.006745183828672 0.02778742399918908 0
1.471799633276498 0.3944319477634693 0
1.227670961678922 0.146158045385538 0
1.218129373284561 0.1499665575680699 0
1.385762463590333 0.3864274504799285 0
1.377872735720437 0.3811393856518637 0
1.376682975279135 0.3903653981472285 0
1.556738618799122 0.1727007226953083 0
1.565631655569583 0.1786419792357554 0
0.3945493056873841 0.3898842661463365 0
0.06692766682601521 0.3867159139053573 0
0.0757203110247625 0.3830614926443088 0
1.342184275921392 0.3872516595446945 0
1.931515683719348 0.1586875253200884 0
1.592697279184726 0.1668031968954191 0
1.601043268739753 0.1723316069235886 0
1.951511169515696 0.3868152285490933 0
1.960676831990861 0.3830397583686869 0
0.646150989775867 0.3895544991117578 0
2.159944377737523 0.3871110362352845 0
2.168171538002036 0.3852649597258204 0
2.151199036597542 0.3921173064495825 0
0.02182730857521012 0.06709965742685577 0
0.02939530595983065 0.07355074490256444 0
0.01962930009389036 0.07539969760735708 0
0.02748146196363732 0.01716041674506897 0
0.2510041474907092 0.2296002061851534 0
0.2546246814134022 0.2386097705067011 0
0.2462077300902262 0.1634751709494455 0
0.171438871546878 0.2506902576547989 0
0.1796236304048495 0.2548952546784327 0
0.1618033615510386 0.1553223686381606 0
0.1623518648353386 0.1449357099902135 0
0.1475226449312703 0.2256145669745871 0
0.1426875758740583 0.2063871378811505 0
0.1353520306289042 0.2130795000476613 0
0.1837439959706227 0.1434870919554327 0
0.2353977220187439 0.2461839700584476 0
0.3087263657014186 0.3920703041147109 0
0.3002464084779282 0.384519993889137 0
1.173637916755067 0.0206303054252866 0
1.182464182053194 0.01678843787322063 0
1.190237572047391 0.02249413172881443 0
0.1646196508319309 0.02323564789731846 0
0.1554166232248753 0.02687312505544244 0
0.2560648647900228 0.1649048114383871 0
0.9114980228098043 0.02239482248201487 0
0.903428390766515 0.01648907401827705 0
2.178210773894001 0.06946953394036828 0
0.6855301023920257 0.01799481333984118 0
0.676368697914873 0.02224328744940846 0
1.793881342987789 0.3921809101585511 0
0.01464170505540724 0.05148978860968122 0
0.7024189396349511 0.1809876186036042 0
0.6723316144119625 0.3869661697673517 0
0.6815843802653211 0.3831602601149984 0
0.6826117207496187 0.3733320753364888 0
0.6907394151445372 0.3791485088008835 0
0.6900901392706392 0.3883382856876574 0
0.6990830610485093 0.3846414279654553 0
1.660098092386548 0.1742345046376814 0
1.668571218907899 0.1812675548627168 0
0.7771142600055942 0.3869480194615447 0
1.133409538751865 0.3868906243209452 0
1.12437331417618 0.390644221021327 0
1.626116488797505 0.0195512485351862 0
1.705488715295471 0.1735450860908389 0
1.697275127853486 0.1678357897699833 0
0.1549297459872126 0.1483663309879568 0
1.881285428688393 0.3916548058246648 0
0.1564191074896241 0.2388458442313191 0
1.712322934079362 0.1805223315328723 0
0.01872058996612152 0.255485933080966 0
0.6257940727711229 0.1673376669623377 0
0.6338556208368467 0.173236135804284 0
0.1540081720749672 0.2490659547376297 0
0.2494183713518616 0.2455157436816358 0
0.9857260770791285 0.3887203485371728 0
0.9775611465456709 0.3823194744965054 0
0.9766052759444313 0.39251722607615 0
0.9684537452667669 0.3864141802635566 0
0.9669130122952049 0.395944525165416 0
0.1422733206504919 0.1951815507255829 0
0.2588041146279023 0.2467201127822898 0
0.7552508587815262 0.1690504986040081 0
0.7329946614437374 0.3877648881666185 0
0.7251450944730583 0.3824716193043038 0
0.7242295415061006 0.3925203701153789 0
0.716091699622307 0.3866809866244765 0
0.6795812365888272 0.1530927926415212 0
0.5938984584879168 0.3947978926935463 0
0.3253754618066582 0.3926583009502868 0
0.3344089705117794 0.3889254022090337 0
0.3436034518085558 0.3945144635165893 0
1.745505515028128 0.1769697588447069 0
0.07535051647917335 0.3927459851504603 0
0.08435177013990683 0.388947489452808 0
0.09306546411635866 0.3935944646502031 0
0.09300265762298451 0.3841462261388631 0
0.1011300986864766 0.3885364646893538 0
1.855733184206053 0.3922750108340932 0
2.180292815886789 0.3694156197228897 0
2.116870287867838 0.3894796299294174 0
1.299214820510619 0.3881167824820138 0
1.290844818116762 0.3822575524523519 0
0.2371495011217676 0.1547798534800439 0
1.194684532192061 0.3887968653305729 0
1.186387312331778 0.3826386940637613 0
1.185378976313164 0.3925230137728737 0
1.177367761417249 0.3867248724896526 0
0.5117176041454004 0.177015590656073 0
1.094594188905984 0.01710792392477722 0
1.979587807936842 0.1283729053980846 0
1.850707022375273 0.1762479842574093 0
0.1567689702151231 0.01681910280274785 0
1.511733743142475 0.1822027156114652 0
1.782961815286385 0.1690937519214877 0
0.7292325122311955 0.1783666285268602 0
1.253143873130745 0.1651211911828903 0
2.028866193865949 0.1439181755779441 0
0.2191253742492666 0.1454099144594686 0
2.179643138541585 0.2200647712010853 0
1.360007362871799 0.3911113834367404 0
0.2032863950656674 0.14226334044794 0
0.1976589869989458 0.1321323567343098 0
0.6243019899510445 0.01711188093710098 0
0.633746332326126 0.0235105563941903 0
0.7823070779303418 0.1652531461477494 0
0.6624289800147691 0.3922146531255769 0
1.432942061594853 0.1758016503799672 0
1.424316780554546 0.1804759866978447 0
1.442082204590068 0.1717576389093426 0
1.450129807377247 0.1773577455816166 0
1.451877844141531 0.1685827318480565 0
0.02144863063725274 0.3223960785451737 0
0.02005048227766343 0.3322572206690334 0
0.02300235801826752 0.3132354721974513 0
2.017668487790814 0.1779266176570524 0
0.8158489915980933 0.1701707176674785 0
0.8074822456215306 0.164591171866809 0
0.8239656010842815 0.1759332616638715 0
0.8985259692187568 0.3895280321633943 0
0.1368281611401363 0.2240616075836463 0
0.6922958526016871 0.1839754637259254 0
0.6858865875347482 0.1784092360100158 0
0.169357590560153 0.2604845776704338 0
2.035816104108219 0.1595092776776035 0
2.107637523216795 0.3926249213233367 0
2.125830240415845 0.3951908920114653 0
1.468393936329527 0.1692434070667072 0
1.243172310732537 0.01905059334790541 0
1.234531825246306 0.02290124090234667 0
0.8597298814357728 0.1692318416469211 0
1.176164315650089 0.3962224091645264 0
2.015996863486409 0.1976896211796833 0
0.9128337494269765 0.1548171916057233 0
0.9214810407060524 0.1603038189554367 0
0.9301906705794099 0.1658027640818104 0
0.9149146662922714 0.1437379784016144 0
1.72511175762587 0.3947830627218701 0
1.646578361512664 0.3927775009563599 0
1.636892313296224 0.3961784113639761 0
1.839095992610507 0.392153994291963 0
1.420766019003654 0.391674398505826 0
2.187869951790391 0.1409307132753454 0
1.864265305231215 0.3993534841144089 0
1.255349777424051 0.3894827634707305 0
1.264420295048265 0.3852266155895797 0
0.2266831899866978 0.1390938443581412 0
1.852731111694869 0.1659413649141828 0
0.5990771380895217 0.01732994248872941 0
0.590204431119308 0.01246931308955114 0
1.103985913774289 0.01358880956775594 0
1.106956856546535 0.3895162821394604 0
1.860799905867444 0.1811296906147995 0
0.2344651781061886 0.2642267477256939 0
0.9893622545335649 0.1772358898799344 0
1.896165348445203 0.1654492926251941 0
1.616951507774959 0.1831021604733827 0
1.168095360110242 0.390410247107211 0
1.158273200300033 0.3936060851459894 0
0.9244454830726939 0.1393811702662559 0
0.9258841691765436 0.1291893590646334 0
0.6631534980779754 0.1498356894849825 0
0.1301215596275172 0.01881442050782301 0
1.055248537678456 0.3948797021526758 0
0.6943128583288053 0.01420109783111845 0
0.7027484424301805 0.01986227993124588 0
1.141760440298671 0.1479915924752241 0
0.1539842333755267 0.1399998725502586 0
0.2418135108687898 0.2788243227330042 0
0.2500709724484162 0.2841576533521984 0
0.2488030662680326 0.2949209077434432 0
1.649759194855568 0.1707474391563857 0
1.008224813519819 0.01741632732626295 0
1.016125158324449 0.02400885666672485 0
0.2663324834200376 0.2871961064535196 0
0.4991770520848416 0.3916336229366473 0
0.4242227494790585 0.01972718459878499 0
0.4323370919207073 0.02584334882798215 0
0.4334177523266636 0.01595788580904393 0
0.4414834802327763 0.02184206984650062 0
0.4414063485269891 0.01164400734109172 0
0.9943639505238504 0.3944135655888827 0
1.244676754578025 0.147550624244165 0
1.112358325975283 0.01932483871174911 0
1.12173656073669 0.01607500000822855 0
0.3269989346805094 0.2871304051580607 0
0.3360542837391946 0.2832593032001122 0
0.3197615731850974 0.01796432962993822 0
1.66380976469619 0.3941865823644978 0
1.912656771815787 0.1675783999826211 0
1.951866539657303 0.1308597625430088 0
1.148188511379638 0.1636099725122776 0
1.147278417602366 0.1735044812075501 0
1.15524759329886 0.1792892758879656 0
0.0174417384900869 0.02177474747556143 0
2.188889106775895 0.2919239606181855 0
1.660204630685408 0.1840956288635435 0
1.037396416264863 0.3930930916492055 0
1.028969574696602 0.3975894939109436 0
0.7155288634558895 0.3962015442382835 0
0.7369294693188185 0.1852252597064929 0
1.546384648433444 0.1716753032111477 0
0.9641665976776652 0.1695811172939296 0
0.954641741473583 0.1738441945426904 0
0.6154921896556387 0.01008342871137076 0
0.2925146022736968 0.2844970941149294 0
0.2845841607607706 0.2785815666206129 0
1.608897291943643 0.01768063198911322 0
1.599744817099438 0.02222418174537494 0
0.2348287029381996 0.1431156256328924 0
1.494436206563093 0.1665625097997463 0
1.486598036981229 0.1609857126202932 0
1.495646039197532 0.1566559266518446 0
0.5390968292199875 0.0164523028424047 0
0.5450911415873081 0.02435742472139061 0
0.5296692664531759 0.01142999458554824 0
1.137560411094973 0.1772114302802598 0
2.10279311760418 0.2825708609153088 0
2.186086702025963 0.07560496910433835 0
0.4711870346807527 0.3936309370499592 0
0.4636079532482106 0.3866278726517089 0
0.4801804483350447 0.3985913622256831 0
1.390892062622325 0.1674628344231349 0
0.1486300533211542 0.1725421913769107 0
1.555958281990824 0.1822332222130096 0
0.3579279026592695 0.2356470818260791 0
0.3669950604292481 0.2314733339496576 0
0.3679746435304539 0.2216074847238513 0
0.3659955271960337 0.2413581037729396 0
1.399145048351391 0.1745263452096269 0
1.407817300458375 0.181667037061568 0
2.135196930819823 0.2951108767972179 0
2.181271742244758 0.05947871704271403 0
0.7735856598804207 0.1601376333961456 0
0.1392728616852097 0.1759133543123559 0
0.2613991395026547 0.231042321981707 0
2.185139520680138 0.2462518623903784 0
2.186248684243885 0.2361578944629431 0
1.4812344250461 0.3920354570065604 0
1.482323779612078 0.3814278682155544 0
1.490455174503659 0.3872485526985807 0
0.9396279231178593 0.1615042026473102 0
0.9382050486976438 0.171637164961072 0
0.9286718233303488 0.1759980510508106 0
1.715631619343403 0.4002013589121082 0
1.641611494491848 0.1661673156076821 0
0.9906631719790941 0.167310018257267 0
0.5598987460772608 0.3921986801272753 0
1.264120562792586 0.395158607786754 0
1.246185783468165 0.3938795576481864 0
1.236596846515647 0.3971757357390369 0
1.273218760953301 0.3903400592062417 0
1.273529339106811 0.3807285965093505 0
1.281181746701773 0.3941842004685265 0
0.3840882599876038 0.2332301146941707 0
0.4011815347389587 0.2349705437598359 0
0.729790792888625 0.01660578679943268 0
0.737258934611543 0.0241615989735418 0
0.7206135913497909 0.01159153940723161 0
2.181727976746461 0.3493009182514291 0
2.190353820844082 0.3548091773504096 0
2.182808278052247 0.3393481465590341 0
2.190850743860396 0.05475049045353286 0
0.8092126435100453 0.1538869261238731 0
1.003853274671906 0.40041348398286 0
0.9975706138582228 0.183166625980812 0
0.31787840483861 0.2913823849977438 0
0.7901389584766212 0.1720743611012401 0
2.035473785258206 0.1698078461744382 0
0.134040090810751 0.2343196343431793 0
1.307226827878399 0.3936489482606229 0
2.062126497809895 0.01705341448310145 0
1.702937635991493 0.1819313738734748 0
2.007947143622466 0.1818035780086125 0
0.2207544884596229 0.3924712838691658 0
0.8329473374296246 0.1806389924442465 0
0.8253584722204901 0.1655104652872433 0
1.026700217326359 0.160707200399969 0
1.995024890004259 0.3960748007778369 0
1.9862369567081 0.3907748233770946 0
1.976871471103066 0.3948447700499589 0
1.685302775995673 0.1762050997307066 0
0.9366598732334285 0.1820000104075933 0
0.1071579468760977 0.161200082292357 0
0.108186919944513 0.1513871109370048 0
2.126599292910428 0.3847369206665598 0
2.135035680615589 0.3899094871564764 0
2.013712851919787 0.1321461386299322 0
0.461646202951764 0.2360018857163948 0
0.4707428545232009 0.2318473231479137 0
0.4717198469310909 0.2219311151729225 0
0.4798054656575369 0.2277111783267366 0
0.4697746853457872 0.241746744871831 0
0.4363205712387479 0.2286132364601229 0
0.4282368151628649 0.2228593753732696 0
0.3488302341041724 0.2397967711219064 0
1.20315161177963 0.3937704270126283 0
0.334939270155218 0.2934829543141249 0
1.977850379746864 0.3849763274709638 0
0.2566770394827849 0.2153803833325184 0
0.1101496541797566 0.1317434118741865 0
0.2668527941126115 0.1912380243416575 0
0.5060439695654292 0.2253508738860584 0
0.5151294794497341 0.2212048552983945 0
0.1320504219378062 0.3384824470649482 0
0.8408208873795715 0.1871913949715453 0
0.3295474616010878 0.2582673026827303 0
0.4152355613421039 0.01420316260830167 0
0.5383970349131002 0.248725340605748 0
2.182651674263354 0.02951970726749779 0
2.183439214926767 0.01940514562037859 0
2.175346403942746 0.0142090648251854 0
0.1249772698743104 0.2380612271242541 0
0.2325110084400233 0.1146518205350268 0
0.5802029585080737 0.01705788464520502 0
1.718785463959212 0.188347207513985 0
1.728012758125064 0.1844206963777743 0
0.2333310095255058 0.2737350385389346 0
0.4506624061212314 0.01649553349375237 0
0.4495511533480445 0.02752267872287989 0
0.4583241403216945 0.02434680726916158 0
0.3167081344625096 0.1336394567594324 0
0.3318013194823619 0.237895592977182 0
1.434545409000615 0.01885754156942503 0
0.416036620708919 0.2570458796944463 0
0.4241276482827617 0.2628202467701417 0
1.160110731421946 0.3843764748344422 0
0.06977922132682028 0.01813112367408114 0
0.7644734271448905 0.1644014340523049 0
0.7087244635159415 0.1888294361195074 0
0.239815448272981 0.2994001052947997 0
1.67314664403027 0.4002250218632841 0
0.3095645662881723 0.2860010932565069 0
0.09905132185155398 0.1555105614863669 0
0.4296002514998117 0.3929290431605406 0
0.4197544080893334 0.3976410902220606 0
0.08371038117742449 0.3036918423410188 0
0.09177234240647346 0.3095132736444976 0
0.09078075972282464 0.3194240355900893 0
0.1627019977332967 0.1268543837710653 0
0.2319365247847855 0.1242278266182829 0
0.5848029553915314 0.2182158215765474 0
0.1734003789058185 0.1034848312065134 0
0.1148124042192824 0.2518829594109612 0
0.1138240348522491 0.2617766566231205 0
1.968797295862441 0.3889743552196523 0
1.968739589308588 0.3988088345248945 0
0.9155609496349065 0.3906481021404031 0
0.601097731989749 0.2297336762715525 0
0.3528536870138829 0.3706581595411576 0
0.1452978528244409 0.1458443048633806 0
1.548847865812308 0.01655138621537455 0
1.540020514669823 0.01019817075805201 0
1.520759176494126 0.01761265558342455 0
0.2431357570639236 0.344567944304098 0
0.6426654941806174 0.248905000094916 0
2.037571022136307 0.1497427807349837 0
0.2334896695301477 0.1048344088615474 0
0.2254755699701124 0.0990183344808066 0
0.1111781295155153 0.1218957579943788 0
0.1201938323516352 0.1178739242645821 0
0.112190506413015 0.1120499315411424 0
0.1352402563826517 0.05467615642500365 0
0.2818302925709447 0.05508419783114099 0
0.1443901425468068 0.05064317733817233 0
0.3139075566554163 0.07843177451113705 0
0.4525252126237019 0.2401897284173004 0
0.2873685187249269 0.3340848863651061 0
0.2953914145951898 0.3399084110768882 0
0.364929584406739 0.2514797715003484 0
0.5454648066972542 0.2645826899095263 0
0.5444807918217294 0.2745231972424333 0
0.2415152798951452 0.1106633711599065 0
0.7484817484692163 0.161599057839367 0
0.44710147142823 0.1325966559448658 0
0.4090498601192409 0.2411401175674959 0
0.3921161488645725 0.239168573191769 0
0.3155386516653879 0.1433038052839289 0
0.7145143057974513 0.2257798499510892 0
0.7236148453188098 0.2216516261192818 0
0.3177418023207914 0.1237581701366665 0
0.4968975687125183 0.229431572706281 0
0.7470004630514522 0.2490865514152927 0
0.394311762447829 0.1371083965570384 0
0.3954026232145635 0.1272266172306922 0
0.4251221334925858 0.2528951368353434 0
0.9351119442069945 0.1254171677717058 0
0.9271501263338066 0.1193640337548246 0
0.9179265200766297 0.1230676133770707 0
0.2505916651494308 0.1066609220604992 0
0.3230332466158248 0.07441256389773501 0
0.4403703376164447 0.2743259388302722 0
1.082613130676085 0.1162750598002417 0
1.073481509709218 0.1201303453704496 0
1.675591717620248 0.1887046354642281 0
0.4662212430981828 0.1148716090746232 0
0.7905778974453147 0.2483152539675389 0
0.7987022563614807 0.2541344517361701 0
0.7977218495606062 0.2640994250253553 0
0.8058459331893461 0.2699242544060373 0
0.2725182553257524 0.1437496772837056 0
0.514138940011141 0.2311617771471321 0
0.06654992342594575 0.3019302007668136 0
0.09868417468923071 0.2402272106572428 0
0.4833900390463773 0.1167208082382025 0
0.1059824707904672 0.341011110204648 0
0.1069932785585372 0.3311161097016173 0
0.1160381126207576 0.3270103309429043 0
0.1080076883067939 0.3212259461623875 0
0.09888123612081363 0.3252690067010535 0
0.1976456330420272 0.1210803036153084 0
0.1158035968590369 0.2420223344137414 0
0.3257983145893605 0.1296617177588601 0
0.1040154829513371 0.1062998322383117 0
0.1278260153932026 0.293069985516987 0
0.1288981174130761 0.2832579867457172 0
0.120854191684772 0.2774342847002303 0
0.1940936596379494 0.3197288748958226 0
0.2345396522049385 0.09500168106837868 0
0.3910835332828033 0.3345170162602814 0
0.383010009726958 0.3286820337819548 0
0.39208214466289 0.3245924978239534 0
0.05651353246441821 0.1465394700623083 0
0.06457046811903006 0.15238421023614 0
0.1890335789279902 0.2844684263910347 0
0.1898990222859931 0.2748233537087862 0
0.1988192610113596 0.2712379023021767 0
0.18102501394559 0.2784690468033 0
0.1831195892022683 0.2687978995081307 0
0.2069002455511769 0.2765498554279168 0
0.05447913915158645 0.1663465226827107 0
0.06253063070928169 0.1721807091520343 0
0.279671642613282 0.2426493643006806 0
0.2719137030904375 0.2368239063942156 0
0.5475087731783138 0.2445420596263621 0
0.8624348779048997 0.2252236407459534 0
0.8715394568040745 0.2210931389342333 0
0.1924739650083521 0.08558726348794027 0
0.05242832386959227 0.1861287959284926 0
0.06049613952688465 0.1919895171363491 0
0.4687576636804999 0.2517565386424836 0
0.05856597094396658 0.1267385513497084 0
0.06661790754345627 0.1325807079450397 0
2.017180629416812 0.1679303279284307 0
0.1649487492647895 0.3516557383887592 0
0.1311471933831456 0.09416813120599526 0
0.1301720390493259 0.1040189341195328 0
0.8949473157555425 0.2485142845115745 0
0.05040746184734403 0.2059329653927852 0
0.05846633653728657 0.2117932480349162 0
0.05752658269647586 0.2215021144082351 0
0.0957387443846915 0.1851919632571012 0
0.1040137556004433 0.1909062475515592 0
0.102883579394251 0.2008686504498481 0
0.09690912323840224 0.1752430567762524 0
0.5752381886339694 0.1517710490988665 0
0.5744670355515711 0.1613686774693917 0
0.5763292372821742 0.1418454187251847 0
0.5774420078222499 0.1319222722292925 0
0.2635066990459081 0.1475494662791856 0
0.09376540315983158 0.2049028930708438 0
0.06860360738973963 0.3672745838573412 0
0.143899145378897 0.3046720067212441 0
0.1449476872461529 0.2948553350276616 0
0.151936468693663 0.3104753730311428 0
0.1609742685548663 0.3064184769349953 0
0.2590649398542697 0.3562925962845664 0
0.2601847567641671 0.3463474250363856 0
0.2681845670833169 0.3522003672392138 0
0.4958128977324755 0.2394182368632111 0
0.2596439986651672 0.1026339742401017 0
0.1663458725369615 0.0878390315935362 0
0.1653306818823824 0.09768454385294605 0
0.2463681051995344 0.3151401310114092 0
0.1117659567732349 0.2814595280331502 0
0.1127815929212303 0.2716097742318549 0
0.1218778235837167 0.2676045073238864 0
0.1690078016600114 0.3122161126761593 0
0.08879373505044527 0.3392511993177768 0
0.08979555417551882 0.3293380874567016 0
0.06059708207884755 0.106933312200613 0
0.0686704558606355 0.1127328680961552 0
0.06162096048347492 0.09701911165100631 0
0.4444104264744833 0.2344301386128493 0
0.2121346641728258 0.3115995374632909 0
0.2201939479233493 0.3173828821355968 0
0.2211458364672505 0.3075383047160312 0
0.195039335514181 0.008532849270925879 0
0.1901597175215968 0.01834547543016011 0
0.214997807910708 0.008642948013570762 0
0.2102483150430745 0.01709911439063757 0
0.2199900198023342 0.01730980650437889 0
0.2299907491530826 0.01714626970308753 0
0.234999032241073 0.008631910237816585 0
0.2398018564015388 0.01717157044267725 0
0.2493047181191734 0.01694650153395778 0
0.2350958558767052 0.02546299885164282 0
0.008555228556842445 0.1850024027558572 0
0.01734918516688489 0.1802725270759645 0
0.01751449903609153 0.1704524639995061 0
0.00869199923208531 0.1650758877327837 0
0.01878860137168552 0.1599678990513953 0
0.01700949059891791 0.1492500398105307 0
0.02807748619514177 0.1584001989495674 0
0.008606435447349257 0.1448756399918658 0
0.01687253129743757 0.1392873484378306 0
0.01697381927668901 0.1293994953936372 0
0.008601837495823257 0.1249014429030422 0
0.01713100270115623 0.1196825565330319 0
0.01722747174765185 0.1099512979496958 0
0.02564512678526132 0.1145740844014479 0
0.008644913147983943 0.1049933417521061 0
0.01724063146385802 0.09999365132170514 0
0.01738478357838847 0.0902906836807741 0
0.02659505727085192 0.09463984683886739 0
0.1743966822427517 0.0096191994317576 0
0.04850171495188815 0.2255874617778239 0
0.135004186783028 0.008657836797367506 0
0.1197433229168318 0.01784472399787434 0
0.1150193973330354 0.009165182253484174 0
0.1047332088797419 0.2658020247200221 0
0.008556601508866226 0.2350017801696093 0
0.01666187260777343 0.2306523673772964 0
0.01663938841594715 0.2212294904995797 0
0.008280061090211253 0.2152104566396557 0
0.008313304924226961 0.2050374198586953 0
0.01679066647101435 0.2010099608734247 0
0.01699281459980569 0.2410274266786581 0
0.2449966299906278 0.4015937142632415 0
0.2501956185840849 0.3935024501524084 0
0.2601169018735109 0.3929640376022311 0
0.2650103907751143 0.4013841571899146 0
0.2699997725210702 0.3930735854350529 0
0.2799673990229076 0.3930656945122386 0
0.2655415005759885 0.3833545253173179 0
0.2849655191806953 0.4014265958898072 0
0.2894042293781436 0.3932985862991669 0
0.2841500895327005 0.3840574108982237 0
0.2749318811439935 0.0086231738249262 0
0.2704280183511356 0.01770354632855314 0
0.2597084659397718 0.01848615714373372 0
0.2548363783297621 0.00879231828364406 0
2.173651968635066 0.3434087432064466 0
2.174543335450074 0.3336346565147237 0
2.166458751789154 0.3279247728755499 0
2.175351512871526 0.3242837760205907 0
0.009043781790130094 0.2554227296486048 0
0.275531601637832 0.282757498386813 0
0.1750009430569315 0.4013430266007925 0
0.1805810257887852 0.3928218502644527 0
0.1903920171694498 0.3931043688756389 0
0.1950566091269714 0.4014082891483263 0
0.1999680677373574 0.3926740714340842 0
0.2050165402864441 0.4013442226363198 0
0.20995811380197 0.3926658831040998 0
0.171436177675545 0.3926643795174013 0
0.1608447994551688 0.3912425507634207 0
0.1551403182055173 0.4011103426549849 0
0.1498856400176607 0.3931195754290824 0
0.5957008976308684 0.1238787039516149 0
0.6048320148775078 0.1198401418203384 0
0.5767135717689698 0.2123314465701156 0
0.6092290296238273 0.2355427801757585 0
0.7054138783639926 0.2299080930140788 0
0.6972866018693673 0.224088740644469 0
0.6963099520509439 0.2340410527273029 0
0.688187840947577 0.2282196220359287 0
0.6871791069124729 0.2381972444820787 0
0.6790761554053871 0.2323909088208946 0
0.6800631494413449 0.2224087445358245 0
0.6861891299422214 0.2481780310772552 0
0.1349999125793526 0.4014168401893139 0
0.1303720452922133 0.3931139046260189 0
0.1207803021416253 0.3929740931626483 0
0.1150128830196077 0.4013323124038691 0
0.351717826865827 0.2956163061755288 0
0.2949582082621783 0.01025580978748311 0
0.07261636515517392 0.3275803872230963 0
0.1740066974946508 0.3475767871905485 0
0.07071439245501561 0.09293710926013404 0
0.3150791877627427 0.00834445967759632 0
0.3356336228407817 0.00987542733475341 0
0.3045363548116562 0.4015146381908152 0
0.405586789704626 0.1133109433481901 0
0.3964753127126109 0.1173344950223891 0
0.4292161869380143 0.2128806674575851 0
0.6127318165575845 0.3764686441618116 0
0.3537681516144635 0.2758617687611112 0
0.3550778198871756 0.008571939699711604 0
0.3611805062505493 0.01815922121178924 0
0.3508576824322564 0.01674314369183114 0
0.09200358299943476 0.05507745677445109 0
0.100066351528577 0.06092305892165958 0
0.09096381291076708 0.06499030839849125 0
0.09900634176505975 0.07083991479009068 0
0.1091592119446318 0.0568629030322781 0
0.1171752871525094 0.06274278936721224 0
0.3115117958381978 0.3515318059823065 0
0.3034325526092274 0.3457288695698736 0
0.3125077148610154 0.3416328594501036 0
0.3044854296892104 0.3358079414102573 0
0.320582276311031 0.3474331793415538 0
0.3215731043449896 0.3375348764877887 0
0.3306289366978986 0.3334394290851823 0
0.3225870611462935 0.3276267357887211 0
0.331651532347726 0.3235404647618234 0
0.2994679807366935 0.3003568135228596 0
0.6517788894200941 0.2447511992563436 0
0.2643626872788807 0.3068634435933562 0
0.2873895847836546 0.1647674168502067 0
0.3755567268960401 0.07002444664951572 0
0.6608861471279864 0.2406406518121705 0
0.05948052574704132 0.2861598495198333 0
0.0675536686399682 0.2920072144335497 0
0.05747237580984267 0.3060014247847445 0
0.4951535671602521 0.3348162775302578 0
0.4870468869700545 0.3289909573379529 0
0.008606710050195188 0.2750888280847027 0
0.01739956946819157 0.2796455096939637 0
0.01705498836909448 0.2899314125577603 0
0.02578045703395373 0.2843986604332344 0
0.01731155211080525 0.2700104207858026 0
0.008541903854486298 0.2949841146919019 0
0.01627629797976124 0.2996731276884529 0
0.4961401171446156 0.324876727547257 0
0.327938356209305 0.1099182535588106 0
0.9668197873068032 0.2254104231819324 0
0.3947645303957248 0.4000983338801853 0
0.09501397797760563 0.008631255612313739 0
0.1001092155721813 0.01692512450355624 0
0.09001158808700686 0.01620661606334088 0
0.5137033045746446 0.1596961543018582 0
0.5535889361287601 0.270382422518833 0
0.552614123160478 0.2803150198921664 0
0.5607578604914463 0.2860982613083651 0
0.1197483294101614 0.2024286011461078 0
0.1834422920256813 0.08961895943298806 0
0.1950693717984184 0.3098825993330494 0
0.1301441713122908 0.358432937790418 0
0.3991864823400662 0.3403244779479915 0
0.3457488256560757 0.2699640586836108 0
0.3406343445146544 0.1507896286759946 0
1.01039522728007 0.2246617722160955 0
0.1019925196088641 0.1260148361773426 0
0.4413139095220379 0.1789802873719717 0
0.4322749643682811 0.1830815501882039 0
0.2723902287451671 0.2270072416584106 0
0.4014538870284347 0.1525891255906786 0
0.4121746263465373 0.2965739623428174 0
2.031646270374474 0.1342701473641586 0
0.5145809746271247 0.1501358267854945 0
0.008371025120789903 0.08557210780104491 0
0.009204239087510885 0.07542010747618166 0
0.3766286753964621 0.06011615529100121 0
0.304813823499458 0.08246186644954653 0
0.4556049394670802 0.2958292141077823 0
0.6747472209710578 0.1173821162014528 0
0.05141655781709148 0.3655344239084818 0
0.6718285426244646 0.1467053598556051 0
0.4632413097224131 0.144377656115825 0
0.7226071987103937 0.2316496832033608 0
0.731720485941129 0.2275081703568586 0
0.2846869758241484 0.1102694309190065 0
0.3800525914208517 0.3584357914063539 0
0.4575632973929116 0.2759851875653506 0
0.4011565789703097 0.3204907549558104 0
0.7561102176642029 0.2449441774945397 0
0.3331828597971407 0.06047404637992478 0
0.5236781477506733 0.1461671934099304 0
0.3750102831937463 0.008617014136099589 0
0.385014426970168 0.008713163116460474 0
0.7652141926696778 0.2408128577047095 0
0.5303058570434354 0.2428545011892295 0
0.5312769915659126 0.2328643183392186 0
0.6123647172147481 0.05029781835103487 0
0.3884310231295408 0.1114532840531129 0
0.3793228872220639 0.1154717758035367 0
0.3873606213571418 0.1213433012488097 0
0.3782353191621312 0.1253412734373031 0
0.2974885583092577 0.1513981957194303 0
0.4650974934142876 0.008254805535919054 0
0.4701372260474448 0.01643263081186263 0
0.4800206162309197 0.01676364548525008 0
0.4749940706371438 0.02597347096512322 0
0.4850032667247595 0.00856738884616088 0
0.4900017319678905 0.01732029334860092 0
0.4993409268155585 0.01741430726393308 0
0.3749072198027162 0.4013342686307688 0
0.380000000690274 0.3926869270031469 0
0.5032727434815119 0.3406328956799951 0
0.1991824959494986 0.3551087962034374 0
0.4446164188775603 0.4015622662533305 0
0.4398546221149924 0.3936243127313575 0
0.4548820596562561 0.4003569844577993 0
0.3712854764506338 0.1095980093066355 0
0.4273864081444219 0.1495594517958893 0
0.6655988190821265 0.1214126098337434 0
0.4842444602439051 0.1806703054189597 0
0.4484658236636592 0.280124718977607 0
0.4494509683927045 0.2702000164527085 0
0.3621831749504248 0.1136187467265064 0
0.5994119837593995 0.3350510614056078 0
0.5912907705669639 0.3292300441276385 0
0.5464693704586187 0.2546047079614855 0
0.7688725641362032 0.1326316283105089 0
0.4791287910310444 0.1564021435782689 0
0.4698095356227926 0.1600931726507688 0
0.7213637834374823 0.1721827968181242 0
0.4119744363592451 0.05384440622027076 0
0.6497854269757413 0.2647170507882833 0
0.6488172477937527 0.2746524350221583 0
0.6003921934853494 0.3251049904281977 0
0.4990774630558806 0.2950833663440829 0
0.5081660471915384 0.290962038848134 0
0.5000505530428238 0.2851573528683772 0
0.5091317552532234 0.2810396710106316 0
0.09271631190291219 0.2147506363223557 0
0.3387215387243739 0.3392395571848616 0
0.1724452354754386 0.113301882617892 0
0.8533303335053685 0.2293541500738003 0
0.845201715784097 0.2235339448451751 0
0.8442258274571649 0.2334845439457388 0
0.8360965799079122 0.2276650667072984 0
0.8351173105307914 0.2376219722882817 0
0.8269879435571064 0.2318027530419958 0
0.8279671844615121 0.2218461534784871 0
0.07495257781576174 0.008426463813912979 0
0.05928402306803619 0.01686314466668653 0
0.4445733946875302 0.31978164390529 0
0.4354956784257967 0.3238873234392742 0
0.5162802490623838 0.2967715878245119 0
0.007770489495466526 0.3143857930594414 0
0.4480345802200612 0.1228932746403108 0
0.4399681748604966 0.1170190350672362 0
0.4378509434680278 0.1362268747285195 0
1.114795390062916 0.2248403854767765 0
0.3385084698593984 0.1693835271986788 0
0.8178810657427446 0.2359322739857513 0
0.3407108720425583 0.3194582303938433 0
0.4841053615664739 0.3588054972727369 0
0.650768216777402 0.2547537256383478 0
0.5177623161945957 0.12044260546319 0
0.5188350293191772 0.1105155134969906 0
0.5097027714177773 0.1145491204838086 0
0.5939124636866955 0.2140429102316703 0
1.15837561823265 0.2240884167102303 0
1.157400138434575 0.234041058066556 0
1.150247217536618 0.2182724553141404 0
0.4909641497596907 0.2892780889205486 0
0.4919367593130815 0.2793528719755484 0
0.8525711605959827 0.1623650646144271 0
0.2943638641085393 0.3498240118551899 0
0.5384378398184781 0.1661674927103002 0
0.7541398831686275 0.2648777458325158 0
0.753168168537429 0.2748220216800315 0
0.5888027715890402 0.1826420376306975 0
0.7037480968120789 0.3352574361090807 0
0.6956217890227482 0.3294357217493281 0
0.5833761001094759 0.1576351304159053 0
0.6180188136962986 0.161046906510121 0
0.1049598407587868 0.3509169982638071 0
0.5627117136258463 0.2662240367339635 0
0.870552833327781 0.2310613702291754 0
0.8796620000838415 0.2269258599720321 0
0.7047256839553212 0.3253078408373343 0
0.5048684961825394 0.008637822666972186 0
0.5103446199245106 0.01857274548092267 0
0.646115067206384 0.1498680595208516 0
0.6033233968083626 0.2952770111206631 0
0.6124213232908187 0.2911505131035911 0
0.6042976306370418 0.2853367900455097 0
0.6133906620256774 0.2812131009790794 0
0.957714120059833 0.229541566974165 0
0.9495842076777198 0.2237207772060157 0
0.9486084876112864 0.2336726234705373 0
0.9404785888545995 0.2278518530732951 0
0.9394983077442599 0.2378058971068912 0
0.9313702730670532 0.2319846962398796 0
0.9323480412746795 0.2220317814101404 0
0.938520854111126 0.247762240886235 0
0.7551186161754866 0.2549202247931059 0
0.8479713895907572 0.126135929663966 0
0.8388234886244844 0.1301709932196983 0
0.9040549289160826 0.2443791788375217 0
0.6205447829747452 0.2969661693925117 0
0.9131616841427996 0.2402456438467838 0
0.5052336077970407 0.3207584665119233 0
0.1700202431743942 0.3023815054342654 0
0.6075377357482138 0.3408700173632782 0
1.208138767214568 0.2490588643652445 0
1.216269969029367 0.2548793258695164 0
1.215294588735602 0.2648322092260399 0
1.223425653654798 0.2706530831443208 0
0.009869335021689853 0.3341472241650881 0
0.5795649969964615 0.1120756533469005 0
0.570425289014427 0.1161081382494672 0
0.5425773333539943 0.2943400104924037 0
0.5623627241858575 0.1102087203466867 0
0.5952003439584912 0.2894632638016373 0
0.596174409470444 0.279523362382255 0
0.5919653349239256 0.233917254667979 0
0.6640960363963625 0.2962156536370011 0
0.655970445047961 0.2903991572240131 0
0.6095898879151704 0.1660978553209587 0
0.611823175796064 0.1356772435858345 0
0.6128989762954322 0.1257428151896284 0
0.5532246359822101 0.1142411401389971 0
0.6879669409803396 0.1585607583913993 0
0.4426148859935839 0.3396216834581943 0
0.59193151555885 0.07824030618672349 0
0.4045248352624072 0.1232228985391031 0
0.5487445927093155 0.3200254370902947 0
0.6309322922537495 0.3682777674655895 0
0.7043999427931523 0.239909069750621 0
1.280014832519221 0.2259595218874515 0
1.289121759381461 0.221826595174337 0
0.2575966580659348 0.1223051869609654 0
0.6231163952417297 0.111774227225126 0
0.6139744697085755 0.1158078928603375 0
0.6709718755994245 0.2265496613251665 0
0.6891548882830738 0.218287426495394 0
1.31254012095526 0.2492415162404647 0
0.428070552888517 0.06559037507638155 0
0.4189512658728559 0.06963391801134697 0
0.3160150982427765 0.05863660778048977 0
0.549001825584171 0.1530755322283088 0
0.4624430025635161 0.06929488577730539 0
0.4704997946099232 0.0751862516177763 0
0.9759252317519886 0.2212835603558967 0
0.5883602628167388 0.3590628704111505 0
0.708090490013417 0.1310538575501348 0
0.6355481117127419 0.2331010958769698 0
0.6274279362891227 0.2272800804211741 0
0.7076538361871526 0.2954644305207527 0
0.7167562631913594 0.2913352754721027 0
0.7086287525755247 0.285517707464339 0
0.7177288828080104 0.2813899841873399 0
0.7248839399821287 0.2971535930823607 0
0.6995265659453724 0.2896467229148916 0
0.7005007425277567 0.2797008198977484 0
0.4406512715062059 0.3594854977577085 0
0.7221316010290814 0.162675332762913 0
0.7128000148162937 0.1779051642067624 0
0.7231573614839061 0.1527897630098518 0
0.7118769145809264 0.3410773052687797 0
0.09789705703506084 0.3351798012222038 0
0.804868665120661 0.2798812543548791 0
0.609492954107032 0.3209793224747006 0
0.6660519969193706 0.2763267805948011 0
0.6468670799909535 0.294529696800699 0
1.105688141860585 0.2289719479525368 0
0.6345438919977456 0.2430881815516473 0
0.7102468967065734 0.111177632327344 0
0.7684517928106742 0.2964012972995129 0
0.7603230998510986 0.2905826019511116 0
0.9020979254576649 0.2642932903488476 0
0.9011238438287663 0.2742430026101934 0
1.013159465733044 0.1289915466473747 0
0.8120219196725394 0.2956503896081919 0
1.012675058705799 0.2901934044321207 0
1.004544172613071 0.2843729787810188 0
1.356122621417683 0.2484875013607828 0
1.364253956042977 0.2543080997623532 0
1.363278721594681 0.2642606203781213 0
1.371410007291542 0.2700813669132755 0
1.061133325363437 0.2396771749039457 0
1.052026596706972 0.2438095929807247 0
0.4131460706586567 0.2866717011318871 0
1.087476477102598 0.2372347085784267 0
1.078369709686569 0.2413674832252856 0
0.6926936707110751 0.3592824536197435 0
0.9030742639347227 0.2543392579027994 0
0.5827910699703599 0.08227655444672619 0
0.5747267880225621 0.07638166189982697 0
0.7170666410439694 0.3767261340849055 0
0.6497438358725165 0.1792748957280403 0
0.7844015462341264 0.2225949542541778 0
0.7752988293645388 0.2267224262465888 0
0.3258242124964381 0.2124654111924265 0
0.316826981003867 0.2165249732496905 0
1.0861715333778 0.1617503532291171 0
0.532260565571219 0.06676228679564357 0
0.7755801167296953 0.1489036321338539 0
0.8523423962132732 0.2393227036298577 0
1.427997118484321 0.2253836032450911 0
1.437104232291114 0.2212526100033618 0
1.145368263546481 0.2680291415228288 0
0.956087309726705 0.3348855250490851 0
0.9479567053081366 0.3290646719743311 0
0.9782632269815702 0.04977894658797435 0
0.7973993933874464 0.1105845406606087 0
0.788251886025479 0.1146198295226133 0
0.8370787542610856 0.2177057038124308 0
0.7704048509320967 0.2765037783240574 0
0.7512179848992591 0.2947138061576037 0
0.7824492702536355 0.2424972081948756 0
1.123901576942141 0.2207102484593188 0
0.7138294923850196 0.3211790728103683 0
1.460525006381587 0.2486695958351518 0
0.9570628519773263 0.324933608997017 0
1.152524426934604 0.2838016874867605 0
0.85559715084111 0.294895992414742 0
0.8647023631949341 0.2907651448914638 0
0.8565721655502304 0.2849455442586772 0
0.8656766137378753 0.2808151383566365 0
0.8926775722488985 0.182986885359866 0
0.8728325220606582 0.2965850484476661 0
0.7947871085923387 0.2939609691373519 0
0.8785620240074206 0.1603181607693503 0
0.05864204521024699 0.3923523765799727 0
0.04829855256984446 0.3948246307498662 0
0.8824011423517142 0.1298728428954538 0
0.8409803114244293 0.1102889377124093 0
0.8399014327062997 0.120229666596742 0
0.8318319513009388 0.1143238904026808 0
0.8474671848421282 0.2890762355133301 0
0.8484419641692817 0.2791260980418387 0
1.143924760580913 0.1281018052636381 0
1.134807009781856 0.132094410316089 0
0.9164101191175082 0.2958319319134297 0
0.9082796236163552 0.2900118975486093 0
0.884562286442339 0.1099936047156512 0
0.8754148721152579 0.1140291634023479 0
0.008557606726550572 0.3550233026615943 0
0.01734008491134319 0.3510475734838095 0
0.008509429091130494 0.3650037369838525 0
0.01670000945999484 0.3708599325786358 0
0.9690948204591783 0.2909473503378652 0
0.9609640616220659 0.2851271022308848 0
1.270908404218833 0.2300908750400031 0
1.262777311507595 0.2242698975938996 0
1.261802282663095 0.2342215577323357 0
1.253671017229511 0.2284009206554163 0
1.252695699613527 0.238353355284396 0
1.244564399842555 0.232532732658212 0
1.24553977015825 0.2225801558398849 0
0.971044805088767 0.2710444974742172 0
1.187334966276352 0.3726300740144066 0
0.799015921173271 0.3395804819440622 0
0.08170258442192838 0.3235021504371668 0
0.9535917355890375 0.183925608130386 0
0.956733466150253 0.2395006439190928 0
0.9749453344694046 0.2312383422868126 0
0.9850322146618068 0.2171540946693847 0
0.8341353608620825 0.2475835249747857 0
0.9232429241425298 0.2261626959820323 0
1.532401198684245 0.2255712030684709 0
1.541508452942055 0.2214378724166628 0
0.6770900633134094 0.2523166933198426 0
1.022308645856986 0.1249562316571107 0
0.9414546076874003 0.2179008169398878 0
1.23545783643034 0.2366642638006353 0
1.01657540817004 0.2503867119929624 0
1.017550890471911 0.2404347793329536 0
1.026657866681287 0.236301740584001 0
0.7086485416287551 0.04564244943934743 0
1.564927742454537 0.2488514651049685 0
0.9599888547145992 0.2950786278390928 0
0.8009674178110299 0.3196792892586326 0
0.951858221914855 0.2892581794271233 0
0.9528331673345125 0.2793069858655911 0
0.9453927182859685 0.1115674854196967 0
0.9642183060081907 0.340706086299924 0
0.5045206621818475 0.401251299459669 0
0.649134401311023 0.3600261342766882 0
0.6410087971237947 0.3542052820650379 0
1.030887213968803 0.2819306853833881 0
0.5016466990764522 0.1086577983749584 0
0.5005760713266396 0.1185862150147001 0
0.9183613030519223 0.2759297457010346 0
1.043895582971361 0.2379892869878419 0
0.6930342287066484 0.1093095260306516 0
0.9582366570020782 0.1531385940537061 0
0.9996681596204452 0.3341322622923665 0
0.6059094337837962 0.1099071414653191 0
0.7814700347084416 0.2524551558883326 0
1.084549040551125 0.267094215267884 0
1.085524383111891 0.2571420571241744 0
0.8991735623253483 0.2941433821472352 0
1.288146158870868 0.2317796818579303 0
1.297252720812003 0.2276478623123003 0
1.20580689551176 0.1197431692329529 0
0.9986929432747957 0.3440842921639879 0
1.05788759101752 0.1841171105194519 0
1.321646840967247 0.24510954429431 0
0.9889514779527655 0.1112743206034635 0
0.9798022431920317 0.1153095825154418 0
0.9053537720786285 0.3198656448613175 0
0.7801832737086936 0.1087150034742357 0
0.7791027842538675 0.1186556785459874 0
0.5258557541365392 0.4014534872489897 0
1.330753396124004 0.24097784278371 0
1.169778601490123 0.05044813668679497 0
1.038042892786603 0.2977033565718772 0
1.029911959946257 0.2918827554731411 0
1.034788725765487 0.242122127486056 0
0.8445413288841916 0.3189280744828112 0
0.8526711598815129 0.3247482872903451 0
0.843565950477363 0.3288786619392495 0
0.9577538939248187 0.07771056124186289 0
1.072336333712042 0.1302445430255273 0
0.7957967263909838 0.04505108386783005 0
1.00356888933087 0.2943248789796696 0
0.9964128019513958 0.2785533514911228 0
0.9973877570496233 0.2686017948114091 0
1.035968213476158 0.1567499606997524 0
1.04356185171841 0.1626728647624012 0
0.9892566043395892 0.2627818145580043 0
0.9450308063188642 0.3589200954059049 0
1.03253772380961 0.1109797266903633 0
0.5666295525345728 0.2264223791225588 0
1.636805536668847 0.2257519181560313 0
1.645911698960525 0.221619044858808 0
1.095276663454743 0.1576211680910174 0
1.081623842814482 0.296949931397384 0
1.073492631433395 0.2911294636758338 0
0.8673460141775879 0.1081240148018274 0
0.8662662798977634 0.1180648204664213 0
0.653042594983787 0.3202351509481398 0
1.318271035332538 0.1269313074343452 0
1.309121256572312 0.1309669370792368 0
1.004010127766114 0.1330263357343395 0
0.9948607955421439 0.1370614351456484 0
0.993708583805377 0.1470308654591026 0
0.9842894152530568 0.1512535507369277 0
1.418891643581508 0.2295167395260724 0
1.410760520795255 0.2236962223351674 0
1.409786614156314 0.2336499421284133 0
1.401655041265533 0.22782904132153 0
1.400680026227579 0.2377816336628473 0
1.392548653856718 0.2319609574636855 0
1.393523847486724 0.2220085697596602 0
1.122925071466813 0.2306632399199052 0
1.133006883538409 0.2165799320352913 0
1.125205195344857 0.2961964544458136 0
1.117073986934625 0.2903759116060834 0
1.21227406009842 0.1354211313347909 0
1.669330524216099 0.2490331217963229 0
0.9661689868026746 0.3208024048983035 0
0.5451345179531282 0.4013065969708688 0
0.6220397958571519 0.1217087850391522 0
1.040322154285952 0.3632364069026696 0
1.041297440293362 0.3532841960695347 0
1.383442095774251 0.2360926340344015 0
0.8829712973860389 0.04444366013960948 0
1.149383805709502 0.1537282420731192 0
1.118049083984777 0.2804238593887709 0
1.127155469993029 0.2762922894033095 0
0.9694256442909384 0.3764148949837268 0
0.6365654337979659 0.06799519308722034 0
1.111548618328113 0.1692704690288279 0
1.005518977721749 0.2744216671691103 0
1.104711836638067 0.2389246745801207 0
0.7573967493197451 0.3204295051740551 0
1.020805753418252 0.2960142520087856 0
1.178868523323963 0.2813590378861443 0
1.192851439164428 0.2274656025587814 0
1.214958727901496 0.1157045922787682 0
1.222450395716764 0.2806056304938221 0
1.164556201524266 0.2498137174650128 0
1.26928791445699 0.3354339454496072 0
1.261156595321038 0.3296132459045766 0
1.136589115551431 0.3575932051614834 0
0.0443678422891797 0.009964833453241881 0
1.319696298548943 0.2650145770304654 0
1.318721154757547 0.2749668067474038 0
1.413515904642422 0.1322494585721217 0
1.436130162689639 0.2312066293783651 0
1.445237128632787 0.2270755018601164 0
1.168786877167925 0.295442905821722 0
1.177893315521456 0.2913113100802898 0
1.186024576332422 0.2971319424559888 0
1.160655653445176 0.2896222783938891 0
1.270263112748095 0.3254816496670982 0
1.178358783114689 0.1318473316216155 0
1.153499664680631 0.2738494562731652 0
1.469631618619065 0.2445378369179129 0
1.136930482355905 0.1122613855487822 0
1.127781020662354 0.1162969461537334 0
1.135857447719709 0.1221934350774401 0
1.126338560784683 0.1261166276590542 0
1.118366369298979 0.1202403375828889 0
1.124887096535231 0.1358969610207501 0
1.119711409332317 0.1103912375087384 0
1.47873819833982 0.2404062134679849 0
1.487844828167757 0.2362746732640716 0
1.495976132733938 0.2420954199559746 0
1.496951479350786 0.2321431762019716 0
1.488820140717187 0.2263223563005742 0
1.497926766192414 0.2221908019802115 0
1.506058082847033 0.2280117311027611 0
1.507026590894107 0.2180682236744553 0
1.489795230525642 0.2163698947166901 0
1.523294992805234 0.2297020865451884 0
1.128130657561325 0.2663401944248231 0
1.499885188117964 0.1411214541444929 0
0.007840247787701178 0.3849805854778161 0
1.146343434898399 0.2580770384895031 0
1.320671495763809 0.2550621497037917 0
1.404367196435105 0.1362836923614327 0
1.403315993233478 0.1461858779887853 0
1.394383064599534 0.1498421626298762 0
1.051050051201044 0.253763870618847 0
1.584898191955429 0.1605275275079759 0
0.02541866165504137 0.401991145538864 0
1.180517979824996 0.1119671384939199 0
1.171368503252685 0.1160025677291385 0
1.229606497120476 0.2963784772879741 0
0.9294150628914954 0.2518949192797887 0
1.71388825505982 0.2383272324348238 0
1.705756861250815 0.2325065465963394 0
1.706732022999873 0.2225542103709687 0
1.107967628295853 0.2945074578195092 0
1.068616693396564 0.340889694674364 0
0.9772256063276255 0.2967676837564249 0
1.251774591610726 0.174719026497888 0
1.149319799869946 0.07840187028277032 0
1.279149303915034 0.1625177228095129 0
0.7237061431288648 0.06738709065760251 0
1.253687171861271 0.1544993712294493 0
1.243065756980859 0.1676241318983865 0
0.9486048429242089 0.08174574252095462 0
0.9405355202666307 0.07584055943293538 0
1.269933013126268 0.2400429567874868 0
0.564799211773379 0.4016865339050936 0
1.510922655863814 0.117682339994331 0
1.501773170203109 0.1217176075532814 0
1.748364143141037 0.2417052863391323 0
1.52007126015678 0.1136482434137188 0
1.528140687316338 0.1195545252758529 0
1.646947430134688 0.1521513536619794 0
1.254643285597479 0.2184527518505901 0
1.182769250688371 0.2415503248020542 0
1.191875870105546 0.2374183603342977 0
1.174638295944727 0.2357293198048935 0
1.27318863557631 0.2956248440762382 0
1.282295132400476 0.2914932256310651 0
1.274163789601185 0.2856725920892837 0
1.283270251737969 0.2815409936120153 0
1.173017373603484 0.34107238793266 0
1.164886111936889 0.3352516643132854 0
1.165861322160791 0.3252994609538492 0
1.763651784083523 0.263299012346805 0
1.762676622914551 0.2732513489950983 0
1.310292018604861 0.1837704021852695 0
1.540533381186425 0.2313899295552302 0
1.54963994567027 0.2272582179581019 0
1.114148468134335 0.3202322109595657 0
1.290426473166452 0.2973138730689781 0
1.370434813670958 0.2800337758766784 0
0.898030208406924 0.06619515457272085 0
1.467681224867462 0.2644426301485052 0
1.466706069638323 0.2743949331692659 0
0.8108637205686616 0.06678873316931037 0
1.574034243825079 0.2447199380585343 0
1.438295038162519 0.06452962277254319 0
1.267693237131872 0.1113785899611158 0
1.258543700169842 0.1154140215794185 0
1.257466005597248 0.1253465646929614 0
1.248401895773715 0.1291970565911692 0
1.174967775717896 0.3211679171624984 0
1.58314087179283 0.2405881600133359 0
1.59224751510694 0.2364564479390736 0
1.600378875170976 0.2422771478815058 0
1.601354114992126 0.2323248495322531 0
1.593222573657219 0.2265044956633124 0
1.602329372199947 0.2223725401918912 0
1.610460694786579 0.2281932839477213 0
1.61144052553826 0.2182585766091324 0
1.594188661727238 0.2165647922535036 0
1.334008721276583 0.2965602950910175 0
1.325877364771832 0.2907396415532686 0
1.212368682729388 0.2946894268748558 0
1.074534379398131 0.04513138518164964 0
1.265057303544854 0.2898042036936286 0
1.266032447027646 0.2798519654851161 0
1.277419272370804 0.3412546172534486 0
1.377591004994531 0.2958067388612334 0
1.58575276491119 0.1508940296627771 0
1.576355100976954 0.1655373238735228 0
1.586795197291347 0.1410038622293005 0
1.58786893521996 0.131070917261476 0
1.468656397574547 0.254490261968876 0
1.707322017060093 0.1541084542888806 0
1.163298997905593 0.1100966206435194 0
1.162218930598354 0.1200379986736262 0
1.251720240122745 0.2483060854117011 0
1.352708875335819 0.1306730593624168 0
1.311281009633017 0.111084341305432 0
1.310201131723062 0.1210256620013683 0
1.30213146346944 0.115119743147877 0
1.324336701660707 0.1523360902735154 0
1.627699044133279 0.2298838936546206 0
1.258231092662436 0.3594700726532395 0
1.69820287388916 0.1581023019532571 0
1.349941671612004 0.2227621450039727 0
1.340835169636535 0.2268937568554633 0
1.214965842080844 0.1793934277361309 0
1.417917601217471 0.2394705604222979 0
1.35847611178507 0.1561697807835562 0
1.357389857333954 0.1650437570441409 0
1.367777486258255 0.1518458009580024 0
1.199031757748584 0.253191458499364 0
1.354868847093276 0.1107901036929379 0
1.345719280785517 0.1148255445904992 0
1.780889742363755 0.2649880362855476 0
1.709482027945606 0.1342254588612948 0
1.40262510112847 0.2178837656558806 0
1.60917720116484 0.1779195399057229 0
1.400034821059758 0.3331733296585156 0
1.335959083329761 0.2766557285195966 0
1.399059658614385 0.3431256511004028 0
1.347991256083266 0.2426668696075878 0
1.216966907390665 0.1595617211237873 0
1.209275435643375 0.1542331522558474 0
1.572084008143869 0.2646244131316905 0
1.571108849831703 0.2745767352074963 0
1.316770828602285 0.2948712895285499 0
1.070567165644961 0.3209854838565824 0
1.421173367313267 0.2950531277050376 0
1.430279905283014 0.2909214853363962 0
1.422148527254314 0.2851008173355134 0
1.43125505354461 0.2809691821420378 0
1.43841128417198 0.2967421571968805 0
1.770291749593766 0.1357984032860205 0
1.649754852136398 0.1227075401567015 0
1.658904448489389 0.1186720956285145 0
1.398456727672551 0.110495874848948 0
1.389307145315764 0.1145313105104458 0
1.360353096250342 0.294117703891879 0
1.140170303776852 0.08243730484905128 0
1.132100803567599 0.07653140750354386 0
1.418260214259168 0.1677814752188437 0
1.710562031380197 0.1242839529679739 0
1.7197116288001 0.1202485102322973 0
1.702492434237688 0.1183778895688301 0
1.322951868179695 0.320596504103962 0
1.413041990604832 0.2892324590801494 0
1.41401714674803 0.2792801529002008 0
1.436488031015231 0.1594911529949539 0
1.844635651622451 0.2360664527452168 0
1.442044640872061 0.1102016525520009 0
1.432895057631331 0.1142370938732019 0
1.43181506448405 0.124178587276839 0
1.422665485257639 0.1282140240284444 0
1.64493653628535 0.2315714391077039 0
1.654043035583385 0.2274395780194014 0
1.573059148452387 0.2546721160857448 0
1.504441373630109 0.177333089490679 0
1.481993682526386 0.2959885663979889 0
1.473862298402793 0.2901678925383642 0
1.455143913786419 0.1513657738452911 0
1.364583820283468 0.3397475830139687 0
1.110247936235869 0.3600406404853526 0
1.266096399986227 0.04583351755778239 0
1.440686168032226 0.3622646790882798 0
1.441665925997124 0.3523224293702683 0
1.626078271856324 0.3352261514935465 0
1.617946878858905 0.3294054672095947 0
1.399704761776978 0.2477341540275054 0
2.047542663567667 0.1458003415854553 0
1.522650608619311 0.3250919598010572 0
1.513544058221298 0.3292236061495589 0
1.627053434764205 0.3252738155628959 0
1.218549719928352 0.3204144778243485 0
1.850816726028113 0.2617918122107655 0
1.842685328659187 0.2559711287838607 0
1.6784368845173 0.2449012914614049 0
1.505981718655609 0.1571886449458278 0
1.676486858923219 0.2648062206084737 0
1.67551169915599 0.274758552002568 0
0.9717329866112231 0.1094038817717751 0
1.52557609694283 0.2952349735150431 0
1.534682646276954 0.2911033240965563 0
1.526551257406957 0.2852826476855804 0
1.535657801007208 0.2811510018531421 0
1.550618379691122 0.1568886495530691 0
1.771783182365377 0.2691196929683415 0
1.542814035527426 0.2969240023880513 0
1.610011553129112 0.1684772999234711 0
1.600459800691914 0.1821983311463988 0
1.366534160369966 0.3198429580068545 0
1.431305417089977 0.04868205412534864 0
1.43022543995801 0.05862357064993112 0
1.522320388106507 0.2396530192854405 0
1.764626945872136 0.2533466759250442 0
1.765602109814575 0.243394336726762 0
2.081311896436965 0.1595309334173326 0
2.089383245541267 0.1654373576283837 0
2.088303534684169 0.1753789259513125 0
2.097453630435777 0.1713435836676383 0
2.096373758877152 0.1812851190113577 0
2.105523463490698 0.177249696217571 0
2.106603483735915 0.1673081909405994 0
2.104443513056413 0.1871912153274155 0
2.095293908487565 0.1912266586379578 0
2.103363542928455 0.1971327304752444 0
1.687543759369327 0.2407698551377954 0
1.771370236411525 0.1258589676247418 0
1.517444708710056 0.2894142967988476 0
1.518419867341004 0.2794619730331145 0
1.867079520186591 0.2734331796017068 0
1.875210917441973 0.2792538632274802 0
1.531890131846946 0.1652267730875494 0
1.594347689824669 0.07142361065898563 0
1.483944017481124 0.2760839269912225 0
1.640605253591814 0.1267429824010447 0
1.381237565573814 0.1086252652445235 0
1.46475574689975 0.2942995452352626 0
1.546439716966933 0.1114838359732396 0
1.42735442085862 0.3207784282909985 0
1.586396474960314 0.2961704073415224 0
1.578265083176069 0.2903497280616377 0
2.055805602841792 0.1517180275109354 0
2.06513260364907 0.1477119806101283 0
1.677461953591733 0.2548538249088276 0
1.708402024299693 0.1441669612094797 0
1.353278596515248 0.04524529753236978 0
1.555176158513861 0.3483746944743377 0
1.424825469703406 0.108331040647456 0
1.68902283083808 0.1621793620318328 0
1.883833989837672 0.1330486380083453 0
1.337649708558667 0.108919513324623 0
1.336569882217482 0.1188607880170117 0
1.468986480118181 0.3399295134539221 0
1.93180058647588 0.2345592617670882 0
1.279369629208281 0.3213500393416214 0
1.607246874774752 0.1130602421854462 0
1.598097280308321 0.1170956854268398 0
1.590027684156486 0.1111896243510321 0
1.580878088185059 0.1152250664974375 0
1.941882305553532 0.2204752694258056 0
1.629978922068364 0.2954168115424573 0
1.639085476882929 0.2912851588563522 0
1.630954082890253 0.2854644783030835 0
1.640060635025577 0.2813328272886741 0
1.647216871047937 0.2971058402871833 0
1.634209667294873 0.341046834640293 0
1.347016009955687 0.2526193152110978 0
1.626723420475949 0.2398347855645284 0
1.874677505823661 0.1370886417671953 0
1.595427691628384 0.06148210537362211 0
2.011928388133273 0.07655241845813107 0
1.621847528369691 0.2895961308432449 0
1.62282268833769 0.2796437985673991 0
1.588346803452083 0.2762657466644272 0
1.468413396656006 0.1080368198689719 0
1.690799329900064 0.2963522434301861 0
1.682667934536948 0.2905315615580461 0
1.531757160660616 0.3209603105458482 0
2.090463695294172 0.1554959406072643 0
1.655764784365929 0.1483945708603706 0
1.569158527236539 0.2944813824396225 0
1.900580270564249 0.2867635762477883 0
1.909686829290971 0.2826319214089997 0
1.503462353858018 0.3433075771183902 0
1.776013937996742 0.3147497232489812 0
1.785120496244745 0.310618068527292 0
1.793251894787049 0.3164387512497626 0
1.058789599203372 0.1086176318803076 0
1.725111686692441 0.07054108474329575 0
1.489952575279915 0.07014144200176978 0
1.498022167952062 0.07604749959742575 0
2.014089726838344 0.2828137573571529 0
1.892981279850605 0.1290134824126761 0
2.105013970568052 0.1017530887186558 0
1.57533959749443 0.3202067224830464 0
2.061425975264817 0.1020472938654842 0
1.573389271719587 0.3401113901274082 0
2.113593126326154 0.1831557734222836 0
1.734381792391018 0.2955986465838642 0
1.726250395686537 0.2897779641215197 0
1.743488350004126 0.2914669923086424 0
1.744463510176501 0.2815146555683914 0
1.677203643131588 0.1106012083326665 0
1.668054045851931 0.1146366526898646 0
1.741817179247575 0.1577669527817298 0
1.715832659319955 0.218419259109409 0
1.722126863291951 0.1761146188751916 0
1.572808495793984 0.1093190078036393 0
1.69762547238148 0.2266858677415939 0
1.807234256121041 0.2625454105570504 0
1.281162682851807 0.06757729254922019 0
1.636159991908545 0.3211421628447515 0
1.015319083273442 0.1091092807646369 0
1.692749655264811 0.276447572334468 0
1.920776182975189 0.03155581362601916 0
1.912326695569349 0.02608092788255104 0
1.673561376609763 0.294663216605675 0
1.738010824157018 0.1121776202398927 0
1.97157140158647 0.1226582241821932 0
1.976679444816606 0.1379187355852317 0
1.726195425073215 0.06060804780145852 0
1.757899603501403 0.1696618335463947 0
1.765969199125284 0.1755678960729224 0
1.758445882713282 0.2276213065415902 0
2.103933967917304 0.1116945972682552 0
2.094784367656397 0.1157300416316149 0
2.114163570983648 0.09771764443262326 0
1.621796481744743 0.05931727733415947 0
1.704781698998993 0.2424588956740591 0
1.544841957787035 0.04593990918943244 0
1.815035546671656 0.1829267098966133 0
1.674527807162979 0.05498882868143415 0
1.470936810065401 0.3200248589518516 0
1.802567597708614 0.1594261257454446 0
1.764957057921365 0.3387860535515604 0
1.755850499211989 0.3429177083563919 0
1.756825660669579 0.3329653700998032 0
1.757800821615906 0.3230130323713333 0
2.098024375911091 0.08590551613742776 0
1.82993659042281 0.1473795755837618 0
1.827605619673268 0.1582590439769718 0
1.820191986156525 0.1518787873750028 0
1.866104358585896 0.283385518238247 0
1.808209417843601 0.252593072476857 0
1.869359957041674 0.3389678877532143 0
1.861228559394806 0.333147203903655 0
1.862203718896711 0.3231948665820314 0
1.853097160995673 0.3273265210526259 0
1.85212200036868 0.3372788590864226 0
1.843990602793635 0.3314581752828282 0
1.844965762561678 0.3215058371486852 0
1.835859205143876 0.3256374914757216 0
1.836834365379724 0.3156851527216979 0
1.827727807768099 0.3198168075627763 0
1.828702968553816 0.3098644696457027 0
1.819596410542663 0.313996123940772 0
1.820571569812088 0.3040437872561386 0
1.811465013229382 0.3081754404538003 0
1.810489852164043 0.3181277786058564 0
1.837809524199453 0.3057328158772279 0
1.802358454084857 0.3123070959127078 0
1.801383292763202 0.322259434122138 0
1.803333614003765 0.3023547584121017 0
1.826752646489554 0.3297691463001849 0
1.721374588866811 0.3395396502656595 0
1.633615660755601 0.1108954156479976 0
1.777278806492717 0.1516494436912615 0
1.947418333841053 0.3415923566619192 0
1.956524892096228 0.3374607030508229 0
1.761710032338012 0.05439919436923189 0
1.723324912410944 0.3196349747958854 0
1.895374356266161 0.2510858774889737 0
1.896349520236172 0.2411335439732522 0
1.825186805303138 0.1115892082694048 0
1.816037205970597 0.1156246525238705 0
1.824106802980007 0.1215307159656103 0
1.80796760899939 0.1097185890539649 0
1.798818009913941 0.1137540334510082 0
1.806887606448565 0.1196600965525667 0
1.843660489694684 0.2460187910469177 0
1.789021139862643 0.2708087195834963 0
1.845610811748169 0.2261141157551666 0
1.854717369030124 0.2219824609587202 0
2.038297185322413 0.07438759282320404 0
2.037217182532436 0.08432910122924415 0
1.868774798090131 0.1112950028427056 0
1.859625198398754 0.1153304470076015 0
1.858545195608822 0.1252719545642144 0
2.044664999715816 0.3260011700848356 0
2.0456401584348 0.3160488318228584 0
1.938956827185438 0.2503322807260491 0
1.973169983282862 0.1125772122987643 0
1.810159740746563 0.2326883971599354 0
1.801053183556901 0.2368200511703719 0
1.912362791703318 0.1110007976373674 0
1.903213191928243 0.1150362419332776 0
1.929850268521879 0.2544639356183505 0
1.790748412994791 0.1078479699895183 0
1.789668788393338 0.1177889630661674 0
1.703806533859443 0.2524112413973766 0
1.987740638692229 0.1342631052511508 0
1.994828744799588 0.1400272334107158 0
1.992713844888237 0.1502028617810102 0
1.764379618065724 0.1100127949836221 0
1.7913015722671 0.3363434278459632 0
2.157181141888044 0.1828615713757308 0
2.007194016569512 0.1917453370576065 0
2.012898830177213 0.2071669266938676 0
1.79910286007199 0.2567247256773874 0
1.812287619286204 0.06995255858649983 0
1.820357216315017 0.07585862216325773 0
2.07311542734597 0.2289233028007864 0
2.072247428509967 0.2389818661137326 0
2.062489922701223 0.2425542610351128 0
2.070615774091414 0.2488470339567561 0
2.080157033168484 0.2451088253554678 0
1.002419786506652 0.06747420351795803 0
1.890583788261788 0.1488250881257488 0
1.973105315776216 0.1682671959450608 0
1.951318978266428 0.3017830023617488 0
1.93871892695794 0.108807264961954 0
2.089841423394708 0.2409425274049286 0
1.903835870082219 0.3423459457331247 0
1.849841564191754 0.2717441510362218 0
1.851555601292363 0.1094243833597615 0
1.679742450135994 0.3203885690999933 0
1.858948122941092 0.2676124960594382 0
1.908711667875704 0.2925842601837013 0
2.002057687564533 0.3168024281050215 0
1.993926289625087 0.3109817441990498 0
2.12382274911938 0.1691788240364626 0
2.115753140371277 0.1632727576995064 0
2.116833152687311 0.1533312507727129 0
2.107683540806563 0.1573666931776084 0
2.006273722781472 0.1260137438366791 0
1.62315278779774 0.3650831585797321 0
2.02405326727211 0.2035861712075134 0
2.03156020848272 0.2094762217169761 0
2.04071222493968 0.2056503357382395 0
1.605086875306236 0.1329432491931046 0
2.110700846322464 0.3626352891629724 0
2.155046534458558 0.2027377487644624 0
1.891473711727809 0.2908952311224396 0
1.984819730574158 0.3151133992102659 0
2.119502737847011 0.2089448577199574 0
2.118422734997635 0.2188863661559155 0
2.110353137540609 0.2129803021483968 0
1.895143594678483 0.1091301780889217 0
2.088247172846124 0.3252479841871929 0
1.952201199370859 0.06503449579361559 0
2.125982754573556 0.1492958067101473 0
2.014088393159394 0.05666940109944226 0
1.952294139620913 0.2918306634008501 0
1.95326930077748 0.281878324618803 0
1.716471616157809 0.1500730129885462 0
2.043689838506996 0.3359535091788646 0
1.934927737043677 0.1386906147685195 0
2.039377188077673 0.06444608436424647 0
1.690675905609966 0.06680576585112701 0
1.964996394348173 0.1067090712423361 0
2.066258925849893 0.2131076242792879 0
2.039459084050358 0.2903234691741549 0
2.032790575461809 0.1241715075908849 0
2.031682393006136 0.369944336383984 0
2.12433232673629 0.2446754471678173 0
1.978569437145724 0.0628704360272615 0
2.006288440429923 0.3624324687889559 0
2.007263601694576 0.3524801295335938 0
2.056992337001162 0.1417989670173196 0
2.117913157067655 0.1433897425311599 0
2.042361878053113 0.1955907392981601 0
2.149672218891288 0.09151631637391006 0
1.867177180457878 0.04575087031148012 0
2.058166238182319 0.1318705068398489 0
2.07100951637029 0.3235585436561266 0
2.071984673646904 0.3136062058431027 0
1.803138019624149 0.07398800297165971 0
2.105484522130966 0.3269378658065842 0
1.959120265080701 0.2221642943270859 0
2.069059191322486 0.3434632220924263 0
1.818621249264119 0.3239484624064966 0
1.825777485044012 0.339721485117256 0
1.834884043983898 0.3355898301626721 0
1.976688332744891 0.3092927152592011 0
2.139961319091864 0.3303146915343239 0
1.559909307203976 0.0676823791900476 0
2.152861130542633 0.2226276056852592 0
1.985794891625102 0.3051610602948052 0
2.06466598332052 0.07222276818207592 0
1.69488133009389 0.4018100876827863 0
1.690359351544735 0.3925386247008301 0
2.084991191947247 0.008296630395721651 0
2.079292292734922 0.01755685003408337 0
1.615280931225236 0.4014763446124437 0
1.609827323232193 0.3932949178361593 0
1.59992084645959 0.3930736650382564 0
1.594986807781887 0.4014054414580783 0
1.590000000001347 0.3926794918411049 0
1.580368977915845 0.3918918107408136 0
1.576782743144876 0.3839197253839217 0
1.569340319733837 0.3908169068894289 0
1.574951549632328 0.4008980349175031 0
2.19001271311139 0.2168844292141328 0
2.181848443223404 0.2101086750354874 0
2.155211242721997 0.008740096008966103 0
2.159912868547485 0.01776353134560726 0
2.150250948437745 0.0172747097456305 0
2.154107299071025 0.02627420206497458 0
2.144418274596658 0.02517360024553325 0
2.13751796849061 0.03182532272252376 0
2.135125133737011 0.02303510553738665 0
2.128236237817401 0.0291144772001487 0
2.125994222541322 0.01972664624722563 0
2.11957141129956 0.02660299625741625 0
2.145416202666743 0.008470125510507494 0
1.515000000004947 0.4013397459590098 0
1.510000000105897 0.3927182538648762 0
1.498938672634374 0.3921023739777328 0
1.505165239383206 0.3839810279243382 0
1.495000000607176 0.4013397456125918 0
1.519999999919161 0.3927247141672414 0
1.529977042568831 0.3929076417813259 0
1.525613622393885 0.3824968187713059 0
1.534996173540042 0.4014602910655131 0
1.541267765070058 0.3924644850159696 0
1.42500000000196 0.4013397459621698 0
1.444925789014683 0.4014374348918877 0
1.450000000001923 0.3926794919243902 0
1.439466950545862 0.3922520310845893 0
1.355035645429844 0.4011724406639829 0
1.335214196225203 0.4014672338920032 0
1.326139882208504 0.4012096571271787 0
1.964999999997473 0.008536178590482474 0
1.969922798312231 0.0167073660259405 0
1.979987133016765 0.0172183177243471 0
1.973968899535263 0.02648122985375342 0
1.984999999935004 0.02598076206304041 0
1.989997855424112 0.01730347635469264 0
1.994999999874054 0.02598076208045205 0
2.001062706772921 0.01711100641133296 0
1.95499591243426 0.008448742993601857 0
1.949112714523146 0.01802699647241199 0
1.995185714910463 0.00850489945867007 0
0.6149194052529461 0.401454258385756 0
0.6249778373806532 0.4019611253412463 0
0.8653483568029255 0.4015408768114666 0
0.870028625063733 0.3929352353720206 0
0.8794567144768322 0.3929246801937387 0
0.8851115683718027 0.4013143391535919 0
0.8549905226780938 0.4001562508800734 0
1.154925578703495 0.008617284637609099 0
1.159256881755311 0.01714500487517791 0
1.150000008528663 0.01732050315009485 0
1.144969992034435 0.008507973480164431 0
1.495000000047979 0.00855232721366905 0
1.490018483468409 0.01675209892506767 0
1.480003081483057 0.01722577303339578 0
1.486028085731603 0.02607861460841676 0
1.475000001532739 0.02598076079181632 0
1.470000515802445 0.01730471905156645 0
1.479777674472547 0.03442622986954246 0
1.465083203398586 0.02598911737285909 0
1.460304704874479 0.01715140574710084 0
1.465050870665696 0.008629439227561734 0
1.450164978417716 0.01822987999896888 0
1.445130220637493 0.008706734747110421 0
2.125318724588577 0.009816655800978923 0
1.145000000002752 0.4013397459621736 0
0.7849041701269263 0.401199145073366 0
0.7954214444227058 0.4019759158562932 0
2.191381153923743 0.1851499250541122 0
1.775937489665515 0.4000222307435672 0
1.174710894867831 0.009911007526684664 0
1.424390809907483 0.008447091655730049 0
1.325000000011588 0.008660254048278667 0
1.329765613500128 0.01843245596032604 0
1.340270854645255 0.01674837896474663 0
1.319297499878349 0.01713190136952573 0
1.309835389365462 0.01724391910387729 0
1.304972565897853 0.008647489362152601 0
1.299967995034401 0.01711224284044941 0
1.305033895961505 0.02537150526594043 0
1.289992469245424 0.01721787145643514 0
1.284998746696226 0.008624924223317371 0
1.280142328812568 0.0169661615420669 0
1.345016461202879 0.008536237427655914 0
1.064999999997146 0.008660254037831458 0
1.074747367447004 0.00887688112535054 0
0.6949813267005109 0.4015907910813953 0
0.6851052898111181 0.4020758416768895 0
1.795000000004735 0.00866025403546797 0
1.800000000023255 0.01732050803194661 0
1.809999999944903 0.01732050801873223 0
1.804824655458091 0.02587952674952143 0
1.794970775966111 0.02575575294973611 0
1.81443381323806 0.02558226500448102 0
1.800242701950622 0.03402976091854898 0
1.789995129366682 0.01728300652206092 0
1.779999188309166 0.01683409621169619 0
1.783529361593975 0.02624412239173289 0
1.819905635475145 0.01725409185420265 0
1.825080445288983 0.02648849557714424 0
1.774999864760529 0.008579185418610634 0
1.769999842273555 0.01662039636567259 0
1.76000000016902 0.01732050815498992 0
1.755000000086296 0.008653132875284039 0
1.750267856571922 0.01723217398419962 0
1.894999999987664 0.008660254036834944 0
1.889999999999127 0.01732050806718037 0
1.900062608010271 0.01639466969370758 0
1.880388495505151 0.01701563303344425 0
1.905005323787 0.008469732153019553 0
1.875064749253078 0.008458481555184069 0
1.404970276704308 0.008643094036193245 0
1.399995045317386 0.01731764767375238 0
1.389999175740896 0.01732003081994994 0
1.394999999997816 0.02598075997804897 0
1.384843487329505 0.02574542440212121 0
1.404417772953195 0.02595792344812373 0
1.409746019015841 0.01729833290551924 0
1.379596706478022 0.01747844820916529 0
1.369803942657954 0.01743370678521697 0
1.364999999997747 0.008663179806859786 0
1.384927201220524 0.008689723586131494 0
0.9452282817197077 0.4018053798391967 0
1.405253877444002 0.4019010519939781 0
1.395488539060014 0.4015971208048884 0
1.515147280480144 0.008146326623022185 0
2.191896675055018 0.1652710612217393 0
2.104953435963222 0.008595647933735698 0
2.108975458028607 0.01689505255808983 0
2.099656535761513 0.01646735304951706 0
1.585001515312198 0.008571238500809217 0
1.580000252328638 0.01730567203797712 0
1.570000000204138 0.01732050795686264 0
1.575137809631313 0.02573720922236958 0
1.584999999232285 0.02598076167131781 0
1.559570172175326 0.01712811639832042 0
1.591115693658494 0.01749053808455454 0
1.564928362067805 0.008628188735183206 0
1.095000000002875 0.401339745962185 0
1.085000005374237 0.401339749063292 0
1.090971118259254 0.3931510218556729 0
1.37576622609708 0.4001082148153685 0
1.064300390660393 0.4006786881965576 0
1.724999999993676 0.007815034567087573 0
1.734999999999841 0.007871242392260216 0
2.191727675749795 0.3150414317997261 0
2.184708052319273 0.3097015437862387 0
0.8049999940251913 0.008457186342668859 0
0.8100158912578962 0.01680992180356548 0
0.8200073339727232 0.01735114257971049 0
0.8253878259719516 0.02557926977150829 0
0.8250012210929474 0.008650864694090895 0
1.265024680634556 0.008486670253705791 0
1.259926161726784 0.01847718361594809 0
2.19137696112777 0.3849355414422262 0
2.183216753588954 0.3899247983490317 0
2.183782645765513 0.4007884013023443 0
2.174026278726323 0.3946856552323606 0
2.182290863347939 0.379629674649961 0
2.189970935446479 0.3649195996843451 0
2.024676490440355 0.008339400202500052 0
0.7849999897310929 0.008631236028521236 0
0.7788735565488782 0.0174288437507303 0
0.769409648765593 0.01722916222847902 0
0.764901665187276 0.008645038033625299 0
0.7597374457968569 0.01690737829939959 0
0.7497836127982873 0.0162949691700451 0
0.7449906970331494 0.008539442350452972 0
0.7895962043621245 0.01867359065916462 0
0.5650002457276732 0.008660242322887429 0
0.569486014499042 0.01688617584612237 0
0.560000647940848 0.01732013398024351 0
0.5552349859405113 0.008524722748496548 0
1.885000000000459 0.4013397459621813 0
1.705082505201721 0.008577344436888373 0
1.711410141438109 0.01861184372363944 0
1.700678225233432 0.01725226782954585 0
1.704202034030389 0.02522121927222042 0
1.701454530654222 0.03467993566685572 0
1.945170604777775 0.4014421681955715 0
2.08499819003608 0.4014100903829478 0
2.090587072941845 0.3917707545466983 0
2.079766666727588 0.3930185972040163 0
2.074960809461411 0.4014079875786 0
2.069954579368697 0.3932131019082983 0
2.060009030741394 0.3930804258947807 0
2.065431018879735 0.384116667674818 0
2.055001505124455 0.4014510959969054 0
2.048991098885648 0.3919762492274536 0
1.224671290390695 0.008474780159709287 0
1.219611503090302 0.0171571440965358 0
1.209935256303316 0.01729327878581789 0
1.214411560457435 0.02571308335616502 0
1.205610127099667 0.0260516387421585 0
1.210000004094748 0.03464099187060863 0
1.198891462898497 0.01791363085593307 0
1.204799211973803 0.008654908028867321 0
2.14500000000004 0.4013397459621595 0
2.154998379743902 0.401613605038155 0
1.045324470220018 0.008132706984902942 0
1.215145156317323 0.4026073410409635 0
2.191496998624268 0.1149749584192313 0
2.182346928115368 0.1193803192097887 0
2.191562895749164 0.09487996725521636 0
2.183004842175405 0.09086536872512946 0
1.554999999961822 0.4020399573708593 0
2.191414423628699 0.2649140167469474 0
2.18317132436656 0.2680460075343521 0
1.834999999992589 0.008660254036231748 0
1.839999999998998 0.01732050807573672 0
1.849293664390073 0.0175774753393918 0
1.82999768012015 0.01704515030585315 0
1.854882277397584 0.008681516200959881 0
1.860191229721561 0.01894298181484 0
1.745165589724026 0.4016004493659137 0
0.864999977965355 0.008660250774953021 0
0.8595731093035149 0.0182256401000891 0
0.8702220353092575 0.01761507084719551 0
0.8491737848115536 0.01700662795725269 0
0.8749999184340909 0.008660301128417489 0
0.8448623211974686 0.008605869675300554 0
0.839558861255173 0.01700971321858842 0
0.9849794491591802 0.008429627970990575 0
0.980956445742975 0.01894838760824751 0
0.9699027117219969 0.01749845177975521 0
0.9739350899760626 0.02573185605770794 0
0.9592820145003108 0.01722941912656552 0
0.9647677199131875 0.008647552344938287 0
1.025146766994974 0.009891791624460088 0
0.7644688168688761 0.4015492619250223 0
1.8348983436203 0.4014192160450937 0
2.04514995690374 0.007321786055851876 0
0.9259286943316227 0.4014853254732313 0
0.9063622602056323 0.395078078715903 0
0.6454478236850353 0.399882453889482 0
0.5850820736823803 0.4004894378940143 0
1.62560188272647 0.009386166160834876 0
0.9250307942097136 0.008557329861908908 0
0.9349973362845703 0.008638592422424681 0
0.9303358076620314 0.0171085365836568 0
0.9400032175721205 0.01735259584029501 0
0.9348307534606837 0.02540641743672989 0
0.8949482991339996 0.009902899440728809 0
1.644621887934457 0.01010047639779924 0
1.115046889226227 0.4029596126514524 0
0.8349406904192712 0.4013820089441166 0
0.8399890806712264 0.3932228946845347 0
0.6449999999983634 0.008660254037816664 0
0.650096031541884 0.01726491762805439 0
0.6598540589040194 0.01721770433569124 0
0.6548047192485098 0.02566169937988684 0
0.644720055827012 0.0247893570327812 0
0.6488847964787565 0.03393966546955318 0
0.6649992682531866 0.02598007171829673 0
0.6647523890117342 0.008460848546532821 0
0.8150425298361303 0.401365445389727 0
0.8199047979763744 0.3945618159457765 0
0.8109112550519725 0.3916846565789252 0
2.03503080104169 0.4014367344986712 0
2.025098443390494 0.4013454802853533 0
1.904948849166087 0.4014232073905309 0
1.910117973907173 0.3930943088779678 0
1.899677064450636 0.3920544616026816 0
1.925033267985942 0.007958331296295747 0
0.7452097906995062 0.4015855381389545 0
0.7506231772275033 0.3916933235686066 0
1.815218077513973 0.401553635105212 0
1.820746492746137 0.3914400329151578 0
1.925220943862912 0.3999571651695874 0
2.085113097111756 0.04428538469289472 0
1.92975073227088 0.1690938171995003 0
2.128904444783863 0.3543510141687951 0
1.990025644538094 0.3507911005765512 0
1.857324404160273 0.3729488243215622 0
2.153433950609514 0.2979399264194458 0
2.14365720745896 0.301385334676507 0
2.093189826128795 0.05018170489052862 0
2.135722641620795 0.05986726169524607 0
2.037260190628194 0.2249706091360965 0
2.158764108193781 0.2484016905630723 0
1.937510704643379 0.1185591798660086 0
1.997902809337596 0.04498384753523341 0
1.877491354708804 0.3447885717219156 0
2.145361918479701 0.1312834052012742 0
2.126556490259854 0.06386517987391462 0
2.162160416959968 0.05768069542125388 0
2.027427042590747 0.3243121410510093 0
2.109273134721928 0.2229218105462818 0
2.078645172492912 0.1039179131984959 0
2.007565935748485 0.1162774155715753 0
2.141610747132792 0.08561113493529979 0
2.1821684490815 0.03918850967740734 0
1.735850820323276 0.1320606340592423 0
1.368338370872267 0.06698871850311601 0
1.927992407798479 0.04731630425407631 0
1.982319583241673 0.1085417679676132 0
2.112003565580035 0.1176006615044647 0
2.171869218316373 0.3754535929820918 0
2.094795665342991 0.2662875638153883 0
2.074318002332286 0.1436827127468466 0
2.156596425217884 0.2682939410918989 0
1.882244407962323 0.06749352639755214 0
2.144402173643839 0.3758312589066002 0
1.814984272562605 0.008649184654881728 0
2.049875057086355 0.3616880035211416 0
2.16042115051289 0.1530370462905866 0
2.093132181503689 0.2111091373412734 0
2.155248966203164 0.3519083818527152 0
2.148590590826551 0.1014576482864438 0
1.932130699033801 0.3199986508722079 0
2.171147025834118 0.1290768480112765 0
1.99880209482002 0.2612200501674277 0
1.999777255776949 0.251267711658871 0
1.991645858113179 0.2454470278495168 0
1.982539299547166 0.2495786825994331 0
1.983514460060753 0.2396263445044426 0
2.007908653124823 0.2570883954782401 0
1.54427971919668 0.1313668396074598 0
2.160998024338858 0.06760188783996204 0
1.84939559587823 0.1293073985994926 0
1.91019872694561 0.1308801347321845 0
1.675043640557208 0.1304842199958651 0
2.093704365106535 0.1256715502733764 0
1.421585497645682 0.1381555170940088 0
2.151271550154802 0.1570724906614268 0
2.120773022189978 0.3485303643211076 0
2.116634120405574 0.3030742299527741 0
2.149620019626367 0.2524496318113363 0
2.118481609451577 0.05795631102591545 0
2.131816868871319 0.3245122410879835 0
2.143711530194091 0.2266630500859819 0
2.173036714358987 0.2805588810418975 0
1.943187580513519 0.2959623185236667 0
1.923672396882434 0.08708233714734288 0
1.860253398065798 0.3430995428532982 0
2.081885181059891 0.07409338794913957 0
2.061927965165592 0.1775420243341565 0
2.177682746815756 0.2302537828822259 0
1.8335787696038 0.2601027842763281 0
2.057669299259963 0.2820642116093584 0
2.066133709850107 0.3733202401282402 0
2.05694223505501 0.3773510283447236 0
2.053115599864921 0.02101033868513527 0
2.058756391467639 0.04643368713147242 0
1.777849225714188 0.06621132059836876 0
1.768699626634931 0.07024676547927822 0
2.140939922870111 0.3205813228852257 0
1.945137903060667 0.2760576409159625 0
2.03346759614487 0.03865700331526582 0
1.965301343178463 0.2478896537533418 0
2.026121774012834 0.2488250797838274 0
1.722019656719154 0.2441479199741152 0
2.164403670623672 0.3477196913882349 0
1.985028450556412 0.008614491262818625 0
2.026987580651087 0.09830605480653579 0
1.4398846518134 0.1300846366701862 0
2.115181186062598 0.2487102866574684 0
1.97083736460562 0.3690067500015027 0
1.971152303863508 0.1881756304042803 0
2.09853359212103 0.1614020662533808 0
2.012213798444619 0.3875491983303455 0
1.971482418218409 0.273615015023328 0
2.028402203603827 0.314359801878602 0
2.084027026082993 0.2798019343030497 0
1.993596912565222 0.2255413262382822 0
1.97733337894753 0.2139009905436447 0
2.009859970558435 0.2371823266132865 0
2.041409231231076 0.2704190316799931 0
1.880084402925552 0.08737654267570871 0
2.001698785932128 0.09052937125246729 0
1.927569834811473 0.1889292285907027 0
1.86643097464374 0.3688171941251397 0
2.097350927187832 0.3211202501586489 0
2.052685897451644 0.2464508254145135 0
1.720791628948227 0.1103070012063985 0
2.140531382317728 0.09555271276352967 0
1.874235755930536 0.2892062018325032 0
1.941836014345056 0.3921014498568808 0
1.950041194066776 0.08491751232393557 0
2.075973573851297 0.0483070605778739 0
2.123250526752114 0.2546162499982852 0
1.916512978601035 0.2129655863974203 0
1.987745213536975 0.2852563827296515 0
1.897654786572766 0.3166205921709622 0
2.170563108082213 0.06357160270687921 0
1.976409991400842 0.08275268758277601 0
2.119803499058465 0.3584950500031452 0
1.996960378820152 0.1957351563827572 0
1.963510804954621 0.04111603458344574 0
1.987087823648154 0.3807168227870227 0
1.812110068084736 0.2127837322507408 0
1.803003509885992 0.2169153844525591 0
1.884161278906793 0.1897566207594263 0
1.872938501024296 0.2137235173293089 0
1.919118342888859 0.3639282798003187 0
1.961730805320148 0.3731384050801267 0
1.83649640981905 0.08767074868373527 0
1.92399930136388 0.3141779671521294 0
2.072735580743784 0.07812883229147359 0
1.99100080579281 0.3408387614314078 0
2.11524357392598 0.0877761359965414 0
2.137292314328833 0.1253773403698002 0
2.036533601074677 0.3201804860901745 0
2.09910437896697 0.07596400769283848 0
1.892778989107317 0.3663822786446247 0
1.94285746680903 0.2105229330126946 0
1.908613205150501 0.0653287013852324 0
1.893554013104538 0.04357506536409535 0
1.957500053266193 0.3275083642512024 0
1.884317476054607 0.2751222085451726 0
2.144791533046824 0.2167215415918826 0
1.899275716562165 0.2112772192855596 0
1.953914347981412 0.186486601607925 0
1.480802983566361 0.0741768867924099 0
2.12765405235336 0.05397418676061658 0
1.775689221531597 0.08609433603712009 0
1.998878319271651 0.1758349711858618 0
1.910661990616522 0.2726795828932514 0
1.761140033735088 0.1398367371651739 0
1.906453199767131 0.08521171769763851 0
1.843015441466562 0.3414105140871695 0
1.838454575272897 0.2103410969203933 0
2.102561519110538 0.3567971278005324 0
1.902129817965722 0.1249774731310066 0
2.108763554538911 0.1474251865399133 0
2.067905655875674 0.04239870170997715 0
2.122168443372165 0.2645540698791346 0
1.08959254545218 0.06688457075511445 0
2.034604087858312 0.02884325089967879 0
2.157680437341206 0.2583393226479575 0
1.792276733719613 0.3263910893381978 0
1.910334698337222 0.187243743310374 0
1.986638738891802 0.06877690377130909 0
2.138372316047728 0.115435831772989 0
1.862865206091261 0.08550592341135317 0
1.265535946460344 0.1312511039508203 0
2.13025299724044 0.2704444807262008 0
1.749320427003335 0.08825916205595448 0
2.106093973379915 0.09181158027874885 0
1.659984449704122 0.1087305899363315 0
2.087223775471939 0.1853204426960024 0
1.974407901802796 0.2437579989656382 0
1.768527676589317 0.2135374915516091 0
2.129138521377767 0.04453398996191225 0
1.951121196768018 0.07497600408038596 0
1.805497036026402 0.04313564139484299 0
2.153941133406622 0.2126860972053363 0
2.070005150659526 0.1834499823350174 0
1.849990177390716 0.1860913700574007 0
1.994708846519801 0.07468227012459616 0
1.823167842302355 0.1887493742151806 0
1.999132203742662 0.34665944551484 0
1.814957203743307 0.1255661601363761 0
1.822521888381842 0.2841391144945883 0
1.843406820535521 0.02696159225694649 0
1.906431267277386 0.227049577288561 0
2.129044189198339 0.2801737750956588 0
1.831954385324122 0.3654616447653314 0
1.806589205714322 0.3579371339641234 0
1.977489825690273 0.07281140953230532 0
1.96452519783592 0.03141012967905606 0
1.836504253478541 0.2302457711155345 0
2.089954778521959 0.07999945203475162 0
1.681107570647406 0.1565181177673843 0
1.824825109337808 0.03672710479501792 0
1.796708762927061 0.0485512043607974 0
1.700332428863581 0.1382609001080915 0
1.964656289667364 0.3432813873874576 0
1.965631451050677 0.3333290482562631 0
1.707677031923802 0.2126298536208935 0
1.802058016901061 0.08392951056680099 0
1.780244690919613 0.360379759514349 0
1.664090671705277 0.2133840537241096 0
1.763299786436541 0.1199540690879178 0
1.794872174233566 0.2110948345243137 0
2.165707257074193 0.2642277557144312 0
1.724932488493102 0.2142790712078247 0
1.918793388015173 0.2785002666991426 0
2.14695577178575 0.1968373846016884 0
1.796660045182086 0.1336342628430156 0
2.008238762915236 0.3425277903949497 0
1.915602799646464 0.08117627335671219 0
1.840084391510496 0.3712872612843368 0
1.781337478913902 0.03668031214626366 0
1.779646471038239 0.1895304363512172 0
2.079152734219138 0.1794140882001303 0
1.717143838692356 0.2939096182657431 0
1.68851324402996 0.08668275182709695 0
1.66926012482446 0.01781648111615387 0
2.077044037901877 0.03837858510516638 0
2.023530497162528 0.3641218568637357 0
1.883342314532215 0.2850745472094958 0
1.891796596860906 0.3762708948069043 0
1.894349587411833 0.03363539039840299 0
1.760330001994218 0.3879549390028687 0
2.156122910332228 0.1927965857299301 0
1.611005655970075 0.1586844661267655 0
1.571728494038682 0.1192605091678335 0
1.963997306298243 0.1724008778980353 0
1.95554973088371 0.3474130415956669 0
1.730151039150137 0.2499686004730482 0
2.03586577826167 0.01984357559387413 0
2.086142774509008 0.1952616245895335 0
1.751289648306551 0.2118482882082997 0
1.943051599458455 0.06906994025106754 0
2.147519780778513 0.1114001554062345 0
1.805929004116839 0.1870583966737205 0
1.809514690441493 0.3280801174102457 0
1.762031573598828 0.3686430689992717 0
1.59907172637206 0.0317954052152324 0
1.963021112939832 0.1823546583093823 0
1.872014805779611 0.08147047907762826 0
1.907406576773036 0.217097384252164 0
2.078126972804383 0.0283960687033092 0
1.923024140333937 0.3241303044714489 0
1.618556472167185 0.08914178967713962 0
1.717045276909056 0.06464224772113633 0
1.193987272702633 0.06816600628265308 0
1.917818226650833 0.2884526054435528 0
2.149111544339598 0.176955507630034 0
1.720478384892409 0.03494258191392089 0
1.644925260144551 0.08697696160919985 0
1.66697404480999 0.1245781580586478 0
1.736662220784191 0.3611333557298011 0
1.719094160201397 0.2740049459184936 0
1.919441705129479 0.1831126555863461 0
1.728861226099049 0.1162130646046005 0
1.690447999581306 0.210914887394808 0
1.749669424149921 0.3171923496076799 0
2.156647938073807 0.1073623816080367 0
1.747719101990927 0.3370970250457932 0
1.648522136050025 0.3725928751932134 0
2.085634767609455 0.1197654860950268 0
1.767619624810284 0.08018827331026258 0
2.158252128073631 0.1729188497732086 0
2.086714770203872 0.1098239773632972 0
1.954244461910637 0.2719259859727365 0
1.762040154335672 0.1858564542645229 0
2.069495572730974 0.107953358024776 0
1.294061885448277 0.1092137357341006 0
1.956846595225501 0.1566201369534824 0
2.164741161793747 0.1132710123923876 0
2.016370160830017 0.3483484744378291 0
1.502852209616486 0.1117774298000197 0
1.890891366408857 0.3861400586775934 0
1.81120761664944 0.07989406626150695 0
1.559699909156823 0.213207320512543 0
1.714882036649073 0.08451792535384561 0
1.054484576696096 0.1485307441635241 0
2.159332998228774 0.1629775908544547 0
1.916682802381013 0.07123476523755902 0
1.857446234917203 0.1352269395306821 0
1.646878361307566 0.2116923448993048 0
1.718451700337634 0.3693930375727159 0
2.052276375318799 0.1060827382954022 0
2.111433140371054 0.2030387939587361 0
2.094211623295365 0.2011674560767915 0
1.671294050421155 0.08481213437710539 0
1.632535659156463 0.1208369203926237 0
2.053356377888971 0.09614122973012192 0
2.032637739595546 0.3599902615963833 0
2.015395682892708 0.3583008735239434 0
1.779264353437692 0.3703206898976394 0
1.873094808293946 0.07152897095525403 0
2.045286780498449 0.09023516567054342 0
1.94899130988945 0.1507988278169894 0
1.819277213489755 0.08580012970285746 0
1.79773821130739 0.1236952645491916 0
1.80561404433094 0.36788947275073 0
1.849195003729512 0.367137875063418 0
1.60680888756108 0.03759627090012922 0
1.633106084629623 0.03539881840705308 0
1.681913624736986 0.3857395755337664 0
1.866603601973874 0.1311855845419298 0
1.955866794458833 0.1665789572259187 0
2.121662740191374 0.1890618404495517 0
1.706086959286311 0.3179459452345737 0
1.557749308775067 0.087565387517249 0
1.455514208407564 0.06640022219642851 0
1.224108253508136 0.1116691562187368 0
1.847806014708637 0.06375228872066244 0
2.102282860485096 0.2070740277570439 0
1.661199109565442 0.2432124346767097 0
1.61274097316563 0.2937277843211672 0
2.073227869264971 0.1536221825817257 0
2.11467311822411 0.1732142625061943 0
2.028067583108946 0.08836454639359763 0
1.628967801127343 0.3904870330007845 0
1.865025211207901 0.06562290755998143 0
1.793896965633891 0.2210470671004138 0
2.168450910363289 0.1589387248385795 0
1.962375859532927 0.2777466696630606 0
1.735687059255057 0.3710856942001066 0
1.925832402391274 0.06719932087677254 0
2.112513140635318 0.1930972852876101 0
1.727781224452292 0.1261545717668332 0
2.177144727143284 0.1544843710371984 0
1.514161346175282 0.08785960676092128 0
1.920578313703673 0.173345816457393 0
1.631175846970575 0.1893579962981263 0
1.649497297134805 0.3626405377668032 0
1.477534216950637 0.165217380072928 0
2.040796012249804 0.3658178785528016 0
1.873604385665512 0.1470255888840504 0
1.614691294384755 0.2738231201295444 0
1.934982002304785 0.06316387655115452 0
1.703572435722776 0.1084363833132521 0
1.600708934989257 0.3277164342170519 0
2.019997985644306 0.08245848239307919 0
1.586278094280353 0.06551754967657092 0
1.571055154789829 0.04399277321041131 0
1.586053461033768 0.2107519690070344 0
2.048942040547737 0.3716331669515662 0
1.660554176342957 0.3386042106820357 0
1.804585886962228 0.3779344768598308 0
1.48118727710516 0.149340187025691 0
1.970507257127887 0.2835673536033467 0
1.882703654343922 0.1429605026872528 0
1.780520022999841 0.1218232681120489 0
1.012078270336433 0.1389292463515349 0
1.662504498946269 0.3186995392515152 0
1.630390951100145 0.140729077077915 0
1.770156932085515 0.3744504432623871 0
1.937149175966173 0.04327140645557038 0
1.99490145053645 0.3010294054471932 0
1.713243193126537 0.3337189659628269 0
1.978638654795656 0.2893880375421241 0
1.848214929000289 0.3770842731852761 0
2.002778730936858 0.08058794145720545 0
1.642010952513213 0.2614281647266533 0
1.636855665040769 0.0810709014775131 0
1.759421053368164 0.2176690172741607 0
1.929044196442041 0.03737670506826949 0
1.216599367200711 0.340318955219109 0
1.542474193291052 0.2115003271404379 0
1.250474139384314 0.1095079973663711 0
1.570336914854046 0.188207815769423 0
1.584118091604571 0.08540055810181119 0
2.004008009315129 0.296897750339648 0
1.455319197869382 0.2129916975378816 0
1.535012719998108 0.3765426702731573 0
1.847757208805221 0.386683123940302 0
1.828426812927954 0.08176468546336037 0
2.013114567982653 0.2927660954995404 0
1.598758612296754 0.3476211024292986 0
1.986770052595848 0.2952087214902874 0
1.803128213141364 0.3873979033994277 0
1.936063199668348 0.05322079254343615 0
1.714218355009403 0.3237666284958279 0
1.680443648051263 0.08077669029659965 0
1.806948153457355 0.1768846970767333 0
1.91185321289281 0.0355041770098875 0
1.579735527286271 0.3656059797023448 0
1.698581263185128 0.2167531130983247 0
1.206887003007493 0.1098015724858665 0
1.802028348521862 0.2268677217712708 0
1.740232656868717 0.235884464781988 0
1.50833815851846 0.2935459479085258 0
1.601684097049006 0.3177641012429165 0
1.556796337156034 0.2430308183512675 0
1.453354217460716 0.08628321977469409 0
1.724031651042351 0.08048251666874598 0
1.903601459521552 0.03031011409792851 0
1.634340390322743 0.02569203022254387 0
1.475009078040785 0.008636697575105738 0
1.569568491432759 0.1391435102018456 0
1.732101242076699 0.08638856693465502 0
1.767552461547099 0.2234897098827172 0
1.703161473072238 0.3478029588247249 0
1.561083865798005 0.3740732634778552 0
1.540530122566281 0.08569477414977399 0
1.584115617062412 0.2306368586601614 0
1.483671189668263 0.04326581116503752 0
1.030378074026992 0.130862067910674 0
1.726582892630758 0.3752140070496012 0
1.829506815370029 0.07182317771852814 0
1.514519222646927 0.3192712777100821 0
1.526787576995179 0.1888875389581267 0
2.00717448703676 0.0408694787783754 0
1.510288478263506 0.2736413013632241 0
1.83058681800147 0.06188166967867804 0
1.35091683502068 0.2128098636876189 0
1.657628693025266 0.3684612212335608 0
1.681524525195925 0.07083716909162692 0
1.411719309295972 0.2137554755148214 0
1.839736417960603 0.05784622513943889 0
1.4097662928344 0.08657745385959219 0
1.492486737535581 0.3675501995304301 0
1.694054916550539 0.3519346101561657 0
1.727225556240631 0.279825628055907 0
1.670635893786977 0.3245202216531726 0
1.769292165712893 0.3840533854466898 0
1.502416290979879 0.03628953914986581 0
1.481663766528576 0.2105491753008964 0
1.589018797939306 0.03474116178931796 0
1.558101654210588 0.318517691112723 0
1.525981571800224 0.1394363178897531 0
1.791946626532799 0.2409517051996316 0
1.474607594114613 0.04862653139358942 0
1.758775982324142 0.3130606952595594 0
1.537290151778943 0.1155192484948804 0
1.67345372335368 0.06493020464768001 0
1.537608112900373 0.2612463583079385 0
1.856955614445077 0.05971684447631079 0
1.704136635781746 0.3378506189374296 0
1.61892204338953 0.3194531310993421 0
1.766907379823157 0.31888137796314 0
1.734687427521588 0.3809699360415664 0
2.00385852172119 0.07064672233038972 0
1.366178395893727 0.08687169844638108 0
1.860195622005755 0.0298923183121564 0
1.479722982071573 0.08411838423741826 0
1.654999949730784 0.2175125688953343 0
1.769209341325874 0.1457348418840418 0
1.438075196649947 0.2112931535777368 0
1.403935450833933 0.2933641049449926 0
1.80007802190998 0.2467723884544872 0
2.004937893339466 0.06070607605965947 0
1.394493102525274 0.2120645080609359 0
1.385391542442329 0.2161892899051398 0
1.834553930985716 0.2501504464085983 0
1.466253398589941 0.1279198055729123 0
1.484287635032597 0.3615575908332785 0
1.466376085473093 0.1889554611010991 0
1.459416208369693 0.03495915173041186 0
1.735356952891425 0.2856463100630968 0
2.006018796179721 0.05076333781154851 0
1.452393598786788 0.2428489758634917 0
1.495330965313411 0.3374868975073602 0
1.662173873906887 0.2332597875244218 0
1.757470700671562 0.2375736296051425 0
1.733736736407472 0.3909903711240334 0
1.579798295264128 0.1251662826041161 0
1.656653531487374 0.3784135592330716 0
1.436135044469258 0.0844126138286051 0
1.776989098082423 0.3047973861841994 0
1.441943895094216 0.02442297824786054 0
1.307334668323852 0.2135634820991877 0
1.741250844100104 0.08235312941637409 0
1.497281288848273 0.3175822446707359 0
1.466043193701017 0.3698121530628447 0
1.565257881336286 0.334290706182931 0
1.858034277927151 0.04977716584837874 0
1.936361452470315 0.3656286903586203 0
1.529220616145652 0.1096131137217639 0
1.492598162041688 0.1868689865106571 0
1.859124341924909 0.03988847968836538 0
1.760630039003999 0.06434072211361332 0
1.479713447656557 0.2304538855630913 0
1.549679715405949 0.08165933012586674 0
1.280568809590029 0.1529656790934674 0
1.786095656437712 0.3006657318174305 0
1.394707115500227 0.06482387200914252 0
1.789996301904922 0.2608563804384459 0
1.209443250625812 0.3245460501103552 0
1.405885769826228 0.2734594939215276 0
1.42279378291036 0.189709103808808 0
1.669660732359638 0.3344725574462839 0
1.344639481082385 0.1247667841526394 0
1.752560568439873 0.05843494388812223 0
1.322590539001162 0.08716595883114202 0
1.578719582356936 0.1351060250514194 0
1.379536268730477 0.04331038162470469 0
1.753640767277933 0.04849638609445962 0
1.750400444406268 0.07831768808978246 0
1.080092977269492 0.1360407195281759 0
0.9431473577539502 0.1314128090389633 0
1.846585972043096 0.2161617790044088 0
1.593267686804529 0.08136511463771233 0
2.099634451401061 0.3866506506872791 0
1.655717279018877 0.3886729189416628 0
1.794227055009148 0.3064864137557671 0
1.214649000571631 0.3602235158311728 0
1.745438669855653 0.2715623198106856 0
1.759550040591857 0.07428223815410567 0
1.85569574060118 0.2120317911848109 0
1.449139829069169 0.1872717939394497 0
1.56623304479736 0.3243383719659472 0
1.745571125547291 0.0425887826407348 0
1.601337281656553 0.08727117493262114 0
1.711642033498345 0.1143424473792165 0
1.688518918231196 0.2308175209659504 0
1.026986321221185 0.3217385461236659 0
1.527061864101525 0.129494419810507 0
1.392547129606807 0.08470685289169859 0
1.863823927911532 0.2178508073110272 0
1.453698883259004 0.3183358243881016 0
1.556151327820976 0.3384223563169159 0
1.405239098390359 0.3688474563347431 0
1.761701463628983 0.2832036851687568 0
1.862848800673886 0.2278031693247309 0
1.433205355646281 0.2610645807842789 0
1.696650312310641 0.2366382060963586 0
1.377261027457868 0.2103674958200275 0
1.878136398946247 0.2493968495996004 0
1.550759714293003 0.07171782548442984 0
1.609815488230725 0.3235847830355428 0
1.770808021798064 0.2790720301484393 0
1.870980231673419 0.2336238788637883 0
1.88724295494796 0.2452651956797972 0
1.48887257475852 0.08008294067746818 0
1.870005013664211 0.2435761745518773 0
1.362051772075611 0.1888275448274516 0
1.37907832356902 0.1285071934874465 0
1.474184587069647 0.3756560716729088 0
1.27900273511649 0.08746023870065554 0
1.89732472088993 0.2311812398803469 0
1.300838181876077 0.368668942532307 0
1.550601497153473 0.2173257279597642 0
1.656234861035158 0.0630585081888561 0
1.623797846609426 0.2696914678492088 0
1.75357006663107 0.2773830021502949 0
1.677792127360091 0.3402932411297509 0
1.2637449659863 0.214329945925407 0
1.485632572060232 0.1099074306303886 0
1.547044775559867 0.3425540047167514 0
1.542690121383733 0.06581177032074779 0
1.494602440429436 0.03089876706645893 0
1.379871404014161 0.3613412567563236 0
1.804308772301505 0.2924024221451753 0
1.746650840146993 0.03264556149081899 0
1.361657145190473 0.3696019633332275 0
1.505412673343145 0.3234029240313172 0
1.07739364028624 0.2513210163618947 0
1.392878592236928 0.3174003559308792 0
1.546069607668436 0.3525063453953738 0
1.913587472023851 0.2428225703416317 0
1.676816966407398 0.3502455767488855 0
1.333679000712052 0.2111208261675522 0
1.812440170999154 0.2982231044827878 0
1.388318022428945 0.1863310691141409 0
1.307531377188344 0.06541242745628928 0
1.348959246515264 0.08500110522033079 0
1.922694029335498 0.2386909164436355 0
1.39092827595244 0.3373049779346184 0
1.292421099434428 0.04372869969711463 0
1.821546728820382 0.2940914510603294 0
1.647698964413918 0.1425192419621772 0
1.255950802492044 0.2939358316451987 0
1.631929240528173 0.275512147311155 0
1.930825427974491 0.2445115989365806 0
1.496942165245521 0.08598899623784477 0
1.246511561061681 0.2126326803150241 0
1.237407962318913 0.216760263680689 0
1.90545608780545 0.2370018980135715 0
1.475402981763488 0.12388436463055 0
1.343560176046046 0.1347073310533222 0
1.829678126442834 0.2999121333903503 0
1.94090714624643 0.2304276062554402 0
1.445284628401594 0.08037716906435698 0
1.460855098662283 0.3341088284330657 0
1.235415008132621 0.08775454527919208 0
1.290096761068473 0.2118751760090779 0
1.204561271077523 0.1296325419249139 0
1.329072741075852 0.02851582045570989 0
1.639560450888863 0.1366832767642507 0
1.536963058024073 0.3566379870321267 0
1.838784683933689 0.2957804800369723 0
1.318396009683907 0.1895367090731118 0
1.950988864774281 0.2163436138159782 0
1.304408692912221 0.2434210265264755 0
1.52547093838297 0.06394116178266723 0
1.009419363994425 0.2346152958216091 0
1.002264407551302 0.2188423170393764 0
1.960095422936641 0.2122119589372189 0
1.588947928391099 0.1211307946269988 0
1.309994109354024 0.03455204500318673 0
1.854072318940732 0.3173741831667842 0
1.641035792586953 0.271380496007378 0
1.344858655112338 0.1872167754423434 0
1.610486878981545 0.08323573145995303 0
1.493702473531984 0.1158130606265214 0
1.202933305588174 0.2133814184116763 0
1.863178875875086 0.3132425304969666 0
1.536210378317299 0.1254604424395421 0
1.315954075549374 0.3896949746720178 0
1.871310275819759 0.319063213985393 0
1.461830264428821 0.324156502774622 0
1.349296270566061 0.3181539174888048 0
1.305371408522817 0.08529537450351635 0
1.880416832512776 0.314931560117212 0
1.846916082503994 0.3016011624415258 0
1.968226823113474 0.2180326414047827 0
1.976358220441873 0.2238533250942706 0
1.8459409219663 0.3115534997143071 0
1.191827381010774 0.08804888825858441 0
0.8962481063767715 0.3239964686569846 0
1.984489741171839 0.2296738373686787 0
1.619636475769402 0.07920028713120003 0
1.291901895766504 0.129096641491367 0
1.257901117691198 0.2740313538260077 0
1.401696707230725 0.08067140830255308 0
1.912942425526624 0.3382142945483048 0
1.1702885899184 0.1259439641152255 0
1.992621367863594 0.2354942011802771 0
1.483313433770021 0.3715237998267746 0
1.684948360341215 0.3560662597867986 0
1.922048981873162 0.3340826408874722 0
2.000752847517632 0.2413147703704871 0
1.447444617771656 0.06049416722003735 0
1.608840325350206 0.3335371166043614 0
1.597017529144147 0.1270368470489626 0
1.628786071423044 0.07516484343726029 0
1.275200500867196 0.190626857867625 0
2.008884062411104 0.2471357094196366 0
1.458247718635581 0.1831429371214575 0
1.450773232426536 0.3481924668272592 0
1.292706826242232 0.3628482574954183 0
1.378888181038561 0.3712758282315427 0
2.017015262815474 0.2529566668553506 0
1.888548231026266 0.3207522427713557 0
1.112198088782378 0.3401364473594364 0
2.016040056047303 0.2629090683161692 0
2.023196283222517 0.2786821046008544 0
2.015064888315287 0.2728614172413018 0
1.896679628771071 0.3265729263759622 0
1.148239846387657 0.08834325104491307 0
2.032302813453331 0.274550489825836 0
1.303763675455027 0.3388120313986873 0
0.8578737033264625 0.3604200493058126 0
1.301165823151372 0.1878502556894073 0
1.649167187375949 0.2772011767044517 0
1.476482983993373 0.1139428721514184 0
1.243918815317078 0.327924170758098 0
1.904811026701345 0.3323936103629905 0
1.519395022325454 0.2695096526977732 0
0.7952290396552437 0.1304928335864646 0
1.446211258566128 0.2171213380305165 0
1.261783631289872 0.08558966761174759 0
1.607865163819924 0.3434894516296407 0
2.054746708035794 0.311917186914874 0
2.063853191966625 0.3077856358360833 0
2.072959578465375 0.3036542227584936 0
1.220358831916682 0.06600781007594532 0
1.139517287410241 0.3277418948332195 0
1.159351764858306 0.2141348614029913 0
1.658273742114726 0.273069525671937 0
1.506091755354561 0.08195355324767067 0
1.205412823403828 0.04291432520487762 0
1.930180380314523 0.3399033241336238 0
1.927248876874776 0.3697470710759468 0
1.305714002313305 0.3189074591369767 0
1.938311777619898 0.3457240073798908 0
1.629866073333433 0.06522333824743559 0
1.659474081045277 0.03323390513704023 0
1.683973198711027 0.3660185972313357 0
1.446364624454162 0.07043567055421864 0
1.557771359255476 0.2330787982685018 0
1.666405138382385 0.278890205969362 0
2.04043404133657 0.2803714126290263 0
1.285220518666176 0.2616365441979578 0
1.358108815459736 0.0809656621634712 0
2.048564891965497 0.2861928594588196 0
1.937336616118561 0.3556763473176909 0
1.376285824174318 0.2203198263423739 0
1.692104594158334 0.3718392833838247 0
1.229277186216537 0.2109389841734896 0
2.047590284108972 0.2961444256058997 0
1.151549218184558 0.2937538903957642 0
1.185697612545455 0.2116939192399105 0
1.639015669522675 0.06118789447258458 0
2.046615278583097 0.3060965490192831 0
1.413012193267064 0.05676639177696782 0
1.527526411049669 0.275330326689161 0
1.926279732931715 0.3797126744881338 0
1.232745374375217 0.03214125564269293 0
1.691206914079197 0.381832993155506 0
1.648165268581763 0.05715244862452217 0
1.606890002340305 0.3534417871840895 0
1.451748528418774 0.3382404171332158 0
2.081089423280515 0.3094770756819289 0
2.080115900827864 0.319427120289303 0
1.213990059326629 0.1893455281334502 0
2.079140831240643 0.3293793369236684 0
2.078165734553589 0.3393315881088477 0
1.674536531926691 0.2847108880281554 0
2.086297137656978 0.3451522623358496 0
2.085321981147074 0.3551045922353178 0
1.504437511356996 0.3333552498181568 0
2.09345650573423 0.3609218639972601 0
1.605916155363748 0.3633860207754107 0
0.5086327915236361 0.1244759096829047 0
1.218195940330975 0.08588399190737152 0
1.388228021634123 0.124471589408869 0
1.240296502302598 0.1871302723491897 0
2.101595493833001 0.3667575658046225 0
1.66538336332633 0.05902344544290859 0
1.507171753626626 0.07201205363265675 0
2.100631324962049 0.3767449994061973 0
1.739257574064621 0.2458369182159795 0
1.536632954468796 0.2711986801817913 0
1.241968491989291 0.347828699047161 0
1.508251753439966 0.06207055132036803 0
1.357427632769644 0.3239745860144324 0
1.356452459407235 0.3339269019090746 0
1.614047765441522 0.3692053557825907 0
1.244893986374378 0.3179719224116966 0
0.9109297203839022 0.1078284582305406 0
1.402776701029999 0.07072991808250935 0
1.683643095525023 0.2805792294502514 0
1.240018364054436 0.3677370578532528 0
1.220806237176579 0.3855568991169175 0
1.396298096264987 0.1303769598381412 0
0.8416159295787344 0.3487796765904537 0
1.517401347613405 0.058035105661239 0
1.314520964933402 0.0812599301859576 0
1.491430322872328 0.3772962137370175 0
1.179843690035157 0.2714069066273859 0
1.165531562756063 0.2398614955330045 0
1.359188801842437 0.07102417095665091 0
1.66645618746951 0.04908121204069146 0
1.098533456395586 0.213199096132878 0
1.293164607769031 0.03421225976708522 0
1.188943770739987 0.03240321463221583 0
1.613555904977013 0.3787167521706776 0
1.667535462634334 0.03913922405857857 0
1.201311966175779 0.3187254073425594 0
1.087414254448408 0.08675692918715 0
1.054953143280185 0.2139524478494843 0
1.354208390436209 0.1834601221732719 0
1.660554867753236 0.02329248076162017 0
1.528700260719043 0.03413123918406375 0
1.459419016930263 0.1736191342921298 0
1.170743300458038 0.1901985473266253 0
1.174608359377613 0.08617836013812423 0
1.198386442435617 0.3485820982143066 0
1.056540933817444 0.128661456758768 0
0.7366056523277049 0.109011020763612 0
1.12487595155719 0.210758641184532 0
1.369778929139788 0.3754015042924727 0
1.534620531387746 0.05990571860690153 0
1.414992300583061 0.2693278551047222 0
1.512568900145742 0.3391759286318217 0
1.351119222833018 0.06511814223881478 0
1.043846785068269 0.08706191210302378 0
1.544764345059031 0.2770193569498581 0
1.105042106939148 0.3243636862136536 0
1.301051516412229 0.125061142479289 0
1.341810334793981 0.2169414823190887 0
1.401009965602994 0.3232210226545323 0
1.070239312504939 0.2355460524947699 0
1.313845352042662 0.3247281192518301 0
1.169208666346841 0.1358853902434097 0
1.270933171486572 0.08155422725796267 0
1.403858199466514 0.06079182784550244 0
1.55387089424077 0.272887711066617 0
1.100902741766098 0.04296627708912235 0
1.346370749297387 0.3480108587769802 0
1.064386392169622 0.2952609573240318 0
1.196755960117368 0.1876623987489866 0
1.520700288229346 0.3449966126795683 0
1.325830518687876 0.05734153343282498 0
1.500744947192469 0.1315704456613369 0
1.115961808090102 0.06471956973984568 0
1.562002288032499 0.2787083869636124 0
1.01137357580069 0.2147076367785689 0
1.108942773456025 0.2845554079344203 0
1.423123674079767 0.2751485168337658 0
1.327420664984472 0.1228957649075614 0
1.925304573195986 0.3896649975864447 0
1.519730667185605 0.3549412034418098 0
1.128331349942099 0.03104738231920746 0
1.157730088582161 0.3194788137778151 0
1.291746395485386 0.3727179849409151 0
1.410116507117844 0.3190893855012208 0
1.453368767486175 0.232896501340769 0
1.347345932576729 0.3380585198205545 0
1.421076847084611 0.06266125866584392 0
1.110893001383808 0.2646513630796961 0
1.535699172758599 0.04996606952497495 0
1.262131788040131 0.3196609769488887 0
1.187974939264764 0.2772275191428197 0
1.113797889195098 0.08460211032506727 0
1.536764668414582 0.04004437604665752 0
1.142543140182208 0.3830645921463107 0
1.337264229245354 0.3521424630006003 0
1.298228163552014 0.2176951575246359 0
1.570133675943779 0.2845290666030299 0
0.9034031432305618 0.3397683242277575 0
1.432230199256894 0.2710168804793369 0
1.109589614293599 0.1891656025513768 0
1.085843533464796 0.02121290735441247 0
1.000260250467091 0.08735668786014308 0
1.529690860518188 0.02428803048864752 0
1.227345456565129 0.08184854891436134 0
1.074797459840252 0.3666146511627207 0
1.432559783607309 0.3564549718691466 0
1.315600950712325 0.07131845688320276 0
1.140492459081005 0.3177897501580528 0
1.42324124188586 0.04278825862887283 0
1.415222840492144 0.03728733608746966 0
1.380516530108532 0.2659497243934529 0
0.546789942713903 0.3399021756337779 0
1.272013143116977 0.07161275189200822 0
1.384417125833041 0.2261405291724308 0
1.579240243809616 0.2803974050966961 0
1.331728657268388 0.2310254003877535 0
1.368987709620644 0.3852326448313439 0
1.081296296859137 0.2115100322147895 0
1.228301967061433 0.2208912077208494 0
1.422478571774321 0.3705400880428161 0
1.527862971897323 0.3607606014985216 0
1.106415635983977 0.1336660936583826 0
1.09691095776863 0.3185431022781511 0
1.093985455311681 0.3483994069993106 0
0.414697460119003 0.1092807386645645 0
0.9014523598901527 0.3596718290857058 0
0.8516959885378477 0.3346987109391446 0
1.418247890861672 0.3249100535471235 0
1.312870187114678 0.3346804067906865 0
1.066336599742048 0.2753571284345762 0
0.9566741931149714 0.08765126113827855 0
0.8237633580528595 0.1084188999289725 0
1.070212749520871 0.0848920185970049 0
1.066010991636796 0.1899207519043591 0
1.263943582275354 0.06570675569553011 0
1.091059961465148 0.3782559867886044 0
1.339859939875323 0.2368461599001948 0
1.028787823875698 0.06530908055675153 0
0.8588503624448365 0.3504700949455746 0
1.183757845327814 0.08214291578294607 0
1.44036158070109 0.276837548855136 0
1.013728771102578 0.04355609394400606 0
1.333900090981498 0.06324756686848215 0
1.046623722878988 0.3892068469907961 0
1.037716492531795 0.2122636491037146 0
0.5909863982708102 0.2438826270769772 0
1.316680946626485 0.06137697828328259 0
1.019827471468999 0.392850408258039 0
1.092352711254828 0.1874748834870853 0
1.302405126448076 0.1783584785786619 0
1.426379264440065 0.3307307347045086 0
1.44946811781626 0.272705913592859 0
1.526803733513186 0.3710385484049044 0
0.9333246047512158 0.2120806162257871 0
1.238660641438799 0.05794310055558152 0
0.6510898784840766 0.3401286475826498 0
1.065691021331565 0.3707461842248171 0
1.457599506566102 0.2785265803735401 0
1.425404107738582 0.3406830448084026 0
1.208192964442261 0.1637945605652043 0
0.976901399109313 0.2113297268361359 0
1.20033679722527 0.3286776258598175 0
1.267007579807381 0.2698997433039407 0
1.422163303081614 0.0527344134479641 0
1.032009760210845 0.03550670450318064 0
1.131020324118402 0.08647260629128416 0
1.433535236738757 0.3465032253530633 0
0.9505613903020903 0.2137702702981844 0
1.022506864768491 0.190786621307822 0
1.205862994905261 0.1835317343404184 0
1.253025292269415 0.3237925742395496 0
1.031862382952086 0.2719789744158398 0
1.026628099189424 0.08519156392622849 0
1.193827244830465 0.2175133423903402 0
1.465730882737567 0.2843472551876755 0
1.228425920147783 0.0719082252682233 0
1.6085102332124 0.2480978105816827 0
1.599403683047276 0.2522294495886356 0
0.889748661304219 0.212832828629053 0
1.005669201745996 0.03766430233585845 0
1.184837794318061 0.07220148017570541 0
1.321001539445787 0.3405010839599343 0
1.110043095227601 0.03894328919293902 0
1.02338843202269 0.1150150613430448 0
0.0524170858115783 0.3556005658452621 0
0.8958711703075354 0.08607702005924657 0
1.474837458429709 0.2802155879019179 0
1.343049654420711 0.05921212643947684 0
1.345550129544926 0.03017660269140317 0
1.620550493268644 0.2141341994799149 0
1.053329797577859 0.3192963456231976 0
1.048774080444615 0.1882319714522135 0
1.004872730423399 0.3698148576312854 0
0.942752028105853 0.2933898493743272 0
1.201958055524143 0.2233337910992816 0
1.320026384857491 0.3504533748944851 0
1.423452784559537 0.3605855627121561 0
1.275138910865049 0.2757203702551414 0
1.176768247323745 0.06629549330137541 0
0.9830417506510875 0.08548644797170903 0
1.308044619922758 0.1409037592064935 0
0.9243973450345437 0.0640296273700373 0
1.246725744120103 0.06383902876568671 0
0.8617766039555926 0.3206176324905538 0
1.15480319417932 0.3493326867519677 0
0.9203761484195527 0.1703329762194954 0
1.177848179393818 0.05635401050096323 0
1.229513915342021 0.06198492647101606 0
1.284245380502224 0.271588771457634 0
1.3053840399804 0.2334684801559565 0
1.15306989041555 0.1240721513355046 0
1.148623679140568 0.3236103460725353 0
0.961636767849349 0.1897435740727161 0
1.316132320138802 0.1466606571456099 0
1.413386582380439 0.3746623090151438 0
1.079359834523044 0.08085615241171693 0
0.9447022161199335 0.2734870602729171 0
0.9695732241347106 0.1292856715925979 0
0.8522875323381306 0.08637294533096883 0
1.039993341341554 0.2777994371608997 0
0.930720533936948 0.3273751664996076 0
1.205542511750455 0.3643551039249101 0
0.9795051068014904 0.3622991803781591 0
0.916088626194819 0.2103909446941598 0
0.909338463703496 0.0422773624732506 0
0.8461906787370964 0.2135657445451928 0
1.208468079660281 0.334498273119778 0
1.145694391973932 0.3534590769144532 0
1.361328278223399 0.2841654090584542 0
1.095935776340864 0.3284951739656107 0
1.122950497506192 0.08056677197349112 0
0.9905618304185078 0.338263808389288 0
1.236433108876536 0.2267120010410355 0
1.111091006976409 0.0291250624605459 0
1.344129549372044 0.04927231647009634 0
1.102435662421488 0.1733944263151873 0
1.232532103657403 0.2665214697252863 0
1.345052789558809 0.03951767374134724 0
0.9881622552098737 0.1872775985411532 0
1.200007074001541 0.243238962607614 0
1.196436875379293 0.3684890916142439 0
1.16062915235571 0.05448365606749354 0
0.992512022894616 0.3183601936209143 0
1.412286636941568 0.3844806851204023 0
1.206961646598621 0.1736534782429387 0
0.8743345135739107 0.1239697272356191 0
1.328157719297645 0.3562740463533567 0
0.922237666010665 0.08391046883188093 0
1.369459639463419 0.2899860770557995 0
1.101459477717989 0.183344999917317 0
0.8945178879599816 0.02069360180647405 0
1.252050106315185 0.3337448248230094 0
0.7853769029522697 0.2126460158110899 0
1.609485433521768 0.2381455286499947 0
0.926817228272893 0.3671762508060233 0
1.292376719903044 0.2774094034570532 0
1.089427254053648 0.2173304769967818 0
1.035777366342555 0.08115611961067978 0
1.060485620826235 0.3350689954868225 0
0.741774029893389 0.2132608966624335 0
1.603288841260461 0.2124703202797867 0
1.207492903038029 0.3444505184510556 0
0.8868188697589723 0.2426927538432907 0
0.8383618697306888 0.2932073010369717 0
1.255874528463871 0.05980188713849908 0
0.6494670026895181 0.109606649630637 0
1.301483213767696 0.2732778076245865 0
1.094302806906658 0.1675722246341685 0
1.251074942920058 0.3436971070524917 0
0.8289510006533303 0.21188478111935 0
0.819840671223288 0.2160233646791758 0
0.8087055449579718 0.08666951444067376 0
0.9008050846688016 0.1888011100646201 0
1.179199158299747 0.3667995706484787 0
1.080442788934324 0.07091920082835862 0
1.061460870245008 0.3251169195010124 0
1.504107436700321 0.2479160590834134 0
1.495000897601394 0.2520476763110138 0
1.128459933447158 0.3517766212289974 0
0.8725167367415038 0.2111411931215765 0
1.309614581727393 0.2790984401883698 0
0.7344472598798905 0.1288868410134436 0
1.178364148410195 0.3767785474180121 0
0.9287702024987043 0.3472783506881703 0
0.9075494516431788 0.3852566982464722 0
1.073775880230477 0.3765220239028824 0
0.9273433938298425 0.1862253286015939 0
0.9316957977756823 0.3174237325882782 0
1.327182546910223 0.3662263496837208 0
0.7788517298573749 0.36773728283277 0
0.7707256260858957 0.3619183992852273 0
0.3412419661707135 0.0663453495438318 0
0.3321377465980915 0.07038574039974062 0
1.516121279610569 0.2139556895757934 0
0.9785298403873789 0.3722512829764974 0
1.265391112435336 0.3751977250143239 0
1.097557788512302 0.2231510043975449 0
1.379541354042411 0.2759021023083922 0
1.335313902700015 0.3720470591294842 0
1.072374447380123 0.06501412631172522 0
0.8219137551505047 0.04321981760869265 0
0.8786534982160332 0.08420722559993239 0
1.250099770638464 0.3536493702464199 0
1.317745914713629 0.2849190962993186 0
0.992190893449495 0.08145099643834011 0
0.6666780922959226 0.1114759985390189 0
1.33424053954061 0.3817931214410179 0
0.8372292638276753 0.06462262434320337 0
1.206517713968115 0.3544028090744913 0
0.8732563257867256 0.1339103692781959 0
1.274496233359286 0.3710480337861422 0
0.8881178442681776 0.3181761807575109 0
0.7651259658047077 0.08696698322273548 0
1.047086671652454 0.05723809135294938 0
1.124031141584745 0.07062549118447123 0
1.119024232893993 0.2704718139946546 0
1.014850755041277 0.03368609505278775 0
0.7871735344891303 0.1245598475480787 0
0.8403120477340793 0.2733069868683569 0
0.8572307932151632 0.1895546724923554 0
1.249125185292993 0.3636067613326061 0
0.8851919492128936 0.3480298975793206 0
0.7388779396032201 0.2432634728247255 0
1.050403971263466 0.3491527500385477 0
1.045847161738735 0.2180837632398177 0
1.15675489577265 0.3294309788979246 0
1.256953582914648 0.04986262475848507 0
0.8396671284100459 0.03404237445929263 0
1.326852524120242 0.2807874029381852 0
1.104066930253803 0.3343157913641282 0
1.258026215003822 0.03993106481062177 0
1.077065588809211 0.1658820363985862 0
0.8350704316006603 0.08450343917440113 0
1.081563215148995 0.3819390129876811 0
0.714012978446027 0.1568186365888219 0
1.259061146061645 0.02972912281363742 0
0.9394554131021511 0.08577885496598395 0
1.074467711323743 0.2811775476592813 0
1.618592080946319 0.2340142208070763 0
1.036857240316979 0.07121487968653938 0
1.257255961859685 0.369422324722889 0
0.8117114612069016 0.2102055498897425 0
1.069176398606181 0.1600961527050264 0
0.5396503990775994 0.3241455269104364 0
1.044871568014641 0.228036162391644 0
1.051379330886784 0.3392004746564968 0
1.619569888329619 0.224070457862959 0
1.133180755701362 0.06659007244629134 0
0.9932706734717388 0.07150977439370537 0
0.8676258107311533 0.2609153269771845 0
1.023983717799123 0.02967234561349466 0
0.721549654556869 0.08726576861569711 0
1.155779481899766 0.3393827582167273 0
1.103091774088496 0.3442678859076148 0
0.7352844000753143 0.3684942219311946 0
0.5451635748102203 0.1083443196760432 0
1.134260758096879 0.05664866065099611 0
0.8608012859197621 0.330568560118558 0
1.083574018796339 0.2770460520319868 0
0.978722216415626 0.1252504509578808 0
0.9489321931069403 0.3191130290965218 0
0.9186542721287956 0.03813630441701005 0
0.7914892960188111 0.08480045673794462 0
1.505082688886392 0.2379638528195456 0
1.143410211462035 0.052613229229641 0
1.213343906113749 0.2847372187938901 0
0.9612931527960572 0.3705667553814622 0
1.282541263400688 0.3765417365215804 0
1.129105533678633 0.2563882692079645 0
1.049842687277367 0.1784103294723299 0
0.6439417395913876 0.3243615132628651 0
0.8215941300845886 0.1283119558703255 0
1.498894122359818 0.2122489555260552 0
1.374335594251753 0.2402242181661892 0
1.152554327710313 0.04858505307097947 0
0.7965182476488677 0.1885510607174576 0
0.9852012720781209 0.06560402295003344 0
0.6982303710820023 0.2141625431577202 0
0.9867916232110061 0.1311561413161399 0
1.373360402444692 0.2501765613757007 0
0.8835708182570963 0.1871123426491245 0
0.8142954952062357 0.3611620223860272 0
0.9242186350925227 0.2162110779637781 0
1.055155926095258 0.06314401983012767 0
0.7500686205287651 0.06521981883114195 0
0.8273065893457545 0.3172384656728126 0
0.6372144036648439 0.1434477338651189 0
0.7681471860531963 0.2109411903560828 0
1.037937205561142 0.06127358905570199 0
0.6037611941221169 0.1297774577003216 0
0.9862895583863702 0.05566634743205431 0
1.221475195300262 0.2905578574196298 0
0.6810305396826523 0.2124725076746198 0
0.7677231715797199 0.1426859139942186 0
1.372385203119998 0.2601288723414046 0
1.137236862127836 0.2622088178126027 0
0.8230669542689852 0.1857749892050162 0
0.8253561212872108 0.3371394806213733 0
0.6779782497706484 0.08756644340110172 0
0.8878021131112487 0.08017182673682453 0
0.1743976641919157 0.09364988650419737 0
0.7724974236024945 0.02662583923382113 0
1.111222993287047 0.3500884756839924 0
0.6375067841122199 0.2132024085117024 0
0.7011020537914601 0.1152129793286924 0
0.931386367761149 0.07987436752718975 0
0.7531386855090215 0.1892077560556151 0
0.7533669030006775 0.03553660416391938 0
0.9193656705376438 0.02809914315346729 0
1.147318226444395 0.2481251495708665 0
0.6904237930896406 0.2937765233099761 0
1.000642883298822 0.3241805367788285 0
0.7793006620555507 0.1867671290951375 0
0.7479108530077001 0.08509853591497497 0
0.9690710929233359 0.05379668373217497 0
1.119353872100514 0.355908740131558 0
0.7245546110513286 0.2116260941561037 0
0.7837338458783322 0.3179894887796694 0
1.231556898702584 0.276473923076549 0
1.161702889652928 0.04455074039847919 0
0.6344133426129287 0.08786938864096798 0
0.8442186609977447 0.0804679938903009 0
1.162789101175157 0.03460077922138725 0
0.7350105944586192 0.04347129906525701 0
1.064305210616992 0.05910844022557881 0
1.009749175946064 0.3200492493254097 0
1.066467825702551 0.03923201613740443 0
0.8871425934654138 0.3281273213636622 0
1.142114918278467 0.2124552525290091 0
0.8888815961649564 0.07023085852435988 0
1.514189072100827 0.2338325483153348 0
0.69237303874628 0.2738846038094108 0
1.059399482430309 0.02352540561807293 0
0.727158409516927 0.3626682004818793 0
0.9398262672804942 0.3232441021015233 0
1.058381966353705 0.03335766046392918 0
1.515159643245529 0.2238875720253104 0
0.6783952591471208 0.3277436701854591 0
0.5448332747036357 0.3597904088030787 0
0.7425161088065872 0.1347952156502323 0
0.8051890200107806 0.3652910891653793 0
0.8806431952795535 0.2169652164505862 0
0.5908566380766644 0.08817494621484182 0
0.7382141409758508 0.3386372424946112 0
1.03219155835334 0.3574151723875013 0
0.6638211772989703 0.2107659450822804 0
0.7043362248104859 0.08539821810092446 0
0.6629234239648054 0.06582904157777031 0
0.880812579345935 0.06432589306915749 0
0.8006369930087116 0.08076511228609416 0
0.6989464706298312 0.1350891578281607 0
0.835436256876575 0.3230584270953848 0
0.8307483726459124 0.1242703009669647 0
0.7401647445178957 0.3187394200222863 0
1.156424861044231 0.2439933524490061 0
1.022109744199231 0.3714993098547726 0
0.932466414410313 0.06993488632763251 0
0.8555270451113954 0.05655133194729797 0
0.8107353914978352 0.2201548796180363 0
1.017880318084655 0.3258696314641678 0
0.4533134346717323 0.07332833999468347 0
0.7196753879030279 0.2614998700467842 0
0.5333022098827337 0.2129976428094212 0
0.5861026956552177 0.2935900641464724 0
0.6749319618675583 0.03199782041825464 0
1.065385630001699 0.04916810880650332 0
0.8571187848297386 0.1221010645559696 0
1.025037872214118 0.01963838069521736 0
0.953807976186914 0.2693557824831601 0
0.6485880204506966 0.1891991162142055 0
0.674492246553463 0.3675324058787102 0
0.8923465567532475 0.3638025247741301 0
0.6607671501255897 0.08569997912057348 0
1.026011250631095 0.3316902575804737 0
0.6483888059113336 0.1195418555148743 0
0.6745340056585372 0.187201667867758 0
0.6202863263999313 0.2115224107104693 0
1.226351447401445 0.2407956770411257 0
0.6764448231021605 0.3476387252295015 0
0.9619389499927149 0.2751758637190787 0
1.225376192401393 0.2507480283944591 0
0.8452981239964887 0.07052759358851156 0
1.118378569201583 0.3658607087839669 0
0.8952728540470336 0.3339477276794525 0
0.7570577899315405 0.0810630939098984 0
1.025036177821068 0.3416420400371799 0
0.6793710931641629 0.3177971562312681 0
0.6838915622856323 0.1133475869711824 0
0.7918629130257617 0.3238091684201632 0
0.884543816346945 0.1771621246071678 0
1.117403398856245 0.3758129891014008 0
0.8017160016105243 0.07082464328538382 0
0.914137947052864 0.2302930534276542 0
0.9416153785877754 0.06589956492366876 0
1.116163793701242 0.3851642928941452 0
0.7908869550202118 0.3337599695122919 0
0.6553106140102979 0.385745628237783 0
1.033166937599434 0.3474630603204526 0
0.6315652557517807 0.03296477049157776 0
1.224400917289468 0.2607002830578789 0
0.6358176256329454 0.3185434621738566 0
0.4581504200248539 0.108961642699436 0
0.7361046612042856 0.03362615875965772 0
0.9427009594942199 0.05597130074183925 0
0.6041843571107735 0.1889522188425732 0
0.5818868882998124 0.2480209182707906 0
0.5301165277497297 0.08662646558190175 0
0.9222661158398815 0.2361152860329964 0
0.8494165004958507 0.2691763118524739 0
0.6172052229598476 0.08600457673516249 0
0.9518495148012777 0.05193486790607064 0
0.7886670026667689 0.1823995580061574 0
0.9720192897383628 0.2610934230526137 0
0.8344611532107695 0.3330089323125881 0
0.9388508512593536 0.333195559060936 0
0.7936475335879551 0.06492072337734842 0
0.5880514565508987 0.2737127807612559 0
0.6575329384571154 0.1155090643920896 0
0.9609895908551893 0.04793690941785336 0
0.5740790660488144 0.327532801107154 0
0.8942975173185939 0.3438990530672845 0
0.804142059261531 0.3752151380589382 0
0.5054674451358668 0.1540311827070963 0
0.863595601083778 0.0624566422242297 0
0.5597857069657554 0.296033916065312 0
0.980150540917664 0.2669134699571841 0
0.8463779678262427 0.06058698766410711 0
0.7134821131116312 0.08136295701757594 0
0.9378756682626015 0.3431473314101524 0
1.023085475468198 0.3615465715918653 0
0.6312504918003823 0.1881065189969645 0
0.6395902773580695 0.1824129341639886 0
0.7762741676408398 0.2167716014222526 0
0.6026859482365581 0.1397109339842021 0
0.5595557855821192 0.2105703606956193 0
0.7482929994975696 0.3245585602107105 0
0.7683642251215235 0.05714859825717004 0
0.9589154653900063 0.3902880519276029 0
0.8487679714598182 0.3645499549547652 0
0.3541516921132835 0.1077520571099091 0
0.7808058850164422 0.3478415151250862 0
0.9902306596204673 0.2528309368760319 0
0.5802255859536206 0.02736628637967614 0
0.7261831466171897 0.3726175622033211 0
0.395901400475021 0.04211005169924265 0
0.4866024825180598 0.08695036438461702 0
0.4898470297583808 0.2137439317753201 0
0.5586028416179188 0.06458727955730978 0
0.7449755014747601 0.0301241554789192 0
0.6153344762310538 0.2613389104743556 0
0.8575464679992033 0.2749957693170681 0
0.7538195563318268 0.1108796813056874 0
1.013003155282356 0.3756368282408831 0
0.802858272425707 0.3848342123345523 0
0.5161154018324372 0.2113012939102871 0
0.9941363293318848 0.2130158692084606 0
0.9983619957038765 0.258650912374087 0
0.9369004635692498 0.3530991179173615 0
0.781782501260622 0.3378892184241767 0
0.893322103306001 0.3538508154956361 0
0.5682562904233975 0.1359515226171744 0
0.5701763817069269 0.367306237438656 0
0.3860350132721929 0.2134734315438984 0
0.8832409705284872 0.3679334364525248 0
0.03842755990350694 0.06956248370833447 0
0.7581367738910976 0.07112375226391167 0
0.6965990297257889 0.3194878719144844 0
0.5619523190938664 0.03505076181025525 0
0.2904425720954698 0.3044826931383184 0
0.5443345703230568 0.1890221418528789 0
0.8666511072010512 0.2708652963791459 0
0.8877942900199398 0.2327412594178773 0
0.7326801630105806 0.217440838664652 0
0.7717019449837472 0.3519695010028631 0
0.7435936556484153 0.1248540079347342 0
0.6699114650428167 0.08166460379699347 0
0.556451167704493 0.08445193695235494 0
0.9359225113178216 0.3630441664576134 0
0.1402177851811276 0.09011112233434751 0
0.7145601933487336 0.0714234215821964 0
0.5721275492664075 0.3474165065597888 0
0.5430094471789009 0.1281963349748903 0
0.9701251779041196 0.04400433447451463 0
0.5435492724383566 0.04285645971516742 0
0.6719442611765797 0.2165813560664651 0
0.4818769927349845 0.2933994051469501 0
0.8188613179886618 0.2259778018398714 0
0.872743945680608 0.05842134201560393 0
0.7618866075848585 0.1167829260246817 0
0.8753174336196986 0.02710854650316019 0
0.8149501216403214 0.265793444310964 0
0.5509984801959371 0.3855078864089129 0
0.5706176636495827 0.1865832163216425 0
1.012028178301085 0.3855816474954206 0
0.5750560870778482 0.3175929343628105 0
0.8425910248455298 0.3388290003868418 0
0.7661953430276621 0.2308520816192957 0
0.4259444118041493 0.08542889490496167 0
1.096582024805269 0.233103608790336 0
1.141138708537386 0.2224023125811734 0
0.7064928005601933 0.06552157503407476 0
0.7000243684891838 0.1251517308158388 0
0.9440501803684429 0.3688581061706109 0
0.5315347964096833 0.3183303640681698 0
0.4565185000792749 0.04357916352171265 0
0.7089491450212921 0.3709212744240314 0
0.8377185424280629 0.1401396383438807 0
0.7764323103540119 0.06305278726311996 0
0.9521678020251094 0.3746365567908039 0
0.5286032310889822 0.3481414358500921 0
1.007468413920736 0.2545191116562132 0
0.4838251386769734 0.2735516514555238 0
0.7699539592334228 0.1226908108275144 0
0.5009148975939904 0.1902476608588606 0
0.74731759949293 0.3345075455472521 0
0.7592163430336498 0.0611840774206292 0
0.6263476074234474 0.08196910956872699 0
0.8822650072035829 0.3778847513512562 0
0.5129226988068016 0.08476891051390667 0
0.4555301710446294 0.2103457803963804 0
0.6419878261435469 0.3442579223627479 0
0.7743199181998135 0.2366787672088954 0
0.8747811970218664 0.2766849143871773 0
0.8457835462648253 0.146047589732688 0
0.7446729937633708 0.1149147980604231 0
0.2046265905622962 0.05197486514165008 0
0.5094335351963322 0.3663301455896806 0
0.438423334298052 0.2941449584668195 0
0.09795530590639584 0.08074761709646093 0
0.3996718555697533 0.08762413365995407 0
0.4934823927466616 0.02660266751946745 0
0.8838864851890549 0.2725543704693824 0
0.5270795759978073 0.1878117424355068 0
0.5360068048298674 0.1839943749591552 0
0.4708431505024094 0.3173633433599123 0
0.6812171688214783 0.05775954900978453 0
0.9602293450775085 0.3804464288225582 0
0.4903821231510254 0.1325440152520281 0
0.8537894147970471 0.1520618899343795 0
0.6348410886252811 0.328487750264532 0
0.8507207572128119 0.3446491816360722 0
0.8738227355250411 0.0484811600893291 0
0.892017106634018 0.2783741370892289 0
0.5110613966317785 0.2611996971628223 0
0.4902594100646364 0.3845210007602224 0
0.8747412637136309 0.0383510313348321 0
0.5736521214796002 0.08631358708922136 0
0.8396627332700378 0.3686788064036446 0
0.447393143264436 0.04759456389145336 0
0.4403342533506122 0.1888642972345804 0
0.8497448901638984 0.3546000437004671 0
0.6874965339114001 0.3236158026363812 0
0.4312717077536367 0.03581801973534651 0
0.4522383882269155 0.08324456450416451 0
0.4787709115126334 0.237631524261474 0
0.412158124082848 0.211070418660835 0
0.6709895621515143 0.07172795899581021 0
0.5922723275466201 0.3192844517685504 0
0.9001470956475932 0.2841942229127626 0
0.6274232961904266 0.07203208372686479 0
0.7014735003007317 0.2697554747798134 0
0.08560282698083267 0.03006473186808953 0
0.4080399153199146 0.2511338619302375 0
0.7889113638977754 0.02954110377268076 0
0.7855796724121169 0.05901758582275037 0
0.7554460191316094 0.3403278015310938 0
0.6284089858014127 0.2173315431003398 0
0.4665435377633885 0.1864218410987099 0
0.9092547194848766 0.2800617857433218 0
0.3391471332819905 0.0861453973568987 0
0.4679034471839945 0.3471411775962751 0
0.388871038584332 0.2693560053671782 0
0.6193575040976375 0.06613174753060307 0
0.5445234757098866 0.03314992014142758 0
0.02711917344915998 0.348005001614921 0
0.8383143544547438 0.3781583762333678 0
0.4274002601280142 0.3180793450884289 0
0.7544710441334881 0.350276666806003 0
0.3240663181701693 0.06450493582208011 0
0.3855082631041152 0.3849505776481084 0
0.7096017877749196 0.2755733815567922 0
0.2303163088405087 0.3034788606703996 0
0.4244618120918554 0.3478284645400425 0
0.0323618249333328 0.04387719876659087 0
0.6892821571977077 0.06365733573840478 0
0.6204310283026907 0.05619446555375181 0
0.04366529493178611 0.02032308995434706 0
0.3524692073488256 0.04248934293221324 0
0.06458416898315755 0.2367846851800364 0
0.4125686592181813 0.1290989294731914 0
0.5521465743578406 0.1241653373184327 0
0.3971395707497781 0.1896736920260571 0
0.6720698498815412 0.06179641759301976 0
0.3408637479437053 0.2338884337449084 0
0.4742752178078429 0.1207617284858972 0
0.3778785977261095 0.2932086736768227 0
0.0405042163606884 0.3888668292135999 0
0.440406396568172 0.03173442788404032 0
0.5220561707507787 0.08073476071603584 0
0.7187011220098856 0.2714448512215183 0
0.6319070234759968 0.3583349564896158 0
0.3129395233961391 0.08834930416062316 0
0.4914495908647847 0.1226177954229417 0
0.6429652515602584 0.3343085281091929 0
0.4178961602455403 0.07955684276927491 0
0.7866577129839671 0.0490785220191052 0
0.3704965434046947 0.03436029540937963 0
0.3005299155606123 0.3753584338592713 0
0.7398539930580689 0.2333128676237456 0
0.432284807011336 0.2685140596040949 0
0.3658979611249591 0.3269503956659507 0
0.4053216154054003 0.3659766329241292 0
0.1382199380800627 0.1098034679680716 0
0.7877371695715846 0.03913634410610254 0
0.3675098654376786 0.06414717688765834 0
0.3653728803096844 0.08394585338945364 0
0.4101770339381787 0.2310645922197041 0
0.7957636373692736 0.2840114997101013 0
0.3518802098796925 0.2100688016377094 0
0.6618767658951163 0.2306778273829795 0
0.6183171709455678 0.2314303146336592 0
0.5612923947843449 0.1201363108362561 0
0.04634977633306328 0.3299149939109171 0
0.6032250270823084 0.05433795298753202 0
0.05559884104356032 0.07134748157341481 0
0.4698634381003509 0.3272864302059162 0
0.6699891428862108 0.2365393856802698 0
0.06148654252723011 0.266355049206298 0
0.3272466944099351 0.03478161000202741 0
0.5655887416446379 0.08041682962948396 0
0.2937616748840912 0.274143234905804 0
0.5305583142632879 0.3282658917660092 0
0.5541422386441236 0.02728607612304134 0
0.4880330394788998 0.3190588236210707 0
0.4409806553781996 0.1071035118752192 0
0.110892803531417 0.3764851411813683 0
0.5971443708786308 0.2695874059189863 0
0.8038926382745862 0.2898311460876669 0
0.7625985637102083 0.3560966280335029 0
0.9931593590677412 0.2229744110566675 0
0.6865197358392046 0.3335624741206648 0
0.6328870202406393 0.3483799096871466 0
0.9303927783974167 0.2419398429716075 0
0.5231276612101962 0.07080161956053783 0
0.2836274718801166 0.1201047869592785 0
0.6218455543807235 0.3723742099729694 0
0.06674891436281324 0.04744590317608238 0
0.3840081325650194 0.318776503726358 0
0.4753384033892996 0.1108316787275601 0
0.06151183394332689 0.3515052458687604 0
0.5831739363864601 0.3234093379262701 0
0.3520184279260607 0.1274996534417473 0
0.02600274886955107 0.08373895443995337 0
0.03508509488083247 0.09991541057271797 0
0.2115984062321044 0.06768156188208543 0
0.3367669836836802 0.1887088591558966 0
0.7268291668849221 0.2772626354290041 0
0.1034567520027613 0.03151476041368291 0
0.08186131376510915 0.06905650470316178 0
0.6984268647560199 0.05962199727443721 0
2.0293999384707 0.2192552275049056 0
0.6645266122595905 0.1313351412462126 0
0.4474989590377242 0.2900317384100752 0
0.4789448530503933 0.3231730605603372 0
0.5241993752633265 0.217082457230995 0
0.2949177803416274 0.2639867586247583 0
0.685544428303691 0.3435111588245294 0
0.331100093219428 0.08028103728398002 0
0.5693747052112509 0.126033080346305 0
0.3798286476683668 0.2734450778327492 0
0.7359318226311371 0.273134355579547 0
0.3088139152647064 0.2107516322690656 0
0.03510555340934568 0.2688480709625788 0
0.5150692018497476 0.06491714159842375 0
0.67264991235229 0.1371571870987557 0
0.4613677177059733 0.07921242403686156 0
0.7072288684307637 0.3904941433087262 0
0.6046076524293298 0.370690371952884 0
0.2035839824468912 0.06184889016110334 0
0.3639271109833493 0.3467434919637437 0
0.293764568993403 0.1894763441849014 0
0.3628347163828695 0.1862817777328737 0
0.1077155719684777 0.2361840554157023 0
0.7440610027633283 0.2789522539225687 0
0.4231807525203808 0.1872182246741165 0
0.6052673671172255 0.275400856965654 0
0.2854078478401573 0.1838411671108119 0
0.2091943497937528 0.3411611013289524 0
0.7616211071777969 0.3660460468231875 0
0.07959443576900048 0.2582108482419623 0
0.04640480271199194 0.2448641957511382 0
0.8139739965733475 0.2757483792836585 0
0.6228068888246215 0.3624542043070914 0
0.6845689661210272 0.353459901968938 0
0.2838623196375398 0.3736397550373764 0
0.07877757488453052 0.09875778798980191 0
0.7697453043572408 0.371875235547795 0
0.3267123661017289 0.37304110094821 0
0.2769994942240441 0.271984270079028 0
0.2828431358841818 0.213110560799562 0
0.3009712070906402 0.0370050294343378 0
0.3668813544627422 0.3170681295321689 0
0.5357363108084541 0.3639126787394336 0
0.07362533071417786 0.2326928958831873 0
0.7521880903300013 0.2847711453652821 0
0.2476964527680887 0.3794499783585344 0
0.2040749634880492 0.305822904537579 0
0.6143617010481086 0.2712766016992492 0
0.03173717225382446 0.3086630640547726 0
0.566665057475969 0.07048510152253469 0
0.4242688068542471 0.177593455263556 0
0.7688061209361772 0.3817096897940631 0
0.1172239453051999 0.1473323158100944 0
0.0314987623950112 0.1389773042606973 0
0.2164652120199214 0.1030387485515801 0
0.6835931604701689 0.3634035504909972 0
0.2563520784521985 0.3010872193729077 0
0.6995043099471139 0.04968186715567798 0
0.1774492192458751 0.06408874559545584 0
0.4636222631251493 0.2161395096181336 0
0.3197377155372231 0.1870530903498593 0
0.2537249002423452 0.07711087920166022 0
0.4332600469863476 0.2586128362558905 0
0.2221458400505402 0.2977054904618333 0
0.1750414429866289 0.3377105272681279 0
0.7005816578402314 0.03974211875851306 0
0.1513225421983731 0.06635098223973494 0
0.4484608128119388 0.03767420162688011 0
0.3059023655477467 0.2401775825139481 0
0.5386738737051855 0.3340826074696814 0
0.179993006716661 0.3729851586067209 0
0.1914782043853364 0.09543691316684948 0
0.7016637416231309 0.02980211204656706 0
0.3216176276342381 0.1674804539112147 0
0.7612980710765119 0.2806368552044211 0
0.4694196576412547 0.08510004364244461 0
0.02711039784539962 0.178310628737501 0
0.7108094768644218 0.02577023541245134 0
0.240099952752123 0.03469899917534907 0
0.1282152007611969 0.1236573517655142 0
0.526638555111189 0.36802865334196 0
0.1618325122213767 0.3807364669930296 0
0.02450281531048568 0.03808319953461136 0
0.07673918063497914 0.1185212967623259 0
0.2916086315680355 0.1259287276037563 0
0.4750174649895647 0.3629104602526884 0
0.1895215150177581 0.03003206216070342 0
0.1620037674434088 0.2966031435293454 0
0.6917183738665768 0.3692199942177272 0
0.2588187353625464 0.2803724737962622 0
0.2787838571012111 0.08474757928386117 0
0.4315618292283223 0.363591989610463 0
0.06051123204019666 0.361438497388433 0
0.106071705191895 0.17108207762984 0
0.2590210510506851 0.02861648531135176 0
0.6998813634859589 0.3749835096452293 0
0.1735378218435458 0.01966312851137333 0
0.03724636767019056 0.3339998695527671 0
0.5821953973504586 0.3333503332759962 0
0.4264223882937301 0.3279932936360856 0
0.4929016630949785 0.2694325441303324 0
0.5758036343637349 0.06644805446998316 0
0.3281256565114357 0.02479233144601609 0
0.3535285746463522 0.03257417262323688 0
0.3622228761700973 0.02862227297141922 0
0.05867080617661118 0.04159089207183343 0
0.2001599776963917 0.3452310565528792 0
0.3348510789836807 0.378833220117597 0
0.4726871455704259 0.2120357307268011 0
0.5376962328684587 0.3440208459235291 0
0.6224843920788988 0.2770905256232765 0
0.5768831094663225 0.05651466001437014 0
0.6852758126414232 0.1687440531350954 0
0.4224737330076254 0.3676825567285438 0
0.5812192808829991 0.3432938549827418 0
0.6315830523812689 0.2729659634826366 0
0.5860225042497724 0.05248012052229412 0
0.04751842235419161 0.06550178782432907 0
0.4898321365849584 0.05718632988266601 0
0.4648846894711823 0.3769205724134637 0
0.07657183061255164 0.2878558690094709 0
0.2648930024115416 0.05335593896957242 0
0.808778137581857 0.2400586775334745 0
0.7079771238617053 0.3808640501875052 0
0.8078010522951619 0.2500110761263628 0
0.2206474769879865 0.06365930286555839 0
0.5951643305996175 0.04844231760434337 0
0.8689064815514657 0.1649381934605291 0
0.4888669882229527 0.22361376091475 0
0.6397094560245278 0.2787808769758929 0
0.3611122050113652 0.1234811375347466 0
1.741351682530156 0.1689561428587159 0
0.4785477182918725 0.08106828505569087 0
0.4807757680553493 0.2178339110103264 0
0.06969180880697359 0.1028345090235703 0
0.5010132440691227 0.2752408050826068 0
0.3749448363866121 0.3228645473089118 0
0.3878944525856497 0.2792355575842023 0
0.1659759942776524 0.3417794329907627 0
0.5802433330785033 0.353238237257443 0
0.517542497115522 0.3721472675055088 0
0.8068233958878552 0.2599615637344586 0
0.2175036468830097 0.09319219450282923 0
0.5367173372773291 0.3539662626910271 0
0.6478318673378816 0.2845977060904681 0
0.3744785124598608 0.07992254151251191 0
0.7688428499908552 0.3924031030094258 0
0.3020221956342983 0.0270964788899107 0
0.02777303228253643 0.3378650647371123 0
0.5785043541757031 0.1220067935468988 0
0.1704176608398062 0.04838230816661165 0
0.07768748788641501 0.3631542982763554 0
0.3599245319032546 0.2158354699247051 0
0.05970226699317641 0.03167117369723424 0
0.06763530869808142 0.1226395672390878 0
0.5792689446446116 0.3631806319128097 0
0.5100940726054036 0.2711227025248242 0
0.4345175338659977 0.3338039597825393 0
0.4978848341616789 0.06307175700311256 0
0.3709805292188822 0.3625195974339524 0
0.4575961862402833 0.03364029421514129 0
0.1070425834362141 0.07668408209957363 0
0.07562088596910624 0.2978676090302078 0
0.103718282516914 0.2756483888407127 0
0.3702104259988681 0.1194744657627498 0
0.6569452683902626 0.2804609666559518 0
0.3825206190445327 0.08579364222847427 0
0.5865709985709902 0.1279113244579816 0
0.1529605360781967 0.300641042412598 0
1.96980311381546 0.3790007228524288 0
0.4796195252211071 0.07114770482945028 0
0.1489604447952093 0.3400350860268578 0
0.4107706173310058 0.3928612033262997 0
0.3287310558850874 0.1829693065703175 0
0.5102548662380014 0.02926453680618804 0
0.1091536268531672 0.1415956201961454 0
0.07665996316168311 0.3730950320917319 0
0.2818957753245409 0.2228847867339406 0
0.2495947966686827 0.1164633040965917 0
0.1634319342925648 0.1172572835733702 0
0.4806963093460923 0.06122290795824258 0
0.5873921748606097 0.3689989379825002 0
0.3869247320293255 0.2891185263419013 0
0.6043015795563973 0.04440615480858658 0
0.1614025741100395 0.05245123463364524 0
0.1784719090501189 0.05421838925352312 0
0.6053803062244835 0.03446632104707951 0
0.0926616784614713 0.2994444945472293 0
0.03725653452154427 0.07951576142326024 0
0.6064570040936281 0.02452708983299657 0
0.1080963248858053 0.06677763813449158 0
0.3619057754900439 0.3665993216347059 0
0.4779619323236148 0.3330983896898293 0
0.5955192842164014 0.3748187417891737 0
0.2457137795302826 0.07127744853743023 0
0.4335372370781424 0.3437228003665228 0
0.3689481084143188 0.2117624027172948 0
0.07858625151696441 0.2680720672385522 0
0.3770043108088487 0.2175397918255441 0
0.3078459235579106 0.2205701359496611 0
0.5182064578076855 0.2769307368249316 0
0.07472720326512425 0.1382485083161092 0
0.4769833827283958 0.343030612980589 0
0.3771524120952459 0.135201771386452 0
0.1007099569848328 0.3052530840300734 0
0.2265391135371138 0.08918053089896548 0
0.5272906880984117 0.2728134313074028 0
0.3017620704162501 0.1120752394253822 0
0.3760273751550124 0.2273942677056412 0
2.009798078486206 0.02177180612139363 0
0.5165108373595635 0.3818343175381896 0
0.5070148878389193 0.05903965561365538 0
0.3448000237516783 0.3648477679454808 0
0.374965165455852 0.2372765209398226 0
0.1579538975631307 0.3359799362187741 0
0.3158551219499446 0.2263329312484797 0
0.1251863261242304 0.06860152797048179 0
0.4325535870631495 0.3536574634104028 0
0.3862741192469912 0.13121060889602 0
0.1291962256942508 0.1138422501316846 0
0.2926830522173274 0.1160923363381692 0
0.4760025523145774 0.3529715370041626 0
0.09979128772770021 0.3153262704957724 0
0.410919198570424 0.06377587252811288 0
0.06558094267168675 0.1424258909913722 0
0.5354098762011545 0.2786177068937554 0
0.212635832486136 0.05781501805795333 0
0.3950028316657741 0.2949163666901047 0
0.7119684463052011 0.01593513881207543 0
0.4659245098412071 0.3670185680087914 0
0.5516516012537842 0.2902411378281473 0
0.4490700538826049 0.1130132416026071 0
0.2467508298035336 0.06141407950582861 0
0.3916397286643422 0.08177410458076464 0
0.543532162481091 0.284427663517826 0
0.8296533290964005 0.3922819942209555 0
0.1459815815846251 0.2850557932208659 0
0.4133977144842523 0.3717788135925182 0
0.6036236900530487 0.3806175698323889 0
0.3236130151000614 0.3177201184338156 0
0.4049883594087237 0.03803488983974077 0
0.2082142634564696 0.3510261849649677 0
0.6026529834126602 0.3905806900591009 0
0.5080980421714835 0.04911881076918024 0
0.5172234959270453 0.04507147381265548 0
0.5182921138523506 0.03513795635826474 0
0.4040691036761775 0.2907987012973886 0
0.3981751550103659 0.02270950941197398 0
0.3295617605065176 0.173343571304171 0
0.3145757775271792 0.3217988403858555 0
0.4557955972966403 0.3810629289897969 0
0.4028833080222328 0.05790984673326016 0
0.3188413127512896 0.1139033875793448 0
0.4007507448700336 0.07774000874022527 0
0.06953702070224667 0.2721458555284398 0
0.07270072401423758 0.1579733710598283 0
0.1273125041269697 0.04876454331392945 0
2.172558629991779 0.1194389699452499 0
0.9198710499458428 0.01771272968879782 0
0.4098572601790864 0.07369626544775308 0
0.3097488553177991 0.1179122153427492 0
0.314886018334092 0.2361354842247103 0
0.2558257088210664 0.05738424247986226 0
0.313543113042902 0.3317277619887665 0
0.6654991086430492 0.4016185438240256 0
0.1369174226221444 0.2890625178910792 0
0.1130714027135587 0.1022339854616522 0
0.01857444458952626 0.0115545695317281 0
0.2136757361672685 0.04793509916120193 0
0.2161833491891174 0.3568153781385064 0
0.06853079700325088 0.2820596802908444 0
0.3739537431076829 0.3327523562751142 0
0.4140764367943586 0.276805067005665 0
1.736027544674751 0.1902398036153824 0
0.06352650331046476 0.1622021686052873 0
0.2958286035922685 0.08657564573260813 0
0.3005244045390609 0.2902783983408038 0
0.4122679682641025 0.3818455872250288 0
0.3969813111871051 0.03226003736304599 0
2.191035107796812 0.1950996886398675 0
0.393270972542062 0.1468474665088219 0
0.2964528379853971 0.3300016560889444 0
0.28781063252621 0.08072651155023707 0
0.6769598790157046 0.1769837098065078 0
0.4231711022987694 0.2726818288648879 0
0.3729727103301826 0.3426588582508527 0
0.222683994777202 0.0439701854930469 0
0.8299823598757997 0.01712086834983677 0
1.102050311701553 0.1085139505578032 0
0.5929496148292727 0.2239704513894088 0
1.736975332844636 0.180135935968978 0
0.4039340023919653 0.04798212828552607 0
0.07069397624351723 0.177671281910044 0
0.1523823831379643 0.05648737094575706 0
0.1168418153284927 0.3168641422957137 0
0.2233638935759643 0.0344314478886415 0
0.2898319920458389 0.06089892680087552 0
0.1268708342794043 0.2181576145341232 0
0.129942890501593 0.2734595595066686 0
0.3719832049940293 0.3525914864383941 0
0.8859303123535998 0.1669033087801561 0
0.6780852422926174 0.2423521980557667 0
0.225134812845763 0.4019421222660045 0
0.05499999999989445 0.008568048098521675 0
0.3227849900890402 0.2419078358304221 0
0.5676360317575407 0.2164367667365411 0
0.1248845338250297 0.3226755115123357 0
0.5575753543924745 0.2304671693297476 0
1.138846062803329 0.0171831978912878 0
0.2793827039253168 0.3282787657467981 0
0.556582622006671 0.2404156493466181 0
1.604999999998383 0.008562862238964719 0
0.06147633037428181 0.1819664925955338 0
0.1262321653192241 0.05869395149858288 0
0.1240137784161649 0.3327331112703346 0
0.1211509446829734 0.1080410477269448 0
0.2703498006705065 0.3323515690998248 0
1.998724289341961 0.03415766860302829 0
0.1229141564911995 0.2577942816637356 0
1.772212960418227 0.1830190589966253 0
0.4549163686254906 0.3904939259607112 0
0.2692487347728564 0.3422758573160796 0
0.1409834947207018 0.3342869349211077 0
0.9445547043759412 0.1880141475030319 0
0.2728364913155346 0.05916955871923532 0
0.06865827329736718 0.1974158781772369 0
1.124780317834067 0.4011093549401326 0
1.110245068073467 0.1142827065784276 0
0.2888161298568936 0.07082058209600935 0
0.1000766260837063 0.1456898758706164 0
0.5231919205953003 0.2269790234587517 0
0.05942141389199855 0.2017408359458147 0
0.9362224715935867 0.1155066954463385 0
0.8948424587581243 0.1630216104587097 0
2.058384198617413 0.2072991092520996 0
0.3438284936418124 0.3746833628397345 0
0.2054921648078004 0.1265214543209347 0
0.406057502164347 0.008734030030426712 0
0.2522071163898363 0.3405208428537074 0
1.244239527093141 0.009574729568493283 0
0.4618250591034346 0.1534688790904266 0
0.4878203826704106 0.2335657734320214 0
0.5729310069317219 0.1700963360781923 0
0.06668055746812042 0.2171013376939163 0
1.228638219673309 0.3913886345195507 0
1.350002787622348 0.01638703913447138 0
1.224362924060149 0.02629191156160386 0
0.2351954620835012 0.3387809316785358 0
0.065644767930527 0.2269865092638001 0
0.928164388000432 0.1095594151696938 0
0.2754774180927961 0.02763495385953009 0
0.6478743070541366 0.04426424579510269 0
0.1779381561368253 0.3835536434887629 0
1.116093277558054 0.1298020155681112 0
0.1381568530385861 0.3642866119051073 0
0.9098663259688778 0.1175627133288413 0
1.499758590455624 0.01625606443946494 0
0.4202189978918749 0.2170058704491794 0
0.8972319733289587 0.1516507102256653 0
0.2330539730804343 0.3586804474642835 0
2.064280962362194 0.2227585609349974 0
1.776048940830231 0.1617896091952603 0
0.4777645256558476 0.2476811416421757 0
0.1452734065679403 0.3792659509872825 0
0.01577563850824926 0.04176058369439722 0
1.935010199698729 0.008056843719479538 0
0.2957181851045533 0.1699612210406344 0
0.1534425413466561 0.04662291718179474 0
0.9075972267207207 0.1374387673753405 0
1.514922144690205 0.3841958410286931 0
0.4686702160375352 0.1697025573267223 0
0.1544693704608685 0.03673364014422633 0
0.2738782826166462 0.04926930359367745 0
0.4192010977183245 0.2269701113367749 0
0.08482142334724307 0.3788260588990419 0
1.755133784123191 0.4020491628949067 0
1.12321874577308 0.1455020596991274 0
0.1464961447077028 0.03090480222350436 0
1.739274639267103 0.01724273751457656 0
1.004900077350542 0.00830653952040424 0
1.332310404360101 0.3923383250808636 0
1.136413074713678 0.1870136915621611 0
0.2748138724081527 0.0390866246173095 0
1.790679175687114 0.1661724279445226 0
0.2240600150807339 0.362739949184715 0
1.050241844937613 0.01707603046229308 0
2.191569493143809 0.3349684093654187 0
0.1478267952375977 0.02166334658891743 0
2.182074357957272 0.1999112454457543 0
0.2229782944627753 0.3726552428944671 0
0.2340781441298154 0.3486575948270033 0
1.39848198562311 0.03467948845326582 0
0.4748132668786986 0.03572776893876684 0
0.1108334717037459 0.2066280944812709 0
0.3650000000010083 0.4016327312311944 0
0.8587176839999653 0.02799488326061001 0
0.3661838603019724 0.1586771613820296 0
1.080714248674523 0.3920045141904853 0
1.796187900700699 0.4017170057510744 0
1.133658478180313 0.1418146274322137 0
0.3433135179889494 0.3845644226107263 0
0.0260395453724379 0.1048112522370936 0
1.808458940287649 0.1668606409789467 0
0.3647563586236208 0.16800732165982 0
0.09474409965244314 0.02511491379695555 0
0.9191372324632274 0.1134761567495463 0
0.0938302176631097 0.3745285334709498 0
0.6853296492391006 0.008643725262875851 0
0.1886136088068299 0.1343928697025562 0
1.138929200214559 0.1572388462660709 0
0.2797872794196394 0.01728502094786258 0
0.1399963830275942 0.3930685509205931 0
2.068659788905175 0.2583351296087167 0
1.959432751391414 0.3939840380627491 0
2.191530929384041 0.02481525897903007 0
1.464772809322247 0.400808242246901 0
0.1400289045769532 0.3442023257906677 0
0.02612185144440958 0.2738074633117815 0
0.5155017645526114 0.3913159985099338 0
0.2139908373923567 0.3765869393347317 0
2.105000000000026 0.4017305735735268 0
0.9496291896042406 0.01703980910026468 0
0.9478038073226464 0.167007576079376 0
1.817734526164121 0.1628608100905027 0
0.94590948511538 0.1777381169373582 0
2.086359454358604 0.2603087928388405 0
0.1390680092156675 0.3542043268694667 0
0.05654890478838089 0.2311570572286004 0
0.7542137776128728 0.02522730771135797 0
0.1102304363076024 0.3928462286065651 0
0.9567164399409613 0.1633194877951036 0
0.04755143370286573 0.2352947236343274 0
0.1461031129234762 0.369780302886749 0
2.004115908702991 0.4013884468019117 0
1.3598528797158 0.01660419061795334 0
0.3739077410432899 0.2474043471023786 0
0.6806778254987119 0.3933608386639112 0
0.03820235681207854 0.2391685496847861 0
0.8347393243407644 0.02504261598526035 0
1.145755468618242 0.1832163838008397 0
0.2006481207749511 0.01709600643888207 0
0.03089209607240389 0.233237646954651 0
2.093774856839674 0.276161478150737 0
1.835012120892758 0.1644877396671574 0
0.9732626024080654 0.1656929640950565 0
0.1101088144969206 0.01741765891022149 0
0.3306895220301135 0.2480066700114133 0
0.3206424984542889 0.2616151459206372 0
0.2056626857390528 0.2574942155575644 0
0.3912100487365771 0.016546880995376 0
0.9547141878472589 0.008540268399355082 0
1.655153243122558 0.008298905077095667 0
0.01728808478953808 0.1912298699276771 0
0.3451522415886602 0.2800029408429531 0
1.005556308211908 0.1890658639252253 0
0.343903279334382 0.2896014988453475 0
0.2617023110240386 0.1577747432575389 0
0.9739360667452952 0.4021615621573898 0
1.844448252237569 0.1602792310297556 0
0.9824051423910307 0.1616877208037123 0
2.100634088430879 0.2917465658001079 0
0.01723915742878626 0.3611985033787533 0
1.867489479698761 0.1879302639318965 0
0.1533888134682574 0.1307257353655416 0
1.68521285213809 0.009700452831629061 0
1.120267368221128 0.02536076437117856 0
0.466181659799273 0.03038472828738519 0
0.2768908213099551 0.1779932758349303 0
0.01521877462232746 0.4006509378770141 0
0.008260230969781408 0.02527043276913892 0
1.014685268336636 0.1850420891615323 0
0.2575088945208182 0.2903979740861481 0
0.4888660456954528 0.3943671500705451 0
0.05436564005123885 0.4019851306686317 0
2.110306615731373 0.288070186326699 0
1.876731193669953 0.1836618471472528 0
2.014999999999393 0.008055821793263493 0
0.2531011556733746 0.2546519803181079 0
1.349005123392375 0.3933685161210267 0
0.8888629431125807 0.3921713312860521 0
2.183023420097388 0.1802436741736404 0
0.7244358914279073 0.4014611518528928 0
1.184270023806324 0.157194486208126 0
2.173212663898324 0.2701032681849119 0
0.2860889811174063 0.1744352384370242 0
2.19187397971108 0.01515821473490575 0
1.183547145169602 0.4022276738351806 0
0.2475323707796466 0.3054440920165224 0
2.183171929005861 0.1090053877693334 0
0.8795147223875295 0.01703209656905366 0
0.1319493760011726 0.1690089726198974 0
0.8636984201819787 0.3859408376639701 0
0.1483201743999978 0.257032688617603 0
1.878877878774657 0.172978974862023 0
1.270359911203698 0.01687194603439033 0
1.129341376895511 0.02172504495320943 0
0.6571470796214439 0.04054767473967751 0
0.9716080375478491 0.03425502968770306 0
0.6401400776351371 0.01624111224302717 0
1.160710270965244 0.3744545189923052 0
0.9165825238664836 0.1333636672041809 0
1.017594606085358 0.1647553004971815 0
0.3287199185239544 0.2677172550975932 0
0.3893793773728106 0.184060764828186 0
1.643915695404132 0.4022658981567573 0
0.3368765135919184 0.2737256140150899 0
0.1948612594107811 0.3844905140496777 0
1.169123348952771 0.3806123040903626 0
1.911212306375179 0.01681723553779568 0
0.3028246779018641 0.01764096228099642 0
0.2962278888917699 0.160591988232815 0
1.141427501613454 0.3928034482487021 0
0.9320116118323829 0.3929179521109333 0
1.034330327900151 0.1667185660115208 0
2.137114138671084 0.2858571440151805 0
1.558445912578433 0.3936042537136649 0
0.0312060409175242 0.3935927429386011 0
0.3900350470586338 0.1748866513588337 0
1.959999999999257 0.01657605539838275 0
1.88930529298113 0.158524158231222 0
1.766293613462603 0.02496734044264895 0
2.019063893187261 0.393596094403352 0
1.87055995447165 0.01686463677107815 0
0.305218715543901 0.1565502009021772 0
1.150780727248811 0.3882052444666931 0
1.051298045336772 0.1683429896039947 0
0.991553898467415 0.0162477213997854 0
2.142441515396714 0.3109606530521383 0
2.183340955870354 0.329690384145816 0
1.096530558630299 0.007762333584113331 0
1.905382040539947 0.1613191644590269 0
0.1638835548917989 0.2683420339692001 0
0.2392994897227662 0.3931167685713922 0
0.3520790350505672 0.3901718965671725 0
0.5207930584162309 0.01581096262153741 0
0.1268983684964385 0.2083634950654335 0
0.1306285878009568 0.1794922208137937 0
0.9058926544776378 0.1481415752208258 0
1.229693251566231 0.1369384435512879 0
0.3240160755816333 0.4016999329693316 0
1.392794036072866 0.3928325600159678 0
2.065132923433607 0.00815943857032855 0
1.052787777567749 0.1584436228301923 0
1.85373455721407 0.4012740734904868 0
2.152430603502028 0.3073825863448599 0
2.078480214794415 0.2545837354593316 0
0.03367212278309365 0.1195551212354217 0
1.470031729357676 0.03387164331434254 0
0.1757100861704685 0.1401537585992368 0
1.185166234126387 0.008010049020929071 0
1.922346155637725 0.1629408155342437 0
0.2635874465372396 0.2404570730970156 0
0.07401989773163396 0.4017443483415766 0
0.576823610787404 0.3924893130366008 0
0.1542071735173312 0.007814881710629116 0
1.155000000002739 0.402238757896054 0
1.380584000630306 0.03394665525055608 0
2.159965159431441 0.3131161410158762 0
0.1017504360359336 0.3798165020024472 0
0.3141591482298944 0.1525992073478007 0
1.164724131187236 0.02468015371102353 0
1.247249506418809 0.1386757822923865 0
1.016156059673351 0.1748400750965439 0
2.111910004962581 0.03214526887172472 0
1.924494888080459 0.1523854973279911 0
1.57174309990319 0.03458182547957687 0
1.06171415629867 0.1543783444705202 0
2.190968396242999 0.04463237749896187 0
0.260389955204662 0.1723794804839459 0
1.707953041593322 0.3926495414895681 0
0.2469987682130353 0.1547119457826841 0
0.01742441882557493 0.3410501795634069 0
0.3222102600029399 0.1583465289956539 0
2.143723497469581 0.3854130250746068 0
0.4251639420796918 0.1682798393901641 0
0.1627260928920407 0.2534973980145305 0
1.933301635063172 0.1487232368573004 0
1.062761869665521 0.1444023599557378 0
0.2255593970084325 0.02541954003900433 0
0.9492573944750295 0.3935714826110948 0
1.24931806740586 0.1836308565845126 0
0.3300870617680666 0.164131394783316 0
0.8001743803333692 0.01649461776178999 0
0.564550208766881 0.02543850149202257 0
1.06385108564278 0.1344441525353924 0
2.08282778854911 0.3841934449516068 0
0.0335860906037185 0.2893543925260808 0
1.531278337518858 0.01507329477237532 0
0.02575120949252291 0.1978873623189681 0
1.257376193005557 0.1894132739993932 0
0.435322792395482 0.1544683888141496 0
1.809718253896032 0.3935522004807018 0
0.02542076512476876 0.3673413068827593 0
1.15378715330518 0.1887903518099636 0
1.066497988337997 0.113894441895889 0
0.9051866792885848 0.007734589042362084 0
0.2661116621954328 0.1807870986951633 0
1.124999999997108 0.007558041139951009 0
1.065046095777136 0.1243241387598412 0
0.501857176219409 0.1812311248300007 0
0.6692543723613742 0.01660834017683155 0
0.7395706464203873 0.3937988699004857 0
0.01702304445609727 0.03210614658692458 0
1.944912960879334 0.1247590891749777 0
2.183806228831936 0.3199484259537337 0
2.118032403740755 0.293586615563211 0
0.5305155126475418 0.3931517803446508 0
1.075518323738322 0.1100007402159513 0
0.3392865372793465 0.1600627327067206 0
1.162837717520244 0.1847545567357378 0
1.295340797313977 0.02515384569125826 0
2.026318444805614 0.1738169626274399 0
2.183615677479925 0.1702923140875285 0
1.036400848601544 0.4021941504479853 0
1.099309266064187 0.3937382680727921 0
0.8497672278241268 0.1833583978980737 0
0.2920683156143039 0.3785880049965494 0
1.961388409096674 0.1267632937547826 0
1.701759204374298 0.04349938076573087 0
2.038714285933606 0.2156988096802869 0
0.8007393935169284 0.1583557149712652 0
0.1922726553482121 0.2657613787818786 0
1.092189112346972 0.1123544224216977 0
0.7848787890005603 0.3918779853353189 0
0.3488196935325804 0.1561479156769682 0
1.619371061139413 0.3928441834510834 0
2.184699373237061 0.2600586889250205 0
2.127464849697737 0.289616781631426 0
0.1529760030028177 0.3845296722558436 0
1.164267860455716 0.1749669185169027 0
1.809557530709266 0.03378871326130208 0
1.712967514799189 0.02919075562758093 0
2.184854311182531 0.0998089566916549 0
0.2547218054078958 0.3852524910486207 0
1.981314933432726 0.03401743206546297 0
0.3581887966729035 0.1524277801538936 0
0.6258675988132203 0.008141050821798267 0
1.419189755192263 0.01668510982034161 0
0.8510356236528228 0.1729151169890247 0
1.296224430874856 0.1639446791754288 0
2.048226936627513 0.211441306862029 0
1.790885097191825 0.03440029106803852 0
0.546661598833438 0.1702485182595107 0
0.1410298170826735 0.01603833100258974 0
0.02606566027074378 0.007457812523357951 0
1.173082654660724 0.170820811669424 0
1.896066805970723 0.02453306478546456 0
0.6077712840220826 0.1805180897795718 0
1.768178498947035 0.3933120904527613 0
0.7455289845226625 0.182600353256837 0
1.721504754993526 0.01590404337258219 0
0.02114587398301171 0.2484721586997003 0
1.40986878872421 0.3936660013137271 0
0.3632142376258795 0.1774033391096587 0
2.167574004601345 0.3186562179399618 0
0.3289692198858063 0.01630885195146356 0
1.28500000000243 0.402628245049568 0
0.1621311072730425 0.1358964834597761 0
2.002359231224321 0.1458637453057594 0
0.2442996821622765 0.02520235991125363 0
0.6376669589759841 0.3929838119284533 0
1.174293804880342 0.1613507252973312 0
0.7992979166931944 0.1683770361490009 0
0.6420614926611226 0.1718615486707723 0
0.7467565168432149 0.1722327122895075 0
1.191562092695475 0.1625080535553749 0
2.090041873196122 0.01607714388748517 0
2.004355034656714 0.1360513848482883 0
0.3712658184694357 0.1832030162330817 0
1.674140138465312 0.008188298338744909 0
1.322622391111776 0.1615800104639653 0
0.6443106403677247 0.1640305524815525 0
0.4339570015060287 0.007270688236169299 0
0.02523364079857869 0.1239577573087384 0
1.200386000978508 0.1584760794272134 0
1.290311751628013 0.3929558810408616 0
1.53486225707201 0.3853429139642131 0
2.021003908720944 0.1383561743354127 0
0.3793003285796603 0.1889254913755203 0
1.314129113375846 0.02519208026521612 0
0.3701832037235654 0.01575078355885707 0
0.2251224037725831 0.2596707954218458 0
2.192064677151254 0.2837443823481011 0
1.579444711913963 0.3746022935678377 0
0.344667807327568 0.4029547064467203 0
1.340951539893878 0.1634008010311784 0
0.3913037031277636 0.1656728135645539 0
0.0952390825187545 0.4024380766469281 0
1.201745522244857 0.149002931088028 0
1.829932593858652 0.3943045087649908 0
1.276348046910408 0.1811742465962281 0
1.281937946651224 0.3861680043664854 0
0.5505087666087322 0.394296869403043 0
1.078380848234485 0.01674811568140784 0
2.138257876967325 0.04104658690644728 0
1.871679086064325 0.3930336490500352 0
1.304772642802355 0.4024250711422387 0
1.348435844485283 0.1690335167767584 0
1.210603763318725 0.1449319641592935 0
1.26716858217448 0.1854366532289094 0
1.692653642462249 0.03691013233561031 0
0.8223361100166821 0.03417986355722222 0
1.205000000002631 0.402897241750681 0
1.215264011647218 0.04117274074211983 0
0.4009540886916685 0.1616643898193748 0
1.219901853984807 0.1408880448263376 0
2.140567183091572 0.01634864019376648 0
0.01674050088247389 0.211402690848054 0
2.039852586343569 0.3944150358131938 0
0.01599485090452993 0.380742833598025 0
1.23728339767781 0.1423110588376696 0
0.007350565919275518 0.04547746050496635 0
0.5502318447714343 0.01693088204922396 0
1.010381761563263 0.3940514227687178 0
1.852785560037441 0.02548162735415056 0
0.6985885368406237 0.3936437150072677 0
1.887519531750317 0.1693894455153661 0
1.196677442597928 0.02822313783942896 0
0.02505297879524888 0.2942411876319149 0
0.2986507423947781 0.3933627344068275 0
1.568733381050766 0.3796641742235831 0
0.4087946730544583 0.167305973562513 0
1.375492333312822 0.1570924039277125 0
1.277452017386979 0.1718705300759958 0
1.941749473930879 0.1448342261285112 0
0.2164282866195791 0.254156803762669 0
2.19156926225171 0.1333851853768592 0
0.05101616688182642 0.01614989517709974 0
1.286861968503542 0.1676861466416417 0
2.184557034584181 0.1598188629651109 0
1.033162595178183 0.01700203845129907 0
1.416626062759512 0.1840466624679294 0
1.303895840104381 0.1691546742383412 0
1.364776834693815 0.1700310636733243 0
1.39343817316453 0.1589383888022154 0
1.943235175737528 0.1347739799010897 0
1.219044580898233 0.3945089774104744 0
1.63542943014331 0.01628265245042059 0
0.4163059470842624 0.1723854029532952 0
0.3550014928662827 0.02419549824407034 0
0.7399998555812984 0.01555630606919105 0
0.8002963360982542 0.3938552367862392 0
0.5950000000015669 0.4031100865152776 0
1.680550974177192 0.3939333088996892 0
0.2144141866223839 0.3852680603691498 0
0.5830814779246061 0.007637490354514256 0
0.426351500476812 0.1589492782739535 0
0.04500000000017246 0.4031397496065202 0
0.4268709319185378 0.4023819758689477 0
1.313241125400923 0.1652577578049281 0
2.174688217424698 0.08875947536891095 0
1.397602418656663 0.1835895360959283 0
1.369147123892741 0.3936422114535049 0
1.774188554779037 0.1729090845673688 0
0.8439831922734389 0.02485219864438544 0
0.7133164907229044 0.007315926639927129 0
1.330446945381333 0.16702458991404 0
1.595360678100056 0.3858593998958323 0
0.4368394868078245 0.1454161287384979 0
0.02483449801934994 0.1336635209817058 0
0.4466528457686109 0.1414456654415123 0
0.7597348577421869 0.3945705931812274 0
1.055000000002768 0.4032081349918775 0
1.53043847083876 0.1804888508539473 0
1.403843727939047 0.1896128785042692 0
0.2662881291573323 0.02524471338612063 0
1.677568018154082 0.178298515283106 0
0.1083554621494231 0.3841961090991636 0
1.633984004008006 0.1792347347714473 0
1.573957555871452 0.1796952224136799 0
0.4604718901109738 0.0157660504570788 0
1.66417596549956 0.402799791069951 0
1.355779410318751 0.1741063375460431 0
0.08020964617973082 0.01586025816853179 0
0.4540329300941929 0.1474600741532702 0
2.11799816471636 0.01701983840906441 0
1.890000000000453 0.3946209530318978 0
0.9815033708324463 0.03006189358155951 0
0.6083565319678107 0.0163136291232297 0
2.055099605075538 0.3858912316985693 0
0.5029828586356627 0.02513174400334305 0
2.16829051375016 0.01818833082291217 0
1.145245203748687 0.02431524296111675 0
1.635900599131836 0.1710449332964432 0
0.4605014693409289 0.1628193006817925 0
2.174776420866535 0.4033326427965168 0
0.1813266689925833 0.01618310119772507 0
1.430000000001939 0.394653841582463 0
0.610000000001621 0.3946569012408668 0
1.243801159502387 0.4028223862294412 0
1.265000000002443 0.403333200975326 0
0.9946630674850868 0.4031004936540305 0
1.337225064526354 0.0250721253066535 0
0.2348426724725844 0.2552947187188766 0
1.456744501351751 0.02497357603722293 0
1.475000000001786 0.4033562040769825 0
2.192894033475246 0.2439978627017179 0
0.4668069313980941 0.178113080815972 0
1.366344062884183 0.1609987657468409 0
0.2749153958665306 0.3863134691751278 0
1.97619612659384 0.402999053196147 0
2.182397165610145 0.2773169696266189 0
0.3600536209672359 0.394560855623583 0
1.509864609404042 0.3773139823404603 0
1.724991489507407 0.4032714618944548 0
1.453427036240021 0.1602471773024107 0
1.939720001841502 0.01494478029438911 0
1.383211855730553 0.1623855227545885 0
1.250841019317281 0.01584201034571096 0
1.834999999998973 0.02388729826055774 0
0.5968160081188009 0.007611781260717989 0
0.4015961648262154 0.3939049574245897 0
0.149757742990989 0.1569761464717581 0
0.4743881315108638 0.1840115584064795 0
1.918270295795526 0.3937711871595934 0
0.134990552091491 0.2025826494152174 0
1.228438548267732 0.01631827530200036 0
1.059705960630377 0.01522367211598981 0
0.01515220285404655 0.3904507177216509 0
1.93254281273231 0.3935171323146162 0
0.02391285122529998 0.3041261789796481 0
0.4827357579558266 0.189641819318095 0
0.007201184101358648 0.05521840085565412 0
2.185763966136147 0.1495761724154579 0
0.02504354724094804 0.2181647305503442 0
0.5367532191338595 0.007308510293152218 0
2.0998397756332 0.3948436267205758 0
2.157239015517616 0.03387667792707223 0
1.416373066515086 0.1758979785414819 0
0.7816384526414649 0.02531335854168052 0
2.045311789677963 0.01631396862498545 0
0.9052874098103108 0.4034252820837941 0
0.9268195538115834 0.02468519257151626 0
0.4130460757450072 0.4024678446573839 0
0.4733178962133297 0.4027810885994645 0
1.425669907735757 0.1719396814099866 0
1.498935241211656 0.1498850670465482 0
1.61896656952078 0.01573038124553424 0
0.8660731594517842 0.024786721648111 0
0.1418461904309584 0.2316646431854239 0
1.746083905971056 0.02435832348025916 0
2.184319984743192 0.1276423156526232 0
1.660335541490493 0.01517871311627798 0
1.434739610265799 0.1677645099761922 0
1.071304126469421 0.3942460293438781 0
0.5134556450852402 0.1683189427081294 0
2.142693003983097 0.393658434091594 0
2.165777752819769 0.3930930197767816 0
0.2323810179938413 0.1331941302313658 0
0.5033994173871594 0.1724089921394105 0
0.4925208906085324 0.1854984049632244 0
0.9538952127612821 0.02398217398580338 0
0.2876598450828623 0.01624965649652091 0
1.443760366816234 0.1636524054922866 0
1.501044848996005 0.184297676979618 0
0.5213561436776009 0.1740496701086865 0
0.8874477433142034 0.01630673734020786 0
2.177695615285206 0.3037154809833963 0
2.176362491756718 0.3142367603140435 0
1.95047385908784 0.3952769895419702 0
0.3102293831689234 0.01508459719643623 0
0.1493218028960048 0.2339680502333883 0
1.441337291575913 0.01598647515847685 0
1.445879291611292 0.3858125350029071 0
0.6533418234769177 0.3935065649288703 0
1.965089995126012 0.02331545917856778 0
0.02409138821976956 0.1437175727820143 0
0.8618104215297824 0.3941564814303282 0
0.8198586681706035 0.3852878825013419 0
1.592999622249237 0.0260124148639761 0
1.508909252659128 0.1900712152431791 0
0.487109499845702 0.4025576662651384 0
0.4849972148078942 0.02353078820604381 0
1.474522817363612 0.04042826998155767 0
1.497115532956286 0.3828772039069354 0
0.1045381225167667 0.0234958451103208 0
0.8478648351545256 0.3939122299238583 0
1.740845626045243 0.394557353273963 0
2.070290349690584 0.01469754862573134 0
1.460991435755124 0.1654326362722288 0
1.364549340214726 0.02338648423872976 0
0.9650000000025404 0.4038322030043634 0
0.1372447726777181 0.1865937538117057 0
1.490000000088906 0.3951738767125944 0
1.017976410453073 0.01601690481021427 0
1.114417406729949 0.3934338026083098 0
0.2063208800138065 0.0243004295717976 0
0.01214552721433504 0.006983354615432967 0
1.509893383411257 0.01531566622202174 0
0.6585356581590868 0.03255903712497702 0
1.408111882425332 0.03326573761724658 0
1.470113234951609 0.1613377657577252 0
0.1688325059674748 0.3849252715843308 0
0.5579959055972693 0.157995109585437 0
1.189950371870715 0.01462188560175082 0
0.7639485874912173 0.02361737711334232 0
0.199837961026466 0.2638319770296982 0
0.122476919423321 0.02534250017214971 0
0.03648664054247688 0.01640083461672032 0
1.550623903716724 0.1650279649353892 0
0.5283006415454412 0.1791494098946351 0
0.6949999999982196 0.006087112663590061 0
0.3760295598503633 0.3859042717295098 0
1.479281860303321 0.1572802723910834 0
2.125051923764556 0.4037747193675671 0
0.01466828325492239 0.06030421059987209 0
0.5083915925436682 0.39409179064822 0
0.5652398723892791 0.1640740097701314 0
0.1264712832080261 0.3861927956373696 0
1.27587595175777 0.02400543153193853 0
0.5479944293885143 0.16194736224483 0
0.4149999999991016 0.006049337166001501 0
1.322925646687813 0.3938611676036667 0
0.4000740420278608 0.01463544329042773 0
2.194235207488032 0.235315742161105 0
0.5227271187906448 0.007348005460476994 0
2.174999999999979 0.006036391389898027 0
0.5371430800147301 0.1751155340435959 0
1.533124353490647 0.00688730508110559 0
0.5695003477721756 0.3949297251122203 0
1.488692628552415 0.1531797643903892 0
0.5703964751236328 0.1787456397057168 0
0.1866887410955759 0.2590539582467198 0
0.4477003700283811 0.3940080279852738 0
1.552638073691424 0.1893819064478706 0
1.547295257224526 0.007335086660383923 0
0.6706672433048849 0.3950263625198206 0
0.01580725183792185 0.3089535355960095 0
2.002774001206824 0.02524420827531492 0
1.022694242466613 0.4026709756962695 0
0.007320508075679218 0.4026794919243206 0
2.192679491924305 0.007320508075708043 0
2.192679491924291 0.4026794919242955 0
1.635000000001248 0.4040222095296403 0
1.487791564741293 0.03470077867992559 0
1.700000000000954 0.3953667135287565 0
1.580048633332118 0.0320286680146251 0
0.3876599228398807 0.3940316944262184 0
1.906953196824594 0.3856037537517799 0
0.218706964707117 0.1379751517378002 0
1.457658104324187 0.3940315860243271 0
1.784332591662092 0.3935932562130992 0
2.194046147805931 0.07499999999983638 0
1.340180676055111 0.3952450825991866 0
0.2559278619944034 0.2233015454854915 0
0.7273619573656376 0.007296577315876848 0
0.5786796696309771 0.1846270417971547 0
1.585680636424268 0.1685095896192584 0
0.211584789918557 0.1413576764008937 0
0.02401719594075806 0.2271476018420535 0
1.995000000000276 0.404110759144858 0
0.4618378339637025 0.3944219132257542 0
0.5865112824757708 0.1903806959104504 0
2.075000000011423 0.3868135508682725 0
2.028686660241362 0.01542693432859056 0
0.2562283707038456 0.1784522808323253 0
0.8829209603423661 0.3855559553122323 0
1.592196098648624 0.1746090093936376 0
1.554644131732068 0.0241248129381222 0
2.130938871497621 0.03662427099820257 0
2.193207980636044 0.1471334568115213 0
1.129366177949134 0.013859597880124 0
1.175000000002685 0.4042033149727219 0
1.595454387799245 0.1890261343366979 0
1.692489192959943 0.01588337184937877 0
0.8054140518647964 0.02343947720526508 0
0.1489000554688507 0.2423177091020953 0
0.1863293632419709 0.3864756100796422 0
1.77500000015769 0.02309979244380126 0
1.000148078890203 0.0143064903182057 0
1.518430245326809 0.186773576838985 0
1.529989599835503 0.1727400707117444 0
0.618969881213246 0.169032335600124 0
0.7150000000019026 0.4042613507039224 0
0.8365482663205412 0.3859793059225191 0
1.609532786318011 0.1854672075746656 0
0.2629931866180585 0.2533190528648422 0
2.132535342736297 0.01564440097001675 0
1.87675910588411 0.0241929782877962 0
2.094688822264656 0.02273596617483276 0
2.010270971608531 0.3954137192555612 0
2.176219893629161 0.3849940972770193 0
0.2523074831950353 0.02444465465428824 0
0.02204580943984924 0.3946259132024477 0
1.550000000001556 0.3956502166070562 0
0.6247689207713621 0.1747092484673601 0
0.2060977058370629 0.1339269296071666 0
0.6299999116431556 0.3956720259343119 0
1.538330734038829 0.1688618380502787 0
0.9379961000349033 0.0329141575385283 0
2.18642419109325 0.299662993335335 0
0.6061803711423656 0.1737287214350478 0
1.13145057011003 0.3946746360743957 0
1.494934906087913 0.0230737625457093 0
2.183134753913262 0.08313696583583711 0
1.427691261359301 0.01570728123651607 0
1.104999999997069 0.005647758797174138 0
0.06194321438190385 0.02447678509797098 0
0.6392577466822497 0.0306996786024003 0
1.647473619216225 0.1608736718137237 0
1.920432210283572 0.01437137327333998 0
1.817830291834611 0.03295868058260458 0
0.9107873216685255 0.01489986791623392 0
1.390000001234592 0.03160562295635744 0
0.2311291044671122 0.03238503387307396 0
1.202806513181452 0.03398886521946291 0
0.595742362761991 0.186746866175922 0
1.600017684407911 0.01443328546478457 0
0.2432414788296068 0.2511093953097353 0
0.6554321508118944 0.1524710445062154 0
1.848059566032063 0.3944943409811191 0
0.9226222502203729 0.3942340101752391 0
1.655323661370339 0.1658939796403106 0
2.159007228569117 0.3949468256004235 0
0.2403412357390433 0.1376580659458505 0
1.167320713094639 0.01577362051987286 0
0.2299905134361752 0.3957469819757997 0
1.322542750192178 0.02424696923710043 0
1.040409305336589 0.01438537692819229 0
1.300861974649629 0.03219568279780921 0
0.02330801196790543 0.2352637979674014 0
1.989999999894909 0.03150281549213865 0
0.8305949123521158 0.03166241064251123 0
1.088783211014225 0.3853393774292536 0
0.6723005146276648 0.1545612191719356 0
0.04096035046501274 0.3969044782260001 0
1.759869011397643 0.3958405382767963 0
1.801660389484148 0.3953385672047279 0
1.562446158491489 0.1860966015816265 0
1.572881272362342 0.1727497627744723 0
0.1685939554296907 0.1399670703603813 0
0.144803834979847 0.387216309721545 0
0.3427786510230843 0.01571736425562373 0
0.9400000000024519 0.3958756377458217 0
0.01427591039854983 0.06964784601100817 0
1.400389490591972 0.3955579221027308 0
0.678756639359369 0.01502913850688594 0
0.3175237080560279 0.394403825517982 0
0.7448392799423871 0.02221501736826679 0
1.905375648130742 0.02238568812218046 0
0.6799339344791755 0.1605335903807894 0
0.6426971017165837 0.1567290224905358 0
0.01552271787346095 0.3176653668580267 0
0.2636131001495526 0.1658824997931168 0
1.383593967451493 0.3941588012013933 0
1.613985252964401 0.3864800846680886 0
1.15034177202343 0.3961364535244714 0
1.690410527015467 0.1710819651025535 0
2.184657297980507 0.2260503500924073 0
0.1667492826378821 0.01578953615667256 0
0.06751421365461685 0.3944423875211925 0
0.4364215504869565 0.3864411422194315 0
0.6305926571078507 0.1802244347381181 0
0.5733839411427886 0.02382077794108748 0
1.299702354976414 0.3958432532516943 0
2.010173819531244 0.01392701523961411 0
0.6826815523937567 0.1852201096416183 0
1.697901346371042 0.1750900132774357 0
0.1811481083639805 0.1357782710624869 0
0.2524862561407577 0.1584705774714397 0
1.796375268105035 0.04081440351268399 0
1.500643669052413 0.1623860135708872 0
1.551187426706581 0.1771698317155255 0
0.4479118625387525 0.006979089416657288 0
0.7309693794442728 0.3952757735485686 0
0.6901294084532125 0.1911801998816655 0
1.217075371823366 0.0329524666935204 0
1.699525756264875 0.1891323697034057 0
2.111905880991844 0.02418364078268366 0
0.1486159129394972 0.1648641362092332 0
1.499750014967884 0.1717940325963484 0
0.5220471917609467 0.3947105166716512 0
0.1776645131700625 0.2632255765209903 0
0.1003618073365179 0.3960338009515866 0
0.6318953032213518 0.01461110818278447 0
0.2924249712371443 0.3860489773035068 0
0.2456078950411039 0.3869800503067765 0
0.1494925221109344 0.01409710481218623 0
0.661983506088752 0.1577280454389654 0
0.134320939058877 0.1943550474172187 0
1.210090221364678 0.3967470327878148 0
0.7223784043570101 0.1800162137180429 0
1.235000000002516 0.4048593272466134 0
1.615434656245708 0.1907499214482081 0
2.182564048779863 0.253249169218862 0
0.7780008761556537 0.3947916843157863 0
1.750913575128961 0.1713614270430281 0
1.634470046224989 0.1641129007213418 0
0.0854625052771821 0.02232984418258553 0
0.01427564698558473 0.2495310356489019 0
0.7283793119609824 0.1862054803395301 0
2.177742529081676 0.1254889402021675 0
0.6900000171425243 0.3962550378780421 0
1.622781759239308 0.1876191944101379 0
0.02404886862138739 0.152268977812076 0
1.730033691471101 0.01382324865778606 0
1.962208373555418 0.4030506679375347 0
1.656033171274479 0.190274612517685 0
0.01564944344238728 0.2625412404849614 0
0.01594653191740451 0.08238382015912472 0
1.344970606707905 0.02240239960100638 0
1.758423508879215 0.1767509209270691 0
0.01526022816900437 0.3264288753460141 0
0.8520912687799824 0.02410747771697411 0
0.4657401090548671 0.02297927953050413 0
0.2421357412932298 0.2432792437859448 0
0.7908387966787911 0.3956062103496433 0
1.795070470125137 0.1609352805382603 0
1.236379473180933 0.01560064351333846 0
0.00568296645129158 0.005767701382814055 0
2.193531426410247 0.297365984954019 0
$EndNodes
$Elements
14 21611 1 21611
0 1 15 1
1 1 
0 2 15 1
2 2 
0 3 15 1
3 3 
0 4 15 1
4 4 
0 5 15 1
5 5 
0 6 15 1
6 6 
0 7 15 1
7 7 
1 1 1 220
8 1 8 
9 8 9 
10 9 10 
11 10 11 
12 11 12 
13 12 13 
14 13 14 
15 14 15 
16 15 16 
17 16 17 
18 17 18 
19 18 19 
20 19 20 
21 20 21 
22 21 22 
23 22 23 
24 23 24 
25 24 25 
26 25 26 
27 26 27 
28 27 28 
29 28 29 
30 29 30 
31 30 31 
32 31 32 
33 32 33 
34 33 34 
35 34 35 
36 35 36 
37 36 37 
38 37 38 
39 38 39 
40 39 40 
41 40 41 
42 41 42 
43 42 43 
44 43 44 
45 44 45 
46 45 46 
47 46 47 
48 47 48 
49 48 49 
50 49 50 
51 50 51 
52 51 52 
53 52 53 
54 53 54 
55 54 55 
56 55 56 
57 56 57 
58 57 58 
59 58 59 
60 59 60 
61 60 61 
62 61 62 
63 62 63 
64 63 64 
65 64 65 
66 65 66 
67 66 67 
68 67 68 
69 68 69 
70 69 70 
71 70 71 
72 71 72 
73 72 73 
74 73 74 
75 74 75 
76 75 76 
77 76 77 
78 77 78 
79 78 79 
80 79 80 
81 80 81 
82 81 82 
83 82 83 
84 83 84 
85 84 85 
86 85 86 
87 86 87 
88 87 88 
89 88 89 
90 89 90 
91 90 91 
92 91 92 
93 92 93 
94 93 94 
95 94 95 
96 95 96 
97 96 97 
98 97 98 
99 98 99 
100 99 100 
101 100 101 
102 101 102 
103 102 103 
104 103 104 
105 104 105 
106 105 106 
107 106 107 
108 107 108 
109 108 109 
110 109 110 
111 110 111 
112 111 112 
113 112 113 
114 113 114 
115 114 115 
116 115 116 
117 116 117 
118 117 118 
119 118 119 
120 119 120 
121 120 121 
122 121 122 
123 122 123 
124 123 124 
125 124 125 
126 125 126 
127 126 127 
128 127 128 
129 128 129 
130 129 130 
131 130 131 
132 131 132 
133 132 133 
134 133 134 
135 134 135 
136 135 136 
137 136 137 
138 137 138 
139 138 139 
140 139 140 
141 140 141 
142 141 142 
143 142 143 
144 143 144 
145 144 145 
146 145 146 
147 146 147 
148 147 148 
149 148 149 
150 149 150 
151 150 151 
152 151 152 
153 152 153 
154 153 154 
155 154 155 
156 155 156 
157 156 157 
158 157 158 
159 158 159 
160 159 160 
161 160 161 
162 161 162 
163 162 163 
164 163 164 
165 164 165 
166 165 166 
167 166 167 
168 167 168 
169 168 169 
170 169 170 
171 170 171 
172 171 172 
173 172 173 
174 173 174 
175 174 175 
176 175 176 
177 176 177 
178 177 178 
179 178 179 
180 179 180 
181 180 181 
182 181 182 
183 182 183 
184 183 184 
185 184 185 
186 185 186 
187 186 187 
188 187 188 
189 188 189 
190 189 190 
191 190 191 
192 191 192 
193 192 193 
194 193 194 
195 194 195 
196 195 196 
197 196 197 
198 197 198 
199 198 199 
200 199 200 
201 200 201 
202 201 202 
203 202 203 
204 203 204 
205 204 205 
206 205 206 
207 206 207 
208 207 208 
209 208 209 
210 209 210 
211 210 211 
212 211 212 
213 212 213 
214 213 214 
215 214 215 
216 215 216 
217 216 217 
218 217 218 
219 218 219 
220 219 220 
221 220 221 
222 221 222 
223 222 223 
224 223 224 
225 224 225 
226 225 226 
227 226 2 
1 2 1 41
228 2 227 
229 227 228 
230 228 229 
231 229 230 
232 230 231 
233 231 232 
234 232 233 
235 233 234 
236 234 235 
237 235 236 
238 236 237 
239 237 238 
240 238 239 
241 239 240 
242 240 241 
243 241 242 
244 242 243 
245 243 244 
246 244 245 
247 245 246 
248 246 247 
249 247 248 
250 248 249 
251 249 250 
252 250 251 
253 251 252 
254 252 253 
255 253 254 
256 254 255 
257 255 256 
258 256 257 
259 257 258 
260 258 259 
261 259 260 
262 260 261 
263 261 262 
264 262 263 
265 263 264 
266 264 265 
267 265 266 
268 266 3 
1 3 1 220
269 3 267 
270 267 268 
271 268 269 
272 269 270 
273 270 271 
274 271 272 
275 272 273 
276 273 274 
277 274 275 
278 275 276 
279 276 277 
280 277 278 
281 278 279 
282 279 280 
283 280 281 
284 281 282 
285 282 283 
286 283 284 
287 284 285 
288 285 286 
289 286 287 
290 287 288 
291 288 289 
292 289 290 
293 290 291 
294 291 292 
295 292 293 
296 293 294 
297 294 295 
298 295 296 
299 296 297 
300 297 298 
301 298 299 
302 299 300 
303 300 301 
304 301 302 
305 302 303 
306 303 304 
307 304 305 
308 305 306 
309 306 307 
310 307 308 
311 308 309 
312 309 310 
313 310 311 
314 311 312 
315 312 313 
316 313 314 
317 314 315 
318 315 316 
319 316 317 
320 317 318 
321 318 319 
322 319 320 
323 320 321 
324 321 322 
325 322 323 
326 323 324 
327 324 325 
328 325 326 
329 326 327 
330 327 328 
331 328 329 
332 329 330 
333 330 331 
334 331 332 
335 332 333 
336 333 334 
337 334 335 
338 335 336 
339 336 337 
340 337 338 
341 338 339 
342 339 340 
343 340 341 
344 341 342 
345 342 343 
346 343 344 
347 344 345 
348 345 346 
349 346 347 
350 347 348 
351 348 349 
352 349 350 
353 350 351 
354 351 352 
355 352 353 
356 353 354 
357 354 355 
358 355 356 
359 356 357 
360 357 358 
361 358 359 
362 359 360 
363 360 361 
364 361 362 
365 362 363 
366 363 364 
367 364 365 
368 365 366 
369 366 367 
370 367 368 
371 368 369 
372 369 370 
373 370 371 
374 371 372 
375 372 373 
376 373 374 
377 374 375 
378 375 376 
379 376 377 
380 377 378 
381 378 379 
382 379 380 
383 380 381 
384 381 382 
385 382 383 
386 383 384 
387 384 385 
388 385 386 
389 386 387 
390 387 388 
391 388 389 
392 389 390 
393 390 391 
394 391 392 
395 392 393 
396 393 394 
397 394 395 
398 395 396 
399 396 397 
400 397 398 
401 398 399 
402 399 400 
403 400 401 
404 401 402 
405 402 403 
406 403 404 
407 404 405 
408 405 406 
409 406 407 
410 407 408 
411 408 409 
412 409 410 
413 410 411 
414 411 412 
415 412 413 
416 413 414 
417 414 415 
418 415 416 
419 416 417 
420 417 418 
421 418 419 
422 419 420 
423 420 421 
424 421 422 
425 422 423 
426 423 424 
427 424 425 
428 425 426 
429 426 427 
430 427 428 
431 428 429 
432 429 430 
433 430 431 
434 431 432 
435 432 433 
436 433 434 
437 434 435 
438 435 436 
439 436 437 
440 437 438 
441 438 439 
442 439 440 
443 440 441 
444 441 442 
445 442 443 
446 443 444 
447 444 445 
448 445 446 
449 446 447 
450 447 448 
451 448 449 
452 449 450 
453 450 451 
454 451 452 
455 452 453 
456 453 454 
457 454 455 
458 455 456 
459 456 457 
460 457 458 
461 458 459 
462 459 460 
463 460 461 
464 461 462 
465 462 463 
466 463 464 
467 464 465 
468 465 466 
469 466 467 
470 467 468 
471 468 469 
472 469 470 
473 470 471 
474 471 472 
475 472 473 
476 473 474 
477 474 475 
478 475 476 
479 476 477 
480 477 478 
481 478 479 
482 479 480 
483 480 481 
484 481 482 
485 482 483 
486 483 484 
487 484 485 
488 485 4 
1 4 1 41
489 4 486 
490 486 487 
491 487 488 
492 488 489 
493 489 490 
494 490 491 
495 491 492 
496 492 493 
497 493 494 
498 494 495 
499 495 496 
500 496 497 
501 497 498 
502 498 499 
503 499 500 
504 500 501 
505 501 502 
506 502 503 
507 503 504 
508 504 505 
509 505 506 
510 506 507 
511 507 508 
512 508 509 
513 509 510 
514 510 511 
515 511 512 
516 512 513 
517 513 514 
518 514 515 
519 515 516 
520 516 517 
521 517 518 
522 518 519 
523 519 520 
524 520 521 
525 521 522 
526 522 523 
527 523 524 
528 524 525 
529 525 1 
1 5 1 16
530 6 526 
531 526 527 
532 527 528 
533 528 529 
534 529 530 
535 530 531 
536 531 532 
537 532 533 
538 533 534 
539 534 535 
540 535 536 
541 536 537 
542 537 538 
543 538 539 
544 539 540 
545 540 5 
1 6 1 16
546 5 541 
547 541 542 
548 542 543 
549 543 544 
550 544 545 
551 545 546 
552 546 547 
553 547 548 
554 548 549 
555 549 550 
556 550 551 
557 551 552 
558 552 553 
559 553 554 
560 554 555 
561 555 6 
2 1 2 21050
562 10043 6917 10103 
563 4995 6461 6587 
564 6501 5793 10268 
565 719 6449 10226 
566 8592 7972 9085 
567 6404 665 6596 
568 5044 6877 6879 
569 6462 677 6464 
570 4387 6416 6574 
571 6930 4969 6932 
572 8249 8110 10674 
573 612 6447 6448 
574 730 318 6709 
575 6416 4387 6549 
576 5793 6501 10224 
577 621 6347 7417 
578 7791 7790 10116 
579 6967 5742 9797 
580 6409 888 6499 
581 6433 582 6435 
582 4112 8130 10324 
583 5044 6879 6881 
584 713 6451 6452 
585 6421 8188 10430 
586 6591 563 10405 
587 666 6504 6664 
588 5300 5776 8219 
589 6149 5661 6483 
590 604 6467 9033 
591 665 6404 6610 
592 6449 719 10377 
593 8130 8129 10324 
594 6866 5632 9779 
595 5741 7047 7048 
596 8188 768 10430 
597 6478 745 7979 
598 2735 3678 10151 
599 6149 6483 6645 
600 6417 1110 6574 
601 6457 8110 8249 
602 6480 5833 6788 
603 8127 5713 10324 
604 6811 6613 7024 
605 5841 8154 9950 
606 8154 5841 10181 
607 5664 5665 10459 
608 766 6497 8185 
609 6149 6645 9444 
610 6384 552 6461 
611 546 663 6392 
612 6437 678 9470 
613 6600 4977 6607 
614 6592 6591 10405 
615 6220 6600 6607 
616 7972 4505 9085 
617 7790 5719 10116 
618 6475 5245 6734 
619 5742 6967 10373 
620 888 6409 6707 
621 5261 6610 8336 
622 6477 7952 10741 
623 3702 6611 7260 
624 557 6516 8722 
625 4934 6494 6495 
626 1110 6417 6772 
627 8165 5810 8662 
628 6498 4921 9990 
629 6616 559 10488 
630 5715 5300 8219 
631 3678 3880 6525 
632 4665 4081 6502 
633 5676 6475 6734 
634 5648 6951 10122 
635 898 895 6578 
636 6517 728 8539 
637 8123 9665 10405 
638 582 6433 6559 
639 4534 4408 6728 
640 6010 8210 8211 
641 6578 895 10783 
642 5648 10122 10460 
643 6502 4081 6646 
644 3678 6525 10151 
645 299 300 6521 
646 5713 8127 10343 
647 3880 4985 6525 
648 671 299 6521 
649 779 6458 6504 
650 2714 3864 10223 
651 6253 7768 10310 
652 4081 4078 6646 
653 8175 5702 10470 
654 6357 6616 10488 
655 4985 6469 6525 
656 682 385 6642 
657 6347 621 10299 
658 8283 10176 10494 
659 6458 779 6503 
660 5841 5840 10181 
661 8001 4978 8002 
662 10181 5840 10325 
663 7952 6477 7953 
664 6011 6013 8140 
665 6469 4985 6530 
666 6530 1154 8400 
667 10229 6612 10575 
668 6653 918 9329 
669 8054 6040 8056 
670 6384 6461 10263 
671 6431 5793 10185 
672 8453 741 10523 
673 5793 6431 10268 
674 4976 8176 8177 
675 8067 5708 8070 
676 8014 4948 8688 
677 6392 663 10241 
678 6469 6530 8400 
679 5640 7947 7948 
680 5640 7948 7949 
681 918 6653 6683 
682 3189 3195 6641 
683 8105 5654 9268 
684 690 6446 9935 
685 6251 6866 9779 
686 678 6437 10574 
687 6440 5706 6706 
688 6651 5279 8368 
689 6917 10043 10458 
690 7047 5741 10373 
691 6566 557 8722 
692 6877 5044 9769 
693 9522 8169 10182 
694 5665 6659 10459 
695 919 918 6683 
696 741 8183 10523 
697 5732 9805 9976 
698 764 6407 10091 
699 6407 764 10634 
700 5324 6214 7991 
701 9805 6500 9976 
702 5279 6651 7856 
703 6334 6333 8195 
704 6427 1120 6650 
705 6387 641 10505 
706 579 6553 7341 
707 6461 4995 10263 
708 262 263 8111 
709 8195 6333 10430 
710 5010 6191 8217 
711 555 554 5830 
712 535 534 6386 
713 1120 6427 6693 
714 6420 10019 10578 
715 4423 6751 10357 
716 5279 7856 8339 
717 6892 6891 9685 
718 6438 6390 10508 
719 3148 7286 9820 
720 671 6425 8125 
721 6927 6933 10045 
722 6321 10049 10581 
723 6457 695 8110 
724 5652 9928 10561 
725 4948 8014 10487 
726 3909 4587 6654 
727 625 6626 6629 
728 5706 6440 6751 
729 4921 6498 6647 
730 6612 662 10575 
731 10176 8159 10494 
732 10045 6933 10585 
733 6560 2971 7497 
734 728 6517 10626 
735 568 68 6582 
736 7286 5755 9820 
737 10019 8196 10578 
738 7952 727 10741 
739 6468 4549 7768 
740 6320 6321 10581 
741 5737 6560 7497 
742 10160 4098 10289 
743 6447 612 10232 
744 9841 9607 10264 
745 6424 6387 10505 
746 6240 6954 10202 
747 8176 4976 8178 
748 232 665 6640 
749 5366 8049 8435 
750 4067 7861 10053 
751 8161 8162 8406 
752 6541 596 9076 
753 6313 8187 10246 
754 5706 5885 6706 
755 6391 6498 9990 
756 5273 5275 7953 
757 6451 713 10245 
758 6438 10508 10772 
759 6474 5737 7497 
760 5704 8243 10260 
761 5830 554 10648 
762 7144 5744 9867 
763 612 6448 6449 
764 9928 8208 10561 
765 6876 6877 9769 
766 5748 5010 8217 
767 5688 6694 7756 
768 6376 8249 10674 
769 3864 6567 10223 
770 6268 8105 9268 
771 9685 6891 10792 
772 3210 6707 7220 
773 6613 5871 7024 
774 6504 6663 6664 
775 6386 534 10615 
776 7458 7460 10046 
777 5885 6611 6706 
778 8115 8114 9334 
779 7084 10063 10477 
780 7996 5699 7997 
781 6483 5661 6611 
782 6218 6868 6869 
783 731 6519 7975 
784 6694 6693 7756 
785 6998 6996 10110 
786 6645 5643 9444 
787 677 6462 6674 
788 6694 5688 9983 
789 6446 690 10435 
790 8205 6406 9397 
791 5833 6480 10101 
792 4878 6431 10185 
793 6011 8140 10401 
794 4969 6930 10199 
795 6693 6427 7756 
796 713 6452 6453 
797 6467 604 10222 
798 9665 8123 10276 
799 4347 7850 7851 
800 695 6457 8111 
801 5964 10054 10446 
802 7768 4549 10310 
803 7861 5710 10053 
804 5242 7027 10370 
805 5710 7861 7862 
806 5797 8036 8037 
807 4549 6468 7769 
808 6431 4878 10659 
809 596 6575 9076 
810 730 6709 10436 
811 1052 6608 10424 
812 6608 1052 10457 
813 6511 4595 6512 
814 6464 677 10179 
815 6638 262 8111 
816 6626 625 10483 
817 6291 4534 6728 
818 7423 6569 10102 
819 6265 7765 10201 
820 7460 3836 10046 
821 314 315 6622 
822 4908 4418 6663 
823 3192 3190 10313 
824 765 6484 9957 
825 4934 6495 6641 
826 4970 8250 10118 
827 318 319 6709 
828 4595 3831 6512 
829 5688 9824 9983 
830 68 69 6582 
831 9824 6450 9983 
832 9334 8114 10522 
833 4093 6439 10244 
834 766 8185 10524 
835 6265 10201 10693 
836 6439 4093 10669 
837 6494 4934 6654 
838 6610 6404 8336 
839 5261 5704 6610 
840 6477 5273 7953 
841 4078 4082 6646 
842 5737 6474 7498 
843 610 8294 10523 
844 4347 7851 7852 
845 6313 6446 8187 
846 3702 6483 6611 
847 6611 5885 7260 
848 6394 717 6960 
849 7957 4424 7958 
850 6318 10141 10418 
851 4023 10376 10413 
852 8676 8011 10240 
853 5987 6595 10135 
854 6821 5734 10304 
855 4595 6511 6514 
856 4459 6892 9685 
857 8489 7772 10012 
858 745 6478 10445 
859 8177 8175 10470 
860 7065 6303 7066 
861 743 10349 10368 
862 8058 5606 8060 
863 4517 4340 6912 
864 598 788 6677 
865 6461 649 6587 
866 6344 6346 10157 
867 4340 4909 6912 
868 4273 4275 6881 
869 5894 6496 6654 
870 8194 6403 9183 
871 8210 6010 10401 
872 10374 661 10486 
873 6233 10043 10103 
874 6531 10374 10486 
875 383 6576 10306 
876 6430 5766 10356 
877 895 894 10783 
878 10356 5766 10364 
879 8133 5082 8721 
880 5893 7128 10331 
881 6484 765 10557 
882 6512 3831 6513 
883 385 386 6642 
884 698 6381 10337 
885 5245 6475 7027 
886 3468 6569 6570 
887 6509 573 6535 
888 7772 8489 10794 
889 6576 383 10622 
890 10145 5714 10281 
891 8032 5433 8034 
892 8131 761 8329 
893 7980 7981 10073 
894 5702 8175 10219 
895 7287 657 10166 
896 790 787 6679 
897 6496 5894 6653 
898 6569 3468 10102 
899 6541 6298 8094 
900 6478 7979 10171 
901 8076 560 10233 
902 4098 6679 10289 
903 6932 4969 10437 
904 6425 671 10388 
905 8084 5360 8087 
906 7402 4596 10152 
907 8203 6482 10191 
908 8209 6141 10561 
909 3635 6472 10054 
910 6381 698 10591 
911 7961 4684 7963 
912 6707 6409 7220 
913 6472 3635 10076 
914 6915 4909 9727 
915 4223 6493 6651 
916 8011 8676 10487 
917 4347 7769 7850 
918 7341 6553 10599 
919 6518 566 8182 
920 558 7950 7951 
921 8406 8162 10407 
922 8120 6235 9596 
923 5792 6531 6695 
924 231 232 6640 
925 8250 5673 10118 
926 5850 4963 6546 
927 7783 3843 10095 
928 267 268 8108 
929 5850 6546 6547 
930 6522 733 6627 
931 6496 6653 9329 
932 6344 10157 10657 
933 3468 6570 6594 
934 5360 8084 8085 
935 10400 5002 10517 
936 10095 3843 10116 
937 4665 6502 6734 
938 6318 6319 10141 
939 5623 6289 7974 
940 6380 9685 10792 
941 6904 10145 10281 
942 8049 5366 10661 
943 8070 5708 8071 
944 8169 9522 10531 
945 3190 3189 6641 
946 3195 4934 6641 
947 3843 7791 10116 
948 6609 4544 8227 
949 8165 8662 10407 
950 5810 8165 10215 
951 4223 6651 8368 
952 6540 708 6895 
953 7063 7064 9563 
954 6640 5704 10260 
955 6542 684 6543 
956 6685 6293 10030 
957 6613 6811 10244 
958 6502 5676 6734 
959 6901 10400 10517 
960 10311 3536 10393 
961 5632 6866 10133 
962 6397 6396 8022 
963 10063 3509 10477 
964 10335 5471 10610 
965 10168 6247 10186 
966 610 6649 8294 
967 716 6565 6958 
968 10233 560 10737 
969 922 919 6683 
970 66 6527 10438 
971 6480 6788 10029 
972 4408 4407 6728 
973 6229 6609 8227 
974 4482 5039 6624 
975 6493 4223 6821 
976 7985 4402 8412 
977 315 603 6622 
978 5689 10168 10186 
979 5770 5680 7978 
980 4424 7957 10520 
981 10243 3864 10257 
982 6527 66 10503 
983 6369 10243 10257 
984 8440 607 10362 
985 5325 5324 7991 
986 575 6529 10578 
987 6482 8203 10691 
988 5000 5001 6627 
989 2008 9981 10315 
990 7493 5449 7498 
991 5039 6532 6624 
992 10376 7949 10413 
993 6152 10190 10470 
994 5758 7783 10095 
995 8056 6040 10533 
996 261 262 6638 
997 7856 2676 8339 
998 604 9033 10386 
999 8077 6731 10581 
1000 6595 1245 10135 
1001 6531 4964 6695 
1002 6514 10061 10193 
1003 7790 4207 10136 
1004 5714 6876 9769 
1005 4521 6998 10110 
1006 4934 3909 6654 
1007 4587 5894 6654 
1008 9 9960 10580 
1009 6954 6240 10545 
1010 4978 8001 10253 
1011 5809 8159 10176 
1012 4372 10027 10333 
1013 10136 4207 10151 
1014 10073 7981 10605 
1015 6382 527 10637 
1016 5744 7144 10227 
1017 6532 5039 6643 
1018 9607 7302 10264 
1019 7997 5699 10649 
1020 687 6515 8683 
1021 5741 7048 10142 
1022 5710 7862 7863 
1023 4192 3117 6537 
1024 10292 9546 10543 
1025 4207 2735 10151 
1026 5814 8068 8069 
1027 5268 7863 8325 
1028 6510 2676 7856 
1029 7130 10335 10610 
1030 10054 6472 10446 
1031 9665 6592 10405 
1032 7769 6468 7850 
1033 6291 6728 10505 
1034 733 6522 6626 
1035 6532 6643 9171 
1036 10351 7851 10360 
1037 4596 4482 6624 
1038 665 6610 6640 
1039 708 6540 6896 
1040 6628 562 10037 
1041 6010 8211 10214 
1042 4993 10351 10360 
1043 6729 754 8087 
1044 717 6394 10730 
1045 8159 5809 10319 
1046 6435 582 10150 
1047 3652 6508 7128 
1048 5849 6708 9614 
1049 10154 4962 10285 
1050 5031 8092 10716 
1051 8092 5031 10307 
1052 9437 6324 10340 
1053 6528 760 6561 
1054 5708 8067 10249 
1055 263 695 8111 
1056 6876 5714 10145 
1057 9960 9 10337 
1058 6508 3652 9820 
1059 7383 7384 10206 
1060 2676 6510 7857 
1061 657 7287 10743 
1062 6584 3720 9663 
1063 7972 8592 10369 
1064 9972 597 10081 
1065 786 555 5830 
1066 3190 6641 10313 
1067 6385 535 6386 
1068 6554 668 6556 
1069 6583 6584 9663 
1070 8329 761 10512 
1071 5082 8133 10278 
1072 892 889 6707 
1073 7783 5758 10800 
1074 6390 651 6391 
1075 6601 662 6612 
1076 663 6387 6388 
1077 6751 6440 10357 
1078 767 6625 7502 
1079 5603 6999 10791 
1080 5590 6583 9663 
1081 5797 8037 10386 
1082 444 6713 10441 
1083 4596 6624 10152 
1084 6520 6330 10419 
1085 6348 7942 8465 
1086 6999 5603 10110 
1087 3652 3148 9820 
1088 5850 6547 6548 
1089 6620 10115 10117 
1090 8120 9596 10522 
1091 5589 5772 6710 
1092 6583 5590 9969 
1093 10074 6594 10132 
1094 6728 6424 10505 
1095 6713 444 10526 
1096 5719 7790 10136 
1097 7955 5701 7957 
1098 6497 766 10172 
1099 10026 3830 10051 
1100 8219 5776 10382 
1101 1194 7886 7887 
1102 4880 6704 10217 
1103 10419 6330 10534 
1104 7304 10154 10285 
1105 5806 10026 10051 
1106 6643 956 9171 
1107 788 5871 6677 
1108 6905 5684 10344 
1109 1631 1636 6644 
1110 7027 6475 10370 
1111 6537 6514 10193 
1112 585 8181 9839 
1113 4418 5257 6663 
1114 6458 4908 6663 
1115 8021 6296 10634 
1116 6324 9437 10699 
1117 4437 8205 9397 
1118 1194 7887 9693 
1119 6685 10030 10604 
1120 6376 8109 10540 
1121 1630 6563 6675 
1122 1627 1630 6675 
1123 6275 9981 10020 
1124 4909 6915 10492 
1125 1194 7857 7886 
1126 6615 727 10607 
1127 5001 6522 6627 
1128 5755 7286 9993 
1129 6934 9774 10585 
1130 6276 6275 10020 
1131 6530 6247 10155 
1132 7950 6290 10413 
1133 768 8195 10430 
1134 6501 4524 10224 
1135 7286 3830 9993 
1136 5691 10212 10409 
1137 682 6642 10406 
1138 6281 6959 10725 
1139 10155 6247 10168 
1140 727 6615 10741 
1141 267 8108 10625 
1142 7857 6510 7886 
1143 9993 3830 10026 
1144 6227 10640 10650 
1145 4363 6227 10650 
1146 7991 6214 10499 
1147 7001 10513 10620 
1148 10069 7460 10092 
1149 6141 8209 9486 
1150 6474 7493 7498 
1151 6391 651 6498 
1152 6516 557 10197 
1153 10196 816 10371 
1154 6267 9522 10182 
1155 6959 6281 10348 
1156 8208 8209 10561 
1157 8002 4978 10475 
1158 8109 6376 10674 
1159 3048 10069 10092 
1160 8187 591 10246 
1161 6519 731 10345 
1162 4962 7302 9607 
1163 10349 6631 10368 
1164 6892 4459 9686 
1165 8183 610 10523 
1166 6656 6341 10126 
1167 568 6526 10503 
1168 6868 6218 10579 
1169 8129 8127 10324 
1170 7910 4067 10053 
1171 6246 10292 10543 
1172 4192 6537 6538 
1173 583 6731 8077 
1174 6541 8094 10455 
1175 6896 5693 10138 
1176 659 261 6638 
1177 4275 5044 6881 
1178 4958 4273 6881 
1179 8087 754 8089 
1180 8130 10311 10393 
1181 4976 8177 10190 
1182 4098 790 6679 
1183 7459 7458 10046 
1184 7128 6508 10331 
1185 7910 5804 10027 
1186 9563 7064 10473 
1187 8060 5606 10671 
1188 5804 7910 10053 
1189 5769 9749 10164 
1190 6549 6623 10692 
1191 175 10157 10362 
1192 5759 7181 10665 
1193 6549 10692 10705 
1194 7459 6276 10020 
1195 6546 4963 6695 
1196 7203 10586 10603 
1197 6433 5483 6559 
1198 5483 6222 6559 
1199 785 6688 6689 
1200 4111 2714 10223 
1201 7950 7948 7951 
1202 5684 6905 10713 
1203 6276 7459 10046 
1204 240 6520 10419 
1205 8149 6377 8150 
1206 9464 6430 10356 
1207 8196 575 10578 
1208 6306 10089 10096 
1209 5654 8105 10187 
1210 10267 9743 10431 
1211 6189 6357 10108 
1212 566 6518 10703 
1213 5000 6627 6628 
1214 5840 8156 10325 
1215 6040 8054 10213 
1216 4524 6501 10765 
1217 6406 8205 10293 
1218 10513 6492 10620 
1219 527 6677 10637 
1220 5161 10231 10398 
1221 5653 6306 10096 
1222 787 786 6679 
1223 6292 6291 10505 
1224 6349 5638 10461 
1225 706 6470 10247 
1226 7181 5759 10684 
1227 5770 7978 10480 
1228 10461 5638 10476 
1229 6512 6513 9138 
1230 6704 6536 10217 
1231 6548 9749 10180 
1232 6 555 786 
1233 528 527 6382 
1234 530 529 6393 
1235 553 552 6384 
1236 536 535 6385 
1237 549 548 6479 
1238 550 549 6476 
1239 539 538 6389 
1240 538 537 6426 
1241 547 546 6392 
1242 6954 636 10202 
1243 6292 6601 6612 
1244 6292 10505 10762 
1245 526 598 6677 
1246 6493 6821 10304 
1247 6577 592 9709 
1248 7302 4962 10154 
1249 10220 8227 10237 
1250 551 649 6461 
1251 641 543 6601 
1252 540 651 6390 
1253 544 641 6387 
1254 10283 5763 10439 
1255 542 662 6601 
1256 662 541 6438 
1257 759 8184 10205 
1258 5 6390 6438 
1259 7953 5275 10081 
1260 663 545 6387 
1261 6552 4512 6925 
1262 6584 6925 9731 
1263 10190 8177 10470 
1264 8084 8087 8089 
1265 573 6509 10655 
1266 4512 6552 9782 
1267 5703 8100 8101 
1268 10153 6595 10167 
1269 6374 8186 10353 
1270 4382 10220 10237 
1271 6925 4512 9731 
1272 2473 6684 10139 
1273 10586 6271 10603 
1274 5707 10254 10403 
1275 6290 7950 10208 
1276 1226 10153 10167 
1277 104 769 8179 
1278 6731 6320 10581 
1279 6578 5771 10342 
1280 3720 6584 9731 
1281 3010 10175 10354 
1282 1154 6530 10155 
1283 4505 7972 10062 
1284 9400 8180 10423 
1285 10342 5771 10357 
1286 6558 51 10756 
1287 4479 6621 9219 
1288 668 6554 6685 
1289 4055 4528 7498 
1290 8186 6374 10557 
1291 6996 6999 10110 
1292 8156 5840 10443 
1293 10196 6342 10210 
1294 6369 10257 10269 
1295 600 6712 7070 
1296 6515 687 10497 
1297 5693 6896 10590 
1298 5674 8214 8496 
1299 561 6648 8827 
1300 666 6664 10539 
1301 9771 6874 10352 
1302 7963 4684 10256 
1303 7144 9867 10473 
1304 1630 1631 6644 
1305 5974 6369 10269 
1306 6346 8440 10362 
1307 5771 4423 10357 
1308 6342 4919 10210 
1309 6563 1630 6644 
1310 4407 6545 6728 
1311 1626 1627 6675 
1312 10162 6572 10295 
1313 7974 6289 10677 
1314 8629 6278 10456 
1315 6998 10279 10411 
1316 3836 7460 10069 
1317 3117 4595 6537 
1318 8243 701 10260 
1319 4950 10538 10542 
1320 2464 2468 6747 
1321 6544 7423 10102 
1322 8022 6396 10708 
1323 3697 3901 6751 
1324 773 6550 10072 
1325 4964 6546 6695 
1326 51 6558 10365 
1327 6513 6621 9138 
1328 8194 9183 10549 
1329 7863 2696 8325 
1330 5268 5710 7863 
1331 2477 6603 6606 
1332 8066 8068 10084 
1333 9981 6275 10315 
1334 3039 3041 6594 
1335 5849 5850 6708 
1336 990 10074 10132 
1337 7441 9619 10591 
1338 7626 6471 10547 
1339 5666 4970 10118 
1340 4042 10296 10428 
1341 10547 6471 10563 
1342 3041 3468 6594 
1343 7384 5635 10206 
1344 764 8021 10634 
1345 8192 5805 8193 
1346 10027 5804 10333 
1347 7417 6347 10385 
1348 6389 538 10554 
1349 538 6426 10554 
1350 6543 684 9921 
1351 10422 8548 10516 
1352 6520 240 10653 
1353 2470 2466 10128 
1354 6252 6253 10310 
1355 6531 5792 10374 
1356 6398 8147 10410 
1357 5944 10529 10613 
1358 5697 10632 10641 
1359 6708 6548 10180 
1360 7066 6303 10595 
1361 647 533 10141 
1362 7950 558 10208 
1363 5590 6710 9969 
1364 6225 7940 8918 
1365 5034 10183 10229 
1366 6331 10378 10390 
1367 6673 3703 9626 
1368 7942 5692 8465 
1369 8220 9011 10512 
1370 7865 4496 7871 
1371 6526 568 10471 
1372 686 6692 8122 
1373 562 6628 10775 
1374 6332 6331 10390 
1375 7171 6491 10264 
1376 889 888 6707 
1377 3210 892 6707 
1378 6708 5066 9614 
1379 6535 573 6536 
1380 6621 6660 9219 
1381 5053 7013 10086 
1382 6652 650 6932 
1383 641 6601 10762 
1384 719 10226 10495 
1385 682 9080 10622 
1386 10529 6590 10613 
1387 6544 3048 10092 
1388 5590 5589 6710 
1389 6278 8629 10663 
1390 6580 6581 10123 
1391 7940 8524 8918 
1392 6656 10126 10643 
1393 6073 7944 7945 
1394 5772 6644 6710 
1395 2801 6659 10740 
1396 6430 9464 10745 
1397 2801 10740 10750 
1398 5822 9972 10081 
1399 2687 3493 7769 
1400 9774 6934 10321 
1401 3048 6544 10102 
1402 3116 3841 6619 
1403 6303 7065 10087 
1404 6581 10115 10123 
1405 661 10374 10418 
1406 694 10162 10295 
1407 6334 8195 10144 
1408 10279 4890 10411 
1409 671 6521 10388 
1410 5814 8069 10330 
1411 8250 5987 10135 
1412 6503 779 10113 
1413 5741 5742 10373 
1414 10538 6466 10542 
1415 3707 6632 6754 
1416 6470 706 10742 
1417 6553 579 10165 
1418 7975 6519 10480 
1419 6521 300 10236 
1420 6607 6608 10444 
1421 6545 4407 10156 
1422 6491 9841 10264 
1423 9470 678 10272 
1424 10192 4057 10200 
1425 7502 6625 10612 
1426 6529 575 10307 
1427 6621 4479 9138 
1428 720 9865 10526 
1429 10444 6608 10457 
1430 568 6582 10471 
1431 7985 8412 10558 
1432 6504 6458 6663 
1433 8408 10207 10320 
1434 3676 8676 10240 
1435 4493 10313 10355 
1436 585 9839 10778 
1437 8397 8046 10323 
1438 5174 10332 10421 
1439 6656 576 6657 
1440 6644 1636 6710 
1441 6416 6417 6574 
1442 6603 2477 6673 
1443 6385 6501 10268 
1444 2472 3703 6673 
1445 4111 6533 10212 
1446 5703 8101 8102 
1447 3656 10498 10546 
1448 6533 4111 10223 
1449 6300 10363 10442 
1450 10218 7384 10235 
1451 10059 5594 10177 
1452 6687 701 8243 
1453 4912 8138 8292 
1454 7949 7948 7950 
1455 5701 7955 10474 
1456 6417 5664 10459 
1457 10115 6581 10117 
1458 7493 6259 10273 
1459 6958 6565 10553 
1460 5675 5106 10137 
1461 6572 783 9960 
1462 6657 576 6658 
1463 5731 10218 10235 
1464 3143 10061 10230 
1465 10212 6533 10409 
1466 8034 5433 10602 
1467 10273 6259 10282 
1468 10137 5106 10152 
1469 3703 6700 9626 
1470 10205 8184 10704 
1471 6343 7145 10702 
1472 6933 6934 10585 
1473 2474 3707 6754 
1474 2280 6831 6838 
1475 79 6636 10448 
1476 7007 639 10138 
1477 6684 6226 10139 
1478 4471 10378 10449 
1479 6636 79 10638 
1480 6189 10108 10633 
1481 6660 942 9219 
1482 1114 1111 6772 
1483 10451 7112 10453 
1484 6561 760 6562 
1485 7968 4286 10496 
1486 6637 659 6638 
1487 6594 6570 10132 
1488 8215 6216 10693 
1489 8151 10078 10711 
1490 8217 6191 10454 
1491 5106 7402 10152 
1492 7865 5666 10238 
1493 8818 8031 10372 
1494 5697 10641 10679 
1495 6524 5048 10541 
1496 7579 10415 10491 
1497 5812 10427 10500 
1498 6218 6869 10271 
1499 7030 6380 10792 
1500 6403 8194 10288 
1501 6587 6524 10541 
1502 6892 9686 10094 
1503 8676 4948 10487 
1504 659 6637 6639 
1505 6542 6405 10100 
1506 6579 4371 10592 
1507 5013 7105 10690 
1508 697 6689 10474 
1509 314 6622 10497 
1510 10379 5067 10397 
1511 6322 5750 10225 
1512 6342 10196 10371 
1513 9341 6402 9951 
1514 7013 4486 10086 
1515 596 6541 10455 
1516 2683 2685 7852 
1517 4286 7968 10567 
1518 6689 697 10609 
1519 6559 6222 6642 
1520 6345 8128 8129 
1521 18 19 6897 
1522 6453 6452 6454 
1523 5712 5713 10343 
1524 6504 666 10597 
1525 9011 8220 10507 
1526 5673 8250 10135 
1527 8180 574 10423 
1528 8204 4101 10691 
1529 7105 5013 10420 
1530 769 8176 8179 
1531 103 104 8179 
1532 2476 6633 6753 
1533 8588 6364 10462 
1534 9749 6548 10164 
1535 597 7953 10081 
1536 5800 5802 6690 
1537 5449 4055 7498 
1538 4528 5737 7498 
1539 6221 10160 10289 
1540 606 10422 10516 
1541 760 6528 10689 
1542 5815 5037 6830 
1543 6690 5802 6789 
1544 6829 5815 6830 
1545 6645 4493 10355 
1546 6491 7171 10795 
1547 6567 3864 10243 
1548 5715 8219 10284 
1549 561 8827 10605 
1550 5817 10267 10431 
1551 6632 3707 9906 
1552 7073 10283 10439 
1553 2468 2477 6747 
1554 8128 6345 10657 
1555 783 6572 10162 
1556 6577 6443 10174 
1557 4423 3697 6751 
1558 3831 3116 6619 
1559 3901 5706 6751 
1560 625 6629 6631 
1561 2466 2464 6747 
1562 2477 2472 6673 
1563 6587 10541 10707 
1564 531 661 10418 
1565 5666 10118 10238 
1566 4595 6514 6537 
1567 10157 6346 10362 
1568 5675 6580 10123 
1569 5433 8032 10303 
1570 6620 6619 10115 
1571 581 6585 10004 
1572 6633 2476 6754 
1573 5734 6646 10304 
1574 8176 8178 8179 
1575 6729 8087 10651 
1576 6513 3831 6619 
1577 10231 6358 10398 
1578 10426 5302 10465 
1579 5666 7865 7871 
1580 8151 746 10078 
1581 6634 570 10433 
1582 2477 6606 6747 
1583 8051 4896 8416 
1584 6580 5675 10137 
1585 10443 6329 10687 
1586 10001 10188 10654 
1587 607 8440 10535 
1588 2696 7863 7864 
1589 4382 10237 10250 
1590 9686 4530 10094 
1591 6573 6337 10375 
1592 4402 7985 10327 
1593 6380 7030 10727 
1594 6245 10550 10551 
1595 6565 716 10348 
1596 10254 6560 10403 
1597 10498 6489 10546 
1598 6550 773 10577 
1599 4212 4382 10250 
1600 8292 8138 8293 
1601 5699 7996 10184 
1602 684 6542 10594 
1603 5025 5027 6671 
1604 5802 6721 6789 
1605 3719 4436 6821 
1606 4547 10194 10255 
1607 2971 6560 10254 
1608 7145 6343 10734 
1609 9865 720 10504 
1610 7862 4496 7865 
1611 10001 5752 10188 
1612 2466 6747 10128 
1613 2372 2376 6818 
1614 4347 2687 7769 
1615 3493 4549 7769 
1616 6296 8021 10341 
1617 6661 2290 6711 
1618 1245 6595 10153 
1619 6393 529 10798 
1620 2386 6666 6670 
1621 621 7368 10299 
1622 2290 1755 6711 
1623 10084 8068 10583 
1624 4921 6647 6690 
1625 6643 6223 10147 
1626 6831 5857 6838 
1627 5028 5823 6861 
1628 6665 5242 10370 
1629 5037 5053 6830 
1630 10175 6335 10354 
1631 6647 5800 6690 
1632 4101 8204 10044 
1633 6460 10368 10384 
1634 6499 888 10758 
1635 4371 6579 10681 
1636 5834 5833 10101 
1637 5029 10717 10733 
1638 8539 728 10318 
1639 4493 3192 10313 
1640 6722 6721 10011 
1641 1757 1759 10022 
1642 10147 6223 10163 
1643 6216 8215 10058 
1644 7949 7950 10413 
1645 5819 6732 10031 
1646 6540 6895 10336 
1647 6596 665 10635 
1648 2476 2474 6754 
1649 5732 5029 10733 
1650 6831 5053 10086 
1651 8146 8890 10698 
1652 6449 6448 10093 
1653 8114 8120 10522 
1654 6235 8120 10275 
1655 825 828 6963 
1656 8149 666 10539 
1657 2380 3721 6744 
1658 2378 2374 10055 
1659 6610 5704 6640 
1660 3637 3825 9686 
1661 6496 6494 6654 
1662 10383 8855 10392 
1663 6920 5260 8304 
1664 2384 2382 6847 
1665 2290 6661 9786 
1666 6723 6373 9862 
1667 7993 6256 7994 
1668 5581 10050 10066 
1669 2280 6830 6831 
1670 10296 6568 10428 
1671 6611 5661 6706 
1672 786 5830 6679 
1673 8147 8145 10410 
1674 5738 10451 10453 
1675 1755 1757 6711 
1676 6388 6387 6424 
1677 8156 10443 10687 
1678 6385 6386 6501 
1679 255 6573 10375 
1680 6676 4110 8341 
1681 6219 10358 10367 
1682 6921 4523 6922 
1683 3743 8293 8564 
1684 898 6578 10342 
1685 1111 1110 6772 
1686 2783 1114 6772 
1687 5815 6829 6832 
1688 5850 6548 6708 
1689 6216 6265 10693 
1690 4540 6680 6779 
1691 6705 660 7104 
1692 3726 4540 6779 
1693 8098 10550 10683 
1694 10375 6337 10494 
1695 10047 7016 10119 
1696 5051 6753 9649 
1697 6671 5027 6672 
1698 6753 6633 9649 
1699 6599 438 10527 
1700 19 708 6897 
1701 6832 2290 9786 
1702 639 18 6897 
1703 6350 10379 10397 
1704 3718 2683 7852 
1705 2685 4347 7852 
1706 650 6652 9995 
1707 7942 6348 10571 
1708 6227 7557 10640 
1709 5836 5834 10751 
1710 6686 5846 6812 
1711 6686 6812 7081 
1712 10183 6612 10229 
1713 6428 5603 10791 
1714 3725 9587 10034 
1715 438 6599 10564 
1716 6721 5802 10011 
1717 4562 3887 7050 
1718 4129 6671 6672 
1719 708 6896 6897 
1720 10161 782 10511 
1721 5047 5846 7051 
1722 6462 5729 6674 
1723 5729 5798 6674 
1724 6365 7005 10630 
1725 6794 6854 9991 
1726 8080 5668 8081 
1727 6666 2386 6744 
1728 3210 10774 10783 
1729 6252 6568 10296 
1730 6676 6723 9862 
1731 6655 7383 10206 
1732 8185 6497 9217 
1733 7018 10146 10198 
1734 2665 7027 7912 
1735 894 3210 10783 
1736 5374 10322 10338 
1737 6476 549 10641 
1738 549 6479 10641 
1739 6874 9771 10697 
1740 6711 1757 10022 
1741 6920 4523 6921 
1742 10048 8949 10098 
1743 10317 4010 10328 
1744 10067 4324 10099 
1745 8046 8397 10753 
1746 6568 6252 10310 
1747 6556 668 10365 
1748 6683 5895 10308 
1749 9080 6576 10622 
1750 5822 8020 9972 
1751 10141 532 10418 
1752 8203 8204 10691 
1753 6678 1796 7021 
1754 6688 785 10178 
1755 9619 7441 10420 
1756 4538 6779 10023 
1757 5614 6293 6685 
1758 6554 5614 6685 
1759 8133 8134 10278 
1760 1076 10563 10663 
1761 8133 8721 10519 
1762 5048 4434 6718 
1763 6564 10146 10148 
1764 5025 6671 6861 
1765 1796 6678 9868 
1766 6987 10059 10177 
1767 2782 6450 10779 
1768 10308 5895 10331 
1769 6732 1668 10031 
1770 4129 6672 6963 
1771 9080 682 10406 
1772 2696 7864 10105 
1773 6675 6564 10148 
1774 994 10286 10302 
1775 698 7441 10591 
1776 1713 6786 9915 
1777 2782 10779 10794 
1778 6052 8213 10631 
1779 5823 6744 6861 
1780 8017 691 10204 
1781 7005 6365 10504 
1782 7070 6712 10744 
1783 1086 10617 10721 
1784 4192 6538 6764 
1785 4223 3719 6821 
1786 4436 5734 6821 
1787 4162 6737 7021 
1788 8178 10114 10143 
1789 6737 6678 7021 
1790 4150 4147 9872 
1791 5360 8085 10258 
1792 2386 2380 6744 
1793 2376 2386 6818 
1794 6746 6745 9974 
1795 10050 6672 10066 
1796 6950 6249 10104 
1797 615 8098 10683 
1798 2374 2372 6818 
1799 10090 9266 10716 
1800 3039 6594 10074 
1801 5895 5893 10331 
1802 6657 6676 8341 
1803 10427 6600 10500 
1804 771 8070 8071 
1805 6704 10192 10200 
1806 8179 8178 10143 
1807 5815 6832 9786 
1808 10077 4870 10082 
1809 6812 2407 7081 
1810 942 6660 10016 
1811 6847 3725 10034 
1812 6671 5028 6861 
1813 2386 6670 6818 
1814 765 8186 10557 
1815 6717 4150 9872 
1816 5026 4133 6763 
1817 8489 2782 10794 
1818 10358 3510 10367 
1819 4544 6609 10207 
1820 2266 6827 10024 
1821 6737 4162 6739 
1822 5795 6603 6673 
1823 10322 6326 10338 
1824 5837 6699 6755 
1825 6535 6536 6704 
1826 10061 6514 10230 
1827 6299 9266 10090 
1828 6699 3418 6755 
1829 6744 3721 6861 
1830 5712 10343 10788 
1831 3210 7220 10774 
1832 6010 6011 10401 
1833 10241 5836 10751 
1834 3827 2475 9595 
1835 6854 4526 9991 
1836 7947 5640 10450 
1837 3703 2473 10139 
1838 6552 5769 10164 
1839 10363 5803 10442 
1840 6723 6724 10106 
1841 10332 6288 10421 
1842 10415 5799 10491 
1843 6680 4540 6759 
1844 3450 6817 10005 
1845 4538 3726 6779 
1846 6740 5055 6742 
1847 8213 6052 10507 
1848 4434 6691 6718 
1849 6511 5806 10230 
1850 1718 6682 10007 
1851 956 6643 10147 
1852 5062 6691 6750 
1853 824 825 6963 
1854 8166 6263 10068 
1855 5184 10287 10291 
1856 6771 10287 10300 
1857 828 4129 6963 
1858 5449 7493 10273 
1859 2382 3725 6847 
1860 5631 6740 6742 
1861 1190 1188 7857 
1862 6691 5062 6718 
1863 4523 6920 8304 
1864 6637 5260 6920 
1865 4540 2384 6847 
1866 3825 4530 9686 
1867 4452 5792 6695 
1868 660 6705 7105 
1869 6828 6827 10036 
1870 6912 4909 10492 
1871 10078 6353 10711 
1872 1121 1120 6693 
1873 1124 1121 6693 
1874 7051 4538 10023 
1875 4459 3637 9686 
1876 6663 5257 6664 
1877 8293 6013 8564 
1878 3743 8292 8293 
1879 10207 6609 10320 
1880 7658 1096 10656 
1881 10378 6331 10449 
1882 8068 5814 10583 
1883 4963 4452 6695 
1884 7144 723 10227 
1885 859 862 6939 
1886 2756 9966 9983 
1887 862 6719 6939 
1888 1096 7658 10668 
1889 639 6897 10138 
1890 8496 8214 10469 
1891 5099 5047 7051 
1892 5842 7025 9973 
1893 6322 10225 10709 
1894 6725 8185 9217 
1895 6770 6771 10300 
1896 6657 6658 6676 
1897 6745 1642 9974 
1898 1795 6809 9967 
1899 1751 1753 6832 
1900 4489 6440 6706 
1901 5661 4489 6706 
1902 6720 4149 6850 
1903 6785 6786 9987 
1904 6828 10036 10041 
1905 863 866 7122 
1906 9999 1718 10007 
1907 5846 6686 7050 
1908 2406 2407 10003 
1909 4149 6720 7096 
1910 5839 5837 6755 
1911 662 6438 10575 
1912 10286 6571 10302 
1913 6946 6945 9994 
1914 6739 4162 6791 
1915 4135 6726 6940 
1916 2404 4135 6940 
1917 5899 7178 9078 
1918 1973 10025 10042 
1919 4684 7961 10652 
1920 4110 6676 9862 
1921 2374 6818 10055 
1922 6785 9987 9999 
1923 10018 2266 10024 
1924 3887 4538 7050 
1925 7061 4905 10085 
1926 9642 6203 9977 
1927 5901 7388 9998 
1928 6686 4562 7050 
1929 6500 6499 10749 
1930 6453 6454 6455 
1931 6854 6722 10011 
1932 6364 8588 10721 
1933 7209 4545 7210 
1934 8186 588 10353 
1935 7027 5242 7912 
1936 2665 5245 7027 
1937 6593 60 10518 
1938 10749 6499 10758 
1939 6733 5860 6985 
1940 5846 7050 7051 
1941 6733 6985 7118 
1942 3707 2470 10128 
1943 4573 3894 7229 
1944 6786 6787 9915 
1945 3451 6801 9917 
1946 3418 6699 6790 
1947 6702 5829 6763 
1948 6735 2286 6750 
1949 5829 5026 6763 
1950 10161 10511 10676 
1951 5048 6524 10632 
1952 6614 6615 10489 
1953 3870 4212 6922 
1954 4523 3870 6922 
1955 6725 593 8185 
1956 6682 1718 10015 
1957 2476 6753 9595 
1958 6968 5717 10725 
1959 9985 3450 10005 
1960 1813 2286 6796 
1961 6785 9999 10007 
1962 647 10141 10589 
1963 2286 6735 6796 
1964 6830 5053 6831 
1965 6513 6619 6620 
1966 8016 7962 10468 
1967 6229 8227 10220 
1968 6716 6787 6857 
1969 8130 4112 10311 
1970 6758 5074 6790 
1971 1765 1767 6791 
1972 10056 6248 10125 
1973 5000 6628 10037 
1974 6853 6722 6854 
1975 6793 5637 9958 
1976 5829 6702 9595 
1977 6786 1713 9987 
1978 5806 10051 10230 
1979 7025 5067 9973 
1980 6639 6637 6920 
1981 6991 9813 9855 
1982 771 8071 8072 
1983 6306 10317 10328 
1984 8093 6362 10737 
1985 5759 10665 10678 
1986 6727 3481 9884 
1987 6763 4133 9755 
1988 6632 5780 6754 
1989 6345 6344 10657 
1990 6845 1684 10014 
1991 6827 6826 10024 
1992 5795 6673 9626 
1993 5780 6633 6754 
1994 6967 9797 10432 
1995 5056 6726 9982 
1996 2475 2476 9595 
1997 7958 4424 7959 
1998 4665 6734 7638 
1999 6734 5245 7638 
2000 9897 1713 9915 
2001 9948 1795 9967 
2002 6750 6767 9871 
2003 5062 6750 9871 
2004 6715 6714 9880 
2005 6829 1751 6832 
2006 6720 6850 9333 
2007 1753 2290 6832 
2008 6767 1815 6848 
2009 6702 3827 9595 
2010 858 859 6939 
2011 7863 7862 7864 
2012 7032 6743 9634 
2013 6817 6816 10005 
2014 1827 7032 9634 
2015 8147 6398 10587 
2016 6985 2426 7118 
2017 8551 6349 10461 
2018 6817 10018 10024 
2019 1783 6820 9847 
2020 6827 2266 10036 
2021 4877 5759 10678 
2022 1759 1796 10022 
2023 6748 3898 7010 
2024 7010 3898 7139 
2025 7041 9852 9992 
2026 1188 2676 7857 
2027 1194 1190 7857 
2028 4517 6912 10326 
2029 1721 6714 9855 
2030 9652 7197 9659 
2031 6817 3450 10018 
2032 6719 862 7122 
2033 8890 4041 10698 
2034 1124 6693 6694 
2035 4545 3734 9653 
2036 3734 2404 6940 
2037 1725 2291 6898 
2038 6715 9880 9897 
2039 9667 1861 9924 
2040 6787 6716 9915 
2041 6715 9897 9915 
2042 6809 9985 10005 
2043 6703 6763 9755 
2044 60 6593 10608 
2045 4147 4149 9872 
2046 6846 6845 10014 
2047 9642 6703 9755 
2048 6809 1795 9985 
2049 3734 6940 9653 
2050 8102 8101 9980 
2051 10299 7368 10764 
2052 4925 9771 10352 
2053 9813 1721 9855 
2054 5748 8217 10294 
2055 6726 4135 7178 
2056 862 863 7122 
2057 7288 7287 10166 
2058 866 5056 7122 
2059 7210 4545 9653 
2060 5068 6811 7024 
2061 1811 1813 6796 
2062 5539 6983 7116 
2063 6768 9225 9700 
2064 6699 6758 6790 
2065 6792 6793 9958 
2066 6845 5819 10031 
2067 5899 5900 7178 
2068 7245 7026 9939 
2069 2419 2415 6948 
2070 6175 6741 9989 
2071 5055 6740 9949 
2072 7178 4135 9078 
2073 5553 6767 6848 
2074 7013 6316 10228 
2075 6801 9948 9967 
2076 8112 6264 10169 
2077 6841 5057 9861 
2078 6978 6746 9974 
2079 6635 6634 10433 
2080 6743 3345 9634 
2081 3375 3373 7111 
2082 6388 6424 6545 
2083 10156 6717 10350 
2084 4545 7209 7229 
2085 6793 6794 9991 
2086 2407 6812 10003 
2087 3345 6743 6768 
2088 9614 6864 9756 
2089 6809 6808 9967 
2090 6761 4270 9911 
2091 5860 6733 7229 
2092 5805 8192 10114 
2093 7578 10426 10465 
2094 6714 1721 9880 
2095 6622 603 10262 
2096 6721 5869 6789 
2097 6397 8022 10242 
2098 6991 6990 9963 
2099 6710 1636 9969 
2100 1018 10282 10392 
2101 9894 3451 9917 
2102 6862 5090 6864 
2103 6824 5852 9645 
2104 6801 3451 9948 
2105 3894 4545 7229 
2106 4162 1765 6791 
2107 6762 6761 9911 
2108 6733 4573 7229 
2109 6823 5852 6824 
2110 6542 10100 10594 
2111 7388 5558 9998 
2112 3412 3414 6790 
2113 6862 5873 9739 
2114 6760 5875 7044 
2115 6682 5853 10007 
2116 5849 9614 9756 
2117 6760 7044 7158 
2118 6856 6857 7223 
2119 3345 6768 9700 
2120 6857 6787 7223 
2121 10617 6602 10721 
2122 6457 5718 8111 
2123 5718 6638 8111 
2124 4581 3899 9255 
2125 6691 6735 6750 
2126 6766 4188 10048 
2127 1767 1770 6791 
2128 6921 6922 6923 
2129 8123 8122 10276 
2130 6703 9642 9977 
2131 8031 8818 10712 
2132 1808 1811 9898 
2133 5539 6981 6983 
2134 5823 6666 6744 
2135 6741 4178 9989 
2136 6978 1661 9956 
2137 3481 6727 9905 
2138 6271 10586 10600 
2139 6801 6800 9917 
2140 5572 6727 9884 
2141 6974 1790 9883 
2142 9966 6694 9983 
2143 2007 2008 10315 
2144 5117 7039 9505 
2145 6745 6194 10002 
2146 638 6913 6914 
2147 6722 6853 6898 
2148 3729 9814 9955 
2149 6752 3379 7110 
2150 6977 6978 9956 
2151 5074 6758 9945 
2152 2427 2426 6989 
2153 6962 6762 7055 
2154 2426 6985 6989 
2155 4867 10047 10119 
2156 6957 9728 9827 
2157 6820 9894 9917 
2158 7011 5094 7012 
2159 5094 7010 7139 
2160 3379 6752 7112 
2161 6864 5090 9756 
2162 6250 10077 10082 
2163 5002 6904 10281 
2164 7010 5094 7011 
2165 6773 5865 9434 
2166 3898 6748 7081 
2167 1717 1722 9856 
2168 4149 7096 9872 
2169 4385 3680 6837 
2170 2291 6722 6898 
2171 5869 6781 9715 
2172 1684 10009 10014 
2173 1865 6773 9434 
2174 6840 6841 9861 
2175 8122 6692 10746 
2176 6345 8129 8130 
2177 2286 1815 6767 
2178 6870 6872 6874 
2179 3436 5068 9870 
2180 5090 6862 9739 
2181 9225 6768 9611 
2182 2407 3898 7081 
2183 6976 6746 6978 
2184 6989 9652 9659 
2185 6983 1628 7116 
2186 6850 6849 9333 
2187 700 8109 10478 
2188 6981 5539 7095 
2189 7014 5858 9333 
2190 4192 6764 8718 
2191 6764 5135 8718 
2192 457 458 6913 
2193 3481 5641 9884 
2194 7044 2440 7158 
2195 2377 2373 7077 
2196 5852 6823 9511 
2197 4973 6271 10600 
2198 6820 1783 9894 
2199 9649 5581 10066 
2200 6789 5869 9715 
2201 7038 6757 7039 
2202 4995 6587 10707 
2203 7003 5074 9945 
2204 8020 5822 10173 
2205 1636 6984 9969 
2206 5726 6834 7136 
2207 5633 9865 9970 
2208 6943 3741 6945 
2209 1722 1725 6898 
2210 6803 6805 6806 
2211 5560 6972 9561 
2212 6820 6819 9847 
2213 7197 6946 9659 
2214 3736 4524 6805 
2215 5560 6971 6972 
2216 4873 5055 9949 
2217 650 6931 6932 
2218 3414 3418 6790 
2219 6676 6658 6723 
2220 3379 3375 7111 
2221 4553 6756 7038 
2222 6756 4553 6941 
2223 6962 6961 7188 
2224 4796 9654 9701 
2225 6804 6319 6807 
2226 9659 6946 9994 
2227 10002 6194 10009 
2228 6833 3893 7136 
2229 1811 6796 9898 
2230 638 457 6913 
2231 6619 3841 10115 
2232 3741 2419 6948 
2233 7045 9225 9611 
2234 6834 6833 7136 
2235 6762 6962 7188 
2236 5858 6720 9333 
2237 3741 6943 7191 
2238 5873 6795 7015 
2239 9776 1783 9847 
2240 6948 2415 7326 
2241 7273 2441 9554 
2242 4180 3893 6835 
2243 4902 4157 6807 
2244 7122 5056 9982 
2245 5634 9949 10006 
2246 5641 9852 9884 
2247 3680 6778 6837 
2248 3893 6833 6835 
2249 6941 4553 7191 
2250 4996 4385 6837 
2251 6716 6857 7317 
2252 6838 5857 7094 
2253 6945 6948 9994 
2254 7218 9784 9910 
2255 6799 1614 7043 
2256 7111 9667 9924 
2257 6973 6974 9883 
2258 6767 5553 9871 
2259 6870 6871 6872 
2260 7039 6757 9505 
2261 5074 3412 6790 
2262 2436 6774 6775 
2263 7117 9778 9914 
2264 6857 4323 7317 
2265 5650 4337 6846 
2266 6756 6757 7038 
2267 3680 3350 6778 
2268 5091 6799 7043 
2269 6823 1777 9511 
2270 5863 6984 9501 
2271 6943 6941 7191 
2272 5637 9929 9958 
2273 3631 3736 6805 
2274 6761 5842 9973 
2275 3725 2378 10055 
2276 9523 6777 9834 
2277 6746 6976 7129 
2278 4574 6859 9827 
2279 6198 9812 9922 
2280 3822 6971 9691 
2281 2435 2438 7353 
2282 31 702 6871 
2283 5626 7245 9939 
2284 6805 4524 6806 
2285 6780 5076 6991 
2286 9685 6379 9881 
2287 9782 6552 10164 
2288 5875 6760 9255 
2289 7111 3373 9667 
2290 7014 6815 9764 
2291 4597 2434 6776 
2292 6782 5878 9635 
2293 4322 6856 7223 
2294 3721 5025 6861 
2295 718 6909 6910 
2296 6971 5560 9691 
2297 4552 7039 9641 
2298 3383 6863 6864 
2299 6934 6935 6936 
2300 6859 9776 9847 
2301 592 6577 10666 
2302 3899 4552 9255 
2303 6760 4581 9255 
2304 5738 10453 10467 
2305 8125 6425 10469 
2306 718 6910 6911 
2307 510 705 6878 
2308 5068 6810 6811 
2309 471 644 6935 
2310 5873 7015 9739 
2311 5869 1735 6781 
2312 5548 6782 9635 
2313 6513 6620 6621 
2314 6766 10048 10098 
2315 5858 7014 9764 
2316 6877 6878 6879 
2317 6836 6835 9493 
2318 3383 1672 6863 
2319 718 459 6909 
2320 9728 4574 9827 
2321 7039 5117 9641 
2322 5068 7024 9870 
2323 6769 3890 7077 
2324 5873 1689 6795 
2325 6750 2286 6767 
2326 7102 7115 9519 
2327 6319 4902 6807 
2328 506 704 6903 
2329 5877 7088 9822 
2330 702 32 6919 
2331 5882 9864 9907 
2332 6184 7032 9968 
2333 6780 6991 9855 
2334 4322 6783 7138 
2335 4337 4339 6846 
2336 9255 4552 9641 
2337 6871 702 6872 
2338 8 9 10580 
2339 6901 10517 10642 
2340 650 465 6931 
2341 6961 5084 7188 
2342 2373 7042 7077 
2343 6759 4540 6847 
2344 6878 705 6879 
2345 2441 2440 7049 
2346 2440 7044 7049 
2347 6903 704 6904 
2348 5833 4543 6788 
2349 7056 4816 9857 
2350 1722 6898 9856 
2351 4327 6980 6981 
2352 6880 6882 6883 
2353 7102 5880 7115 
2354 6773 1865 9681 
2355 5068 3438 6810 
2356 7101 5880 7102 
2357 7958 7959 7960 
2358 30 31 6871 
2359 5880 7101 7322 
2360 2436 6775 6776 
2361 9852 5641 9992 
2362 5649 6808 6809 
2363 2425 4577 7087 
2364 6984 1635 9501 
2365 3890 2377 7077 
2366 7055 6762 9911 
2367 7180 9837 9858 
2368 475 617 6952 
2369 5645 6800 6801 
2370 4937 6802 6803 
2371 7864 7862 7865 
2372 2353 1708 6792 
2373 4937 4153 6802 
2374 2425 7087 7118 
2375 2297 2274 6860 
2376 7054 7056 9857 
2377 5088 7033 9695 
2378 2441 7049 9554 
2379 6935 644 6936 
2380 6918 6873 6919 
2381 6764 6538 6765 
2382 6769 6203 9642 
2383 7031 6988 9647 
2384 5645 4272 6800 
2385 514 722 6885 
2386 2434 2436 6776 
2387 5877 7087 7088 
2388 6902 505 6903 
2389 4327 6981 7095 
2390 470 471 6935 
2391 5636 6819 6820 
2392 4157 4155 6807 
2393 6836 9493 9701 
2394 5076 6780 6992 
2395 466 6929 6931 
2396 4597 6776 6777 
2397 5649 4287 6808 
2398 6855 6843 7165 
2399 2426 2425 7118 
2400 5636 4259 6819 
2401 458 718 6913 
2402 6825 5887 7161 
2403 4327 6979 6980 
2404 6975 6977 6979 
2405 6825 7161 7249 
2406 6885 722 6886 
2407 7042 5088 7076 
2408 6839 6166 9785 
2409 3890 6769 9642 
2410 6799 6798 9680 
2411 6860 2274 6957 
2412 4317 6839 9785 
2413 5637 6793 9991 
2414 4289 5649 6816 
2415 4149 4145 6850 
2416 1735 1736 6781 
2417 6597 669 10644 
2418 3350 3431 6778 
2419 4594 3911 9195 
2420 9959 1778 10008 
2421 7887 7888 10312 
2422 6777 6776 9834 
2423 5091 6797 6799 
2424 5744 5551 9938 
2425 6884 6885 6886 
2426 6976 4137 7129 
2427 1700 6842 6843 
2428 2441 7273 7353 
2429 9814 6205 9955 
2430 6931 6930 6932 
2431 6840 2353 6841 
2432 9493 4796 9701 
2433 6859 4574 9776 
2434 3558 3377 7112 
2435 3353 1696 6855 
2436 4368 5658 6826 
2437 6649 610 10234 
2438 1745 6838 7094 
2439 6741 6175 10017 
2440 5137 7141 9374 
2441 3300 1787 6849 
2442 6774 2436 7353 
2443 9864 1702 9907 
2444 6450 2756 9983 
2445 231 6640 10260 
2446 509 510 6878 
2447 1689 1691 6795 
2448 2357 1654 6851 
2449 1672 1674 6863 
2450 6979 6977 6980 
2451 6753 5829 9595 
2452 6873 702 6919 
2453 5066 3383 9614 
2454 4145 3300 6850 
2455 6988 5586 9647 
2456 7042 7076 7077 
2457 703 6867 6868 
2458 504 505 6902 
2459 4133 2381 9755 
2460 3377 3379 7112 
2461 6875 652 6876 
2462 459 460 6909 
2463 9929 6841 9958 
2464 466 467 6929 
2465 1747 2280 6838 
2466 6929 6930 6931 
2467 7023 7022 9582 
2468 2438 2441 7353 
2469 6849 1797 9333 
2470 3397 5617 9806 
2471 1670 1650 6986 
2472 1696 1697 6855 
2473 9654 7173 9701 
2474 9813 6991 9963 
2475 3498 6822 6956 
2476 1706 2353 6840 
2477 3300 6849 6850 
2478 6899 655 6900 
2479 7012 9457 9923 
2480 4580 4571 9707 
2481 2436 2435 7353 
2482 1803 2349 6815 
2483 3438 3440 6810 
2484 642 6906 6907 
2485 6880 705 6882 
2486 7346 7121 8933 
2487 6797 5091 7017 
2488 6973 5634 6974 
2489 826 7023 9582 
2490 667 6926 6927 
2491 5113 7002 7164 
2492 618 7000 7001 
2493 7115 4560 9519 
2494 4829 5634 6973 
2495 1700 1701 6842 
2496 7110 3379 7111 
2497 6899 6900 6905 
2498 4459 9685 9881 
2499 3498 3829 6822 
2500 1790 9854 9883 
2501 6844 5819 6845 
2502 4153 3630 6802 
2503 9627 6773 9681 
2504 4180 6835 6836 
2505 4322 4314 6856 
2506 7002 1590 7164 
2507 618 496 7000 
2508 4316 4322 7138 
2509 3518 6975 6979 
2510 4164 4165 4485 
2511 5769 1670 6986 
2512 1825 9900 9913 
2513 800 7256 7257 
2514 1712 1715 6852 
2515 4937 6803 6804 
2516 7161 2495 7249 
2517 4571 6445 7036 
2518 2363 2365 6956 
2519 9842 5081 9860 
2520 4565 7346 8933 
2521 516 637 6889 
2522 505 506 6903 
2523 9933 5611 9984 
2524 27 703 6865 
2525 703 28 6867 
2526 7101 3744 7322 
2527 4536 6291 6292 
2528 25 656 6893 
2529 508 652 6875 
2530 7009 4950 9455 
2531 5083 2356 6953 
2532 6887 6889 6890 
2533 6889 637 6890 
2534 6184 9968 9975 
2535 5057 9780 9861 
2536 4543 4058 6788 
2537 4536 4534 6291 
2538 7028 7009 9455 
2539 7140 6814 7141 
2540 503 655 6899 
2541 7099 3744 7101 
2542 7155 7154 9675 
2543 4305 5078 6955 
2544 1796 1761 7021 
2545 708 20 6895 
2546 2355 4163 4164 
2547 465 466 6931 
2548 32 33 6919 
2549 5866 4876 5867 
2550 2351 2352 4058 
2551 6782 9627 9681 
2552 4058 2352 4059 
2553 3683 3680 4385 
2554 6802 3631 6805 
2555 9013 10158 10188 
2556 4570 6813 7140 
2557 4567 5819 6844 
2558 6860 6957 9827 
2559 4589 4385 4995 
2560 7076 5088 9695 
2561 6813 4570 7097 
2562 642 461 6906 
2563 5884 7132 9716 
2564 5080 6937 9322 
2565 5617 9784 9806 
2566 6995 645 6999 
2567 35 714 6916 
2568 4579 4303 6992 
2569 2351 2350 2352 
2570 705 511 6882 
2571 46 602 7048 
2572 6981 6980 6982 
2573 6584 5768 6925 
2574 667 468 6926 
2575 4164 4163 4165 
2576 645 500 6924 
2577 6975 4137 6976 
2578 9780 6843 9861 
2579 1790 6974 9909 
2580 3744 7099 7261 
2581 4485 4165 4486 
2582 3354 3355 3630 
2583 1671 5066 6851 
2584 6792 1731 6793 
2585 4433 5048 5697 
2586 5878 7346 9635 
2587 5792 4902 6318 
2588 5057 6841 9929 
2589 5832 4543 5833 
2590 2365 3498 6956 
2591 5847 2406 10003 
2592 1815 1816 6848 
2593 2291 1735 5869 
2594 644 472 6949 
2595 7097 4570 7261 
2596 613 6966 6968 
2597 1661 9942 9956 
2598 9371 9735 9836 
2599 2280 6829 6830 
2600 1861 9434 9924 
2601 6869 654 6870 
2602 4282 4280 9660 
2603 37 636 6954 
2604 2349 2350 2351 
2605 6983 6982 9932 
2606 4323 6955 7317 
2607 4936 5738 10467 
2608 4058 4059 6788 
2609 2291 5869 6721 
2610 2439 4584 7131 
2611 4375 4377 5793 
2612 1739 1741 2355 
2613 474 475 6952 
2614 3630 3631 6802 
2615 7006 639 7007 
2616 39 716 6958 
2617 41 613 6959 
2618 4878 5800 5801 
2619 456 638 6960 
2620 5038 5036 6315 
2621 513 514 6885 
2622 3736 4160 4524 
2623 2360 3346 3347 
2624 1725 1735 2291 
2625 2488 2484 7157 
2626 7232 9737 9767 
2627 3824 2297 6860 
2628 3429 3456 7095 
2629 4155 4153 4937 
2630 2465 2462 6965 
2631 6872 702 6873 
2632 2349 1805 2350 
2633 8144 8142 10039 
2634 613 42 6966 
2635 2360 5553 6848 
2636 4294 6209 6990 
2637 2439 7131 7158 
2638 3383 6864 9614 
2639 7141 6814 9374 
2640 1774 1777 6823 
2641 2354 3353 3354 
2642 6813 6814 7140 
2643 3630 3355 3631 
2644 4144 3300 4145 
2645 4148 4147 4150 
2646 6867 654 6869 
2647 7099 7097 7261 
2648 4552 7038 7039 
2649 5030 6826 6827 
2650 6988 6170 9838 
2651 4452 4157 4902 
2652 1786 1787 3300 
2653 7388 5847 10000 
2654 2355 1741 4163 
2655 4163 1741 7094 
2656 1772 1774 1778 
2657 4146 4145 4147 
2658 3349 3350 3680 
2659 3354 3353 3355 
2660 9238 7074 9450 
2661 6783 4322 7223 
2662 4339 6844 6846 
2663 5539 3429 7095 
2664 9812 4362 9922 
2665 1747 1749 2280 
2666 5857 4163 7094 
2667 4090 4876 5866 
2668 1791 1781 6957 
2669 801 804 7256 
2670 4259 4255 6819 
2671 1745 1747 6838 
2672 499 645 6995 
2673 4272 4261 6800 
2674 7006 7007 7008 
2675 1778 6823 6824 
2676 3349 3680 3683 
2677 5658 6816 6817 
2678 6545 6424 6728 
2679 1803 1805 2349 
2680 5884 7131 7132 
2681 3737 2469 7018 
2682 6879 705 6880 
2683 1813 1815 2286 
2684 4487 4485 4921 
2685 656 6865 6866 
2686 3822 6969 6971 
2687 2356 1621 6953 
2688 4438 4964 5677 
2689 2274 1791 6957 
2690 17 639 7006 
2691 4306 4305 6955 
2692 5887 6825 9195 
2693 4571 7036 9707 
2694 954 7321 9093 
2695 1706 1708 2353 
2696 1749 1751 6829 
2697 3724 4137 6975 
2698 5084 6961 9057 
2699 6933 710 6934 
2700 3822 3823 6969 
2701 1800 1803 6815 
2702 3683 4385 4589 
2703 3347 3348 3349 
2704 5819 5660 6732 
2705 6782 5548 9627 
2706 7944 6073 10738 
2707 5832 5833 5834 
2708 1704 1706 6840 
2709 1780 1785 1786 
2710 9680 6798 9829 
2711 4090 4875 4876 
2712 1710 1712 1731 
2713 3364 3362 9224 
2714 4566 7141 9504 
2715 4535 4534 4536 
2716 1797 1798 7014 
2717 1697 1700 6855 
2718 6723 6658 6724 
2719 5113 6993 7002 
2720 4452 4902 5792 
2721 6926 710 6933 
2722 2465 6965 7018 
2723 1803 1804 1805 
2724 3911 4566 9195 
2725 4526 6854 10011 
2726 5867 5868 6221 
2727 3654 3865 4093 
2728 1694 1696 2354 
2729 2440 2439 7158 
2730 447 609 7005 
2731 1841 7078 9472 
2732 6825 4594 9195 
2733 4251 4151 4407 
2734 4274 4272 5645 
2735 1798 1800 6815 
2736 1789 1797 6849 
2737 10025 6765 10042 
2738 3349 3683 7194 
2739 5594 3402 9713 
2740 711 6899 6905 
2741 6966 6967 6968 
2742 1614 6799 9680 
2743 1649 1650 1670 
2744 6868 6867 6869 
2745 643 6916 6917 
2746 1722 1723 1725 
2747 5092 7020 8814 
2748 1778 1774 6823 
2749 1725 1726 1735 
2750 4303 4300 6992 
2751 7020 5105 8814 
2752 1708 1710 6792 
2753 7126 5544 7127 
2754 5038 6315 6316 
2755 9784 5617 9910 
2756 4842 5593 5882 
2757 4379 4527 4878 
2758 2354 1696 3353 
2759 6937 6938 9322 
2760 2469 2465 7018 
2761 1710 1731 6792 
2762 5094 2391 7012 
2763 2280 1749 6829 
2764 1688 5873 6862 
2765 1787 1789 6849 
2766 5651 5650 6194 
2767 4261 4259 5636 
2768 7034 7074 9238 
2769 800 7257 9704 
2770 7141 5137 9504 
2771 1701 1704 6842 
2772 6876 652 6877 
2773 5775 10383 10392 
2774 1789 1794 1797 
2775 5084 3376 9622 
2776 6882 648 6883 
2777 4059 4142 4433 
2778 667 6927 6928 
2779 1671 1672 3383 
2780 4289 4287 5649 
2781 1700 6843 6855 
2782 3387 5091 7043 
2783 6780 4579 6992 
2784 6900 655 6901 
2785 5038 6316 7013 
2786 1816 1819 6848 
2787 6939 5901 9998 
2788 5096 7009 7028 
2789 8815 958 9007 
2790 4567 5660 5819 
2791 4255 4253 5616 
2792 4270 9896 9911 
2793 2391 2362 7012 
2794 6977 6976 6978 
2795 5890 7260 9326 
2796 654 30 6871 
2797 3431 4089 4090 
2798 4366 4289 6816 
2799 5030 6828 6894 
2800 6927 6926 6933 
2801 1913 7034 9238 
2802 4147 4145 4149 
2803 7074 5528 9450 
2804 1654 1664 6851 
2805 3683 4590 7194 
2806 5677 4964 6531 
2807 10000 5847 10003 
2808 9195 4566 9504 
2809 642 6907 6908 
2810 1736 1739 6781 
2811 4287 4274 6808 
2812 4368 4366 5658 
2813 4533 4408 4534 
2814 5030 4370 6826 
2815 6794 6853 6854 
2816 1753 1755 2290 
2817 1800 1802 1803 
2818 6986 2357 9749 
2819 4995 4385 4996 
2820 1688 1689 5873 
2821 4261 5636 6800 
2822 1671 3383 5066 
2823 2360 3347 5553 
2824 4370 4368 6826 
2825 4341 4567 6844 
2826 7260 5885 9326 
2827 4339 4341 6844 
2828 4255 5616 6819 
2829 5553 3347 7194 
2830 7078 5597 9472 
2831 6949 712 6950 
2832 4567 4568 5660 
2833 1664 1671 6851 
2834 4161 1670 5767 
2835 6910 6908 6912 
2836 9497 4271 9810 
2837 4852 6988 7031 
2838 3362 5585 9224 
2839 4828 4829 6973 
2840 4152 3630 4153 
2841 1819 1821 2360 
2842 7022 3344 9582 
2843 4336 5651 7129 
2844 3418 3417 3496 
2845 5055 6228 6742 
2846 5050 7083 7084 
2847 4336 4337 5650 
2848 6914 6911 6915 
2849 56 620 7062 
2850 4280 6197 9660 
2851 1798 6815 7014 
2852 6975 6976 6977 
2853 1639 1643 1649 
2854 2496 2495 7163 
2855 710 470 6935 
2856 1819 2360 6848 
2857 4862 4370 5030 
2858 2495 7161 7163 
2859 4541 5070 5853 
2860 5651 6746 7129 
2861 1664 1669 1671 
2862 5658 4366 6816 
2863 4177 4550 4576 
2864 6964 3549 9678 
2865 4576 5085 6184 
2866 6526 6527 10503 
2867 5898 5890 7082 
2868 4433 4434 5048 
2869 1786 3300 4144 
2870 6938 7183 9322 
2871 1786 1785 1787 
2872 1913 1914 9420 
2873 2366 2364 7068 
2874 4274 5645 6808 
2875 3410 5074 7003 
2876 7082 5890 9326 
2877 519 670 7030 
2878 5856 5855 6714 
2879 1704 6840 6842 
2880 1830 1832 7003 
2881 1739 1740 1741 
2882 5078 4579 5855 
2883 1650 1652 6986 
2884 496 497 7000 
2885 721 6995 6996 
2886 7034 1913 9420 
2887 4336 5650 5651 
2888 1652 1654 2357 
2889 9778 4838 9914 
2890 7060 7062 7063 
2891 5086 7202 9611 
2892 5116 3399 9688 
2893 7183 6938 7196 
2894 4171 7045 9611 
2895 5105 7331 8814 
2896 5651 6194 6745 
2897 4154 4153 4155 
2898 6886 722 6887 
2899 515 516 6889 
2900 3654 3655 3865 
2901 5117 5064 9641 
2902 6886 6887 6888 
2903 7999 6162 10560 
2904 4176 4175 4177 
2905 3418 3496 6755 
2906 6993 5113 7067 
2907 6241 5853 6682 
2908 5088 2359 7033 
2909 6856 4323 6857 
2910 5781 6632 9901 
2911 656 26 6865 
2912 29 654 6867 
2913 1691 1693 1694 
2914 5767 5769 6552 
2915 1811 1812 1813 
2916 704 507 6875 
2917 706 24 6893 
2918 1609 1612 7026 
2919 800 801 7256 
2920 643 6917 6918 
2921 1674 1676 1688 
2922 6997 6996 6998 
2923 4148 4150 4151 
2924 4150 6717 10156 
2925 6621 6620 6660 
2926 6318 4902 6319 
2927 1694 1695 1696 
2928 5070 4350 7138 
2929 3414 3415 3417 
2930 6793 1731 6794 
2931 3412 3413 3414 
2932 21 646 6895 
2933 2496 7163 9440 
2934 4138 4140 4336 
2935 4144 4145 4146 
2936 4305 4303 4579 
2937 5076 6990 6991 
2938 4829 4831 5634 
2939 6981 6982 6983 
2940 711 502 6899 
2941 1870 1872 7345 
2942 3389 3391 7017 
2943 3347 3346 3348 
2944 3414 3417 3418 
2945 9717 3384 9743 
2946 1845 7053 7054 
2947 7020 5092 8815 
2948 9488 8815 9672 
2949 7002 6994 9666 
2950 2423 2421 7191 
2951 1652 2357 6986 
2952 5616 6858 6859 
2953 1763 4162 7021 
2954 5127 7089 7225 
2955 6778 5866 6837 
2956 2360 1821 3346 
2957 9844 4324 9869 
2958 6783 5070 7138 
2959 4341 4518 4567 
2960 4351 4350 4541 
2961 9854 6972 9883 
2962 643 34 6916 
2963 1649 1670 4161 
2964 3410 3411 3412 
2965 462 707 6906 
2966 4542 4058 4543 
2967 2472 2469 2473 
2968 4040 4449 4828 
2969 1691 1694 6795 
2970 6996 6995 6999 
2971 5078 5855 5856 
2972 1633 1635 6984 
2973 4155 4937 6807 
2974 3415 4010 7019 
2975 1786 4144 9511 
2976 7045 9224 9225 
2977 3829 4842 6822 
2978 4314 4312 6856 
2979 5856 6714 6715 
2980 6810 4093 6811 
2981 4312 4310 4323 
2982 501 711 6924 
2983 4029 4852 7031 
2984 4305 4579 5078 
2985 6971 6970 6972 
2986 3459 3461 4327 
2987 2275 3822 9691 
2988 6969 4828 6970 
2989 4541 4350 5070 
2990 1717 1720 1722 
2991 7069 600 7070 
2992 4146 4147 4148 
2993 469 710 6926 
2994 1620 1619 1621 
2995 4873 4917 5055 
2996 5570 5572 9884 
2997 442 600 7069 
2998 3518 3724 6975 
2999 4300 4298 6992 
3000 5854 6784 6785 
3001 6966 715 6967 
3002 1630 1629 1631 
3003 3724 4087 4137 
3004 815 818 9495 
3005 1770 1771 1772 
3006 4177 4175 4550 
3007 3854 2366 7068 
3008 1813 1814 1815 
3009 4463 5816 7025 
3010 7367 5898 9545 
3011 5096 7028 7046 
3012 6863 6862 6864 
3013 1627 1629 1630 
3014 5853 5070 5854 
3015 4296 4294 6990 
3016 6230 4178 6741 
3017 512 648 6882 
3018 7062 620 7063 
3019 714 36 6954 
3020 5030 6827 6828 
3021 3436 3438 5068 
3022 473 712 6949 
3023 7029 518 7030 
3024 709 7006 7008 
3025 4316 4314 4322 
3026 2473 3737 6684 
3027 1649 1643 1650 
3028 4550 4175 7202 
3029 1616 1615 1617 
3030 6890 6891 6892 
3031 5091 3389 7017 
3032 7152 3747 7154 
3033 609 7065 7066 
3034 4298 5076 6992 
3035 1631 1633 1636 
3036 2462 2460 6965 
3037 4156 4155 4157 
3038 1736 1738 1739 
3039 1808 1810 1811 
3040 5631 6742 9986 
3041 1865 1866 9681 
3042 4277 5018 5624 
3043 4164 4485 4487 
3044 7020 8815 9007 
3045 6340 4557 7037 
3046 3372 3344 7022 
3047 4541 6241 7016 
3048 3865 3866 3867 
3049 2472 2473 3703 
3050 636 38 6958 
3051 716 40 6959 
3052 7127 5544 9544 
3053 717 455 6960 
3054 5086 4550 7202 
3055 7960 7959 7961 
3056 6970 4828 6973 
3057 6883 648 6884 
3058 6768 5086 9611 
3059 5801 5800 6647 
3060 5898 7082 9545 
3061 3391 3394 7017 
3062 4090 4089 4875 
3063 3440 3654 6810 
3064 7004 4578 7150 
3065 5076 4296 6990 
3066 3410 3412 5074 
3067 3149 3652 9571 
3068 2373 2370 7042 
3069 1612 1611 1613 
3070 4576 4550 5085 
3071 3747 2488 7157 
3072 4828 4449 4829 
3073 3631 3735 3736 
3074 4332 5093 5644 
3075 6945 3741 6948 
3076 6184 5085 7032 
3077 7053 6962 7055 
3078 1759 1761 1796 
3079 4253 3824 6858 
3080 7209 5860 7229 
3081 43 715 6966 
3082 3352 5609 7106 
3083 25 26 656 
3084 29 30 654 
3085 27 28 703 
3086 4174 4172 4175 
3087 508 509 652 
3088 7089 1566 7225 
3089 5050 3852 7083 
3090 4312 4323 6856 
3091 1626 1625 1627 
3092 506 507 704 
3093 3431 4090 6778 
3094 1674 1688 6863 
3095 3747 7152 7319 
3096 23 24 706 
3097 503 504 655 
3098 9663 3720 9698 
3099 652 509 6878 
3100 6176 9497 9810 
3101 10009 6194 10014 
3102 5867 4876 5868 
3103 5033 4537 5034 
3104 4862 5030 6894 
3105 21 22 646 
3106 6444 9709 9816 
3107 7157 2484 7486 
3108 31 32 702 
3109 1617 1619 1620 
3110 1761 1763 7021 
3111 6890 637 6891 
3112 2468 2465 2469 
3113 3349 3348 3350 
3114 5095 6098 7332 
3115 3313 3309 7046 
3116 1797 1794 1798 
3117 4158 4157 4452 
3118 510 511 705 
3119 3394 4332 7017 
3120 7332 6098 7373 
3121 3736 4159 4160 
3122 4578 7004 7320 
3123 7150 4578 7319 
3124 6785 6784 6786 
3125 5767 1670 5769 
3126 6765 6538 6766 
3127 5768 5767 6925 
3128 7154 7157 9675 
3129 33 34 643 
3130 55 56 7062 
3131 4349 4319 4350 
3132 19 20 708 
3133 4310 4306 6955 
3134 4893 5116 7114 
3135 3825 3824 4253 
3136 4878 4527 5800 
3137 6858 3824 6860 
3138 464 465 650 
3139 6803 6802 6805 
3140 7206 5529 7320 
3141 6583 5768 6584 
3142 1803 1802 1804 
3143 501 502 711 
3144 3823 4040 6969 
3145 6950 712 6951 
3146 6815 2349 9764 
3147 462 463 707 
3148 1832 1835 7003 
3149 7321 7206 9093 
3150 2359 1597 7033 
3151 1835 3409 3410 
3152 512 513 648 
3153 4842 4867 5593 
3154 3427 5539 7116 
3155 7173 7172 9842 
3156 460 461 642 
3157 1649 4161 9501 
3158 17 18 639 
3159 7188 5084 9622 
3160 1671 1669 1672 
3161 6098 7348 7373 
3162 3461 3518 6979 
3163 6639 6920 6921 
3164 4144 5852 9511 
3165 467 468 667 
3166 7054 7055 7056 
3167 7126 1592 9518 
3168 1850 1852 9057 
3169 7058 724 7059 
3170 655 504 6902 
3171 1745 1746 1747 
3172 1623 1625 1626 
3173 3394 3396 4332 
3174 669 440 7071 
3175 2468 2469 2472 
3176 460 642 6909 
3177 5861 6686 7081 
3178 4251 4407 4408 
3179 3440 3442 3654 
3180 35 36 714 
3181 7106 5609 7107 
3182 469 470 710 
3183 5035 5034 5036 
3184 7091 6183 7108 
3185 721 498 6995 
3186 4330 3854 6208 
3187 7152 7150 7319 
3188 517 518 7029 
3189 4501 4499 7035 
3190 1613 1615 1616 
3191 6208 3854 7068 
3192 720 446 7005 
3193 1739 2355 6781 
3194 5831 4543 5832 
3195 1772 1773 1774 
3196 499 500 645 
3197 4254 4253 4255 
3198 1620 1621 2356 
3199 4327 3461 6979 
3200 9838 6170 9859 
3201 6183 7091 7093 
3202 458 459 718 
3203 9523 2446 9724 
3204 471 472 644 
3205 1835 3410 7003 
3206 5678 4862 6894 
3207 473 474 712 
3208 3456 3459 7095 
3209 475 476 617 
3210 7004 7206 7320 
3211 6797 5644 6798 
3212 3873 3402 5594 
3213 4171 3563 7045 
3214 3742 4553 7038 
3215 4842 5882 6822 
3216 7348 2512 7373 
3217 6577 10174 10666 
3218 3867 3868 4438 
3219 5085 6743 7032 
3220 467 667 6929 
3221 5767 6552 6925 
3222 6255 6964 9678 
3223 1805 1804 1806 
3224 39 40 716 
3225 37 38 636 
3226 41 42 613 
3227 456 457 638 
3228 5544 7126 9518 
3229 4256 4255 4259 
3230 454 455 717 
3231 4160 4263 4375 
3232 54 724 7058 
3233 9940 5615 9971 
3234 7012 2362 9457 
3235 1845 1846 7053 
3236 452 453 612 
3237 7321 9488 9672 
3238 5842 4463 7025 
3239 2464 2462 2465 
3240 6961 1850 9057 
3241 5572 6302 6727 
3242 4332 3396 5093 
3243 709 16 7006 
3244 5055 4917 6228 
3245 3354 3630 4152 
3246 4552 3742 7038 
3247 4541 5853 6241 
3248 3354 4152 7015 
3249 721 6996 6997 
3250 1774 1776 1777 
3251 4294 4292 6209 
3252 4889 4919 5765 
3253 5735 3368 9624 
3254 2460 2356 5083 
3255 5878 1870 7345 
3256 4161 5863 9501 
3257 7244 2512 7348 
3258 2464 2465 2468 
3259 4161 5767 5768 
3260 609 448 7065 
3261 4059 2352 4142 
3262 3529 9811 9873 
3263 4137 4087 4138 
3264 7047 45 7048 
3265 1777 1780 9511 
3266 1636 1633 6984 
3267 6748 5861 7081 
3268 7028 3313 7046 
3269 715 44 7047 
3270 450 451 719 
3271 43 44 715 
3272 4332 6797 7017 
3273 3557 4846 7041 
3274 4533 4534 4535 
3275 1621 1623 6953 
3276 1841 1842 7072 
3277 1845 7054 7072 
3278 6167 6166 6839 
3279 4298 4296 5076 
3280 1609 1611 1612 
3281 1698 9757 9831 
3282 4336 4140 4337 
3283 4323 4310 6955 
3284 5127 7079 7089 
3285 7176 5515 7177 
3286 3496 3417 4123 
3287 5027 5026 5051 
3288 15 709 7104 
3289 1742 1744 1745 
3290 7092 7126 7127 
3291 1617 1618 1619 
3292 1747 1748 1749 
3293 3327 3325 7200 
3294 4262 4261 4272 
3295 5109 7210 9599 
3296 4176 4177 4178 
3297 718 6911 6913 
3298 7247 5151 8992 
3299 1777 1779 1780 
3300 4260 4259 4261 
3301 5902 7349 9337 
3302 2512 7244 7480 
3303 4062 4061 4463 
3304 1642 6745 10002 
3305 3412 3411 3413 
3306 4040 4828 6969 
3307 1875 7120 7121 
3308 2460 5083 6965 
3309 9837 7088 9858 
3310 1797 7014 9333 
3311 3563 3367 7045 
3312 7054 7053 7055 
3313 1763 1765 4162 
3314 3829 4027 4842 
3315 7183 7196 7418 
3316 518 519 7030 
3317 5835 5834 5836 
3318 45 46 7048 
3319 814 815 9495 
3320 1822 1825 7040 
3321 4137 4138 7129 
3322 1613 1614 1615 
3323 447 448 609 
3324 1607 1609 7026 
3325 2354 3354 7015 
3326 46 47 602 
3327 5616 4253 6858 
3328 4351 4541 7016 
3329 7064 7143 7144 
3330 7345 7121 7346 
3331 5897 7234 9575 
3332 445 446 720 
3333 3410 3409 3411 
3334 4852 5625 6170 
3335 3325 5569 7200 
3336 4268 4373 4889 
3337 4567 4518 4568 
3338 6969 6970 6971 
3339 3335 3337 7067 
3340 5624 5018 6213 
3341 5025 4133 5026 
3342 1841 7072 7078 
3343 4797 7200 7201 
3344 4062 4463 5842 
3345 6337 8283 10494 
3346 5151 7247 8775 
3347 3414 3413 3415 
3348 442 443 600 
3349 7083 5705 7084 
3350 7321 954 9488 
3351 4304 4303 4305 
3352 4066 3563 4171 
3353 6125 7052 9618 
3354 1635 1639 9501 
3355 1742 1745 7094 
3356 1749 1750 1751 
3357 3682 4797 7086 
3358 4174 4175 4176 
3359 5043 4470 5600 
3360 5763 4258 5764 
3361 1602 1601 1603 
3362 1621 1622 1623 
3363 7291 7160 9385 
3364 4463 4464 5816 
3365 4937 6804 6807 
3366 4597 6777 7224 
3367 2421 3741 7191 
3368 3652 7128 9571 
3369 1585 1588 7108 
3370 5051 5829 6753 
3371 7121 7119 8933 
3372 9666 6994 9696 
3373 2473 2469 3737 
3374 3378 3558 4061 
3375 1767 1769 1770 
3376 4893 3399 5116 
3377 1725 1723 1726 
3378 2494 4604 7233 
3379 3721 2381 4133 
3380 4349 4350 4351 
3381 4968 4888 6166 
3382 3367 3364 9224 
3383 3376 3377 3378 
3384 26 27 6865 
3385 28 29 6867 
3386 24 25 6893 
3387 507 508 6875 
3388 4487 4921 6690 
3389 3378 4061 4062 
3390 6913 6911 6914 
3391 1849 6961 6962 
3392 9224 5585 9225 
3393 1694 2354 6795 
3394 958 8815 9488 
3395 495 618 7109 
3396 4553 2423 7191 
3397 5855 4579 6780 
3398 4375 4376 4377 
3399 804 4277 7256 
3400 502 503 6899 
3401 2494 7233 7249 
3402 1697 1699 1700 
3403 1688 1676 1689 
3404 2523 2521 7430 
3405 7298 9591 9601 
3406 1842 1845 7072 
3407 5037 5036 5038 
3408 6947 7197 9517 
3409 3637 2297 3824 
3410 1735 1726 1736 
3411 712 474 6952 
3412 4393 5705 7083 
3413 1722 1720 1723 
3414 4535 4536 4537 
3415 1606 1605 1607 
3416 1606 1607 2358 
3417 514 515 722 
3418 5025 5026 5027 
3419 6822 5882 9831 
3420 3374 3375 3376 
3421 9757 6956 9831 
3422 9822 7088 9837 
3423 6795 2354 7015 
3424 20 21 6895 
3425 497 498 721 
3426 4273 4272 4274 
3427 7085 5107 7219 
3428 7026 1612 9939 
3429 5897 7233 7234 
3430 4029 4851 4852 
3431 2370 2368 7042 
3432 7256 5624 7257 
3433 1603 1605 1606 
3434 5457 7236 9670 
3435 3852 3851 7083 
3436 461 462 6906 
3437 7331 5105 7332 
3438 5113 3335 7067 
3439 2380 2377 2381 
3440 7160 4246 9385 
3441 468 469 6926 
3442 34 35 6916 
3443 1627 1628 1629 
3444 7197 5543 9517 
3445 5105 5095 7332 
3446 7165 6843 9780 
3447 4319 4316 7138 
3448 988 7411 8980 
3449 7087 4577 7088 
3450 2362 1573 9457 
3451 1846 1849 7053 
3452 5588 9663 9698 
3453 1849 6962 7053 
3454 2358 1607 7026 
3455 500 501 6924 
3456 3721 4133 5025 
3457 9843 4291 9878 
3458 49 50 668 
3459 4566 7140 7141 
3460 5142 7142 7275 
3461 7023 9717 9743 
3462 33 643 6919 
3463 4321 4309 9117 
3464 5609 3382 7186 
3465 4438 4439 4964 
3466 2495 2494 7249 
3467 5889 4580 9707 
3468 472 473 6949 
3469 1914 7349 9420 
3470 7092 7090 7126 
3471 6844 6845 6846 
3472 5764 7022 7023 
3473 7052 3740 9618 
3474 1599 1601 1602 
3475 1589 1592 7090 
3476 36 37 6954 
3477 2376 2373 2377 
3478 4852 4851 5625 
3479 3374 3376 5084 
3480 4332 5644 6797 
3481 2399 2395 7139 
3482 4888 4501 7035 
3483 3309 3310 7046 
3484 7050 4538 7051 
3485 4510 5780 5781 
3486 38 39 6958 
3487 40 41 6959 
3488 455 456 6960 
3489 4302 4300 4303 
3490 5522 3449 7218 
3491 4066 4171 4172 
3492 1704 1705 1706 
3493 5876 6733 7118 
3494 1623 1624 1625 
3495 16 17 7006 
3496 5864 6752 7110 
3497 1583 1585 7108 
3498 42 43 6966 
3499 6166 4888 7035 
3500 498 499 6995 
3501 7243 5150 7244 
3502 511 512 6882 
3503 7079 5127 7166 
3504 2380 2381 3721 
3505 1780 1784 1785 
3506 5107 7085 7220 
3507 4557 4170 7037 
3508 4968 6166 6167 
3509 7123 5121 7124 
3510 5101 7123 7124 
3511 1872 1875 7345 
3512 3374 5084 9057 
3513 5566 5568 9806 
3514 6929 6928 6930 
3515 1631 1632 1633 
3516 2291 6721 6722 
3517 441 7069 7071 
3518 4852 6170 6988 
3519 5622 4813 9706 
3520 1694 1693 1695 
3521 7177 5515 9449 
3522 5705 4960 6243 
3523 4546 5839 7057 
3524 1609 1610 1611 
3525 3654 4093 6810 
3526 1855 3373 3374 
3527 648 513 6885 
3528 7064 620 7143 
3529 2376 2377 2380 
3530 7330 3762 9543 
3531 4275 4274 4287 
3532 3318 3317 3851 
3533 7125 992 8887 
3534 1816 1818 1819 
3535 15 16 709 
3536 4040 4448 4449 
3537 7087 5876 7118 
3538 620 57 7143 
3539 2461 2460 2462 
3540 7035 4499 9117 
3541 5864 4557 6340 
3542 4172 4171 7202 
3543 7142 1542 7275 
3544 4290 5619 5621 
3545 1751 1752 1753 
3546 4258 3372 7022 
3547 4311 4310 4312 
3548 5151 5150 7243 
3549 556 53 7058 
3550 7247 4191 8775 
3551 1701 1703 1704 
3552 3337 3340 7067 
3553 4170 3852 5050 
3554 7074 5889 9694 
3555 2358 7026 7245 
3556 7210 6154 9599 
3557 5151 7243 8992 
3558 3459 4327 7095 
3559 1596 1597 2359 
3560 6454 6452 10067 
3561 3420 7031 9647 
3562 3898 2399 7139 
3563 1715 1717 9856 
3564 2372 2370 2373 
3565 3333 5113 7164 
3566 2372 2373 2376 
3567 1885 7184 9288 
3568 477 478 713 
3569 849 852 9395 
3570 143 144 8072 
3571 446 447 7005 
3572 7196 7195 7418 
3573 1706 1707 1708 
3574 4433 4142 4434 
3575 3464 4029 7031 
3576 7244 5150 7480 
3577 1596 1595 1597 
3578 4313 4312 4314 
3579 441 442 7069 
3580 4393 4960 5705 
3581 1588 7091 7108 
3582 5051 5026 5829 
3583 7216 5498 7217 
3584 7120 7119 7121 
3585 2463 2462 2464 
3586 7246 4191 7247 
3587 2275 2328 3822 
3588 2368 5088 7042 
3589 9440 7155 9675 
3590 1604 7106 7107 
3591 4170 5050 7037 
3592 5864 6340 6752 
3593 7089 7080 9590 
3594 3654 3442 3655 
3595 6909 6908 6910 
3596 4463 4061 4464 
3597 2368 2359 5088 
3598 1811 1810 1812 
3599 6797 6798 6799 
3600 4615 4601 9399 
3601 3682 3330 4797 
3602 3851 4393 7083 
3603 7273 6774 7353 
3604 4889 4373 4919 
3605 2351 4058 4542 
3606 7176 1568 9396 
3607 3340 3342 4290 
3608 4615 7159 7291 
3609 7090 1592 7126 
3610 7124 5121 8960 
3611 7159 7160 7291 
3612 3316 3315 3317 
3613 3394 3395 3396 
3614 6173 7147 7149 
3615 2459 2356 2460 
3616 3318 3851 3852 
3617 4554 2358 6202 
3618 3851 4392 4393 
3619 7147 6173 7162 
3620 3474 5555 7117 
3621 5843 5842 6761 
3622 5611 3682 7086 
3623 5765 4919 6342 
3624 9088 9553 9636 
3625 52 53 556 
3626 1593 1595 1596 
3627 1592 1591 1593 
3628 6993 5621 6994 
3629 4393 4949 4960 
3630 1708 1709 1710 
3631 1875 7121 7345 
3632 5085 5086 6743 
3633 5515 7176 9396 
3634 4152 4153 4154 
3635 7224 6777 9724 
3636 7011 7012 9923 
3637 5816 4464 5817 
3638 3823 4039 4040 
3639 3291 3289 7259 
3640 4590 4589 5045 
3641 7301 664 7302 
3642 3759 4191 7246 
3643 9337 5140 9534 
3644 5137 5079 9504 
3645 1582 2388 7174 
3646 5854 6783 6784 
3647 10312 7888 10333 
3648 4138 4336 7129 
3649 1588 1589 7090 
3650 1603 1604 1605 
3651 7198 6947 9325 
3652 4308 4306 4310 
3653 1588 1587 1589 
3654 3378 3377 3558 
3655 5781 5780 6632 
3656 7184 5559 9288 
3657 9747 2350 9835 
3658 7200 5569 7201 
3659 4315 4314 4316 
3660 3376 3375 3377 
3661 4346 5726 7136 
3662 3385 3368 5735 
3663 7145 5122 9319 
3664 1838 1841 9472 
3665 1891 7250 9375 
3666 9361 7125 9532 
3667 7250 7187 9375 
3668 5096 4975 6269 
3669 3305 7119 7120 
3670 7367 7269 9250 
3671 3316 3317 3318 
3672 4290 3342 5619 
3673 6378 4874 6379 
3674 3487 5602 9773 
3675 7123 5101 7125 
3676 3307 3312 7119 
3677 4288 4287 4289 
3678 1579 1582 7174 
3679 9737 7132 9767 
3680 9865 6297 9970 
3681 2361 1583 7108 
3682 724 55 7062 
3683 1589 1591 1592 
3684 5457 7224 9724 
3685 7063 620 7064 
3686 3549 6964 9710 
3687 3353 6855 7165 
3688 7219 5107 9267 
3689 7349 5902 9420 
3690 3314 3313 3315 
3691 3374 3373 3375 
3692 1599 1600 1601 
3693 4927 4258 5763 
3694 5142 7134 7142 
3695 7349 1919 9337 
3696 2456 2454 7261 
3697 3865 3655 3866 
3698 3289 5520 7259 
3699 448 449 7065 
3700 5100 7179 7180 
3701 1710 1711 1712 
3702 439 440 669 
3703 1813 1812 1814 
3704 3280 3282 7166 
3705 7033 1602 9695 
3706 699 7303 7304 
3707 1633 1634 1635 
3708 5898 7367 9250 
3709 1899 7196 7352 
3710 7217 5498 9364 
3711 1875 1876 7120 
3712 7148 7176 7177 
3713 3347 3349 7194 
3714 7330 6145 7331 
3715 5879 4591 9817 
3716 5096 6269 7009 
3717 7159 4615 9399 
3718 1617 1615 1618 
3719 3312 3309 3313 
3720 7113 4593 7228 
3721 1869 5878 6782 
3722 7123 7125 8887 
3723 7059 7060 7061 
3724 7221 7219 9267 
3725 7059 724 7060 
3726 5764 4258 7022 
3727 4090 5866 6778 
3728 1889 7172 7173 
3729 6379 4874 9497 
3730 5646 4351 7016 
3731 3696 6429 7137 
3732 4365 4289 4366 
3733 7131 4584 7132 
3734 5104 5909 7512 
3735 7331 6145 8814 
3736 7216 1544 9343 
3737 54 55 724 
3738 5909 7510 7512 
3739 5102 5908 7402 
3740 1739 1738 1740 
3741 3314 3315 3316 
3742 495 496 618 
3743 4132 4975 5096 
3744 3307 3308 3309 
3745 7115 5879 9815 
3746 2521 3759 7430 
3747 1597 1599 7033 
3748 7190 9678 9725 
3749 4593 7113 7410 
3750 1610 3387 7043 
3751 4593 2523 7430 
3752 4986 3709 7181 
3753 1623 1626 6953 
3754 9694 5889 9707 
3755 1582 1581 1583 
3756 3305 3306 3307 
3757 7434 5111 7511 
3758 1561 1564 7162 
3759 1635 1638 1639 
3760 7274 5496 7410 
3761 4132 4410 4975 
3762 44 45 7047 
3763 7411 7274 8980 
3764 1607 1608 1609 
3765 9322 7182 9466 
3766 848 849 9395 
3767 2381 2377 3890 
3768 6409 5021 7220 
3769 1585 1587 1588 
3770 5883 6760 7158 
3771 1688 6862 6863 
3772 2367 2359 2368 
3773 9499 7135 9584 
3774 1579 1581 1582 
3775 3330 3327 7200 
3776 3340 4290 7067 
3777 4047 3372 4258 
3778 3710 4346 7136 
3779 1582 1583 2361 
3780 1731 1712 6852 
3781 3302 5587 7189 
3782 7254 7255 9465 
3783 5111 5110 9172 
3784 725 494 7109 
3785 4165 4163 5857 
3786 7343 9633 9674 
3787 1613 1611 1614 
3788 2369 2368 2370 
3789 2406 2399 2407 
3790 3312 3313 3314 
3791 516 517 637 
3792 4499 4321 9117 
3793 4290 5621 6993 
3794 4829 4830 4831 
3795 1578 1577 1579 
3796 3307 3309 3312 
3797 9716 7132 9737 
3798 7511 5111 9172 
3799 7131 5883 7158 
3800 4960 6246 7075 
3801 4350 4319 7138 
3802 7091 7090 7092 
3803 7196 6938 7352 
3804 3617 9568 9625 
3805 1639 1642 1643 
3806 7113 7274 7410 
3807 3700 7145 9319 
3808 7167 2534 7580 
3809 2395 2393 7139 
3810 5908 7401 7402 
3811 660 14 7104 
3812 3851 3317 4392 
3813 4290 6993 7067 
3814 2534 7167 7168 
3815 3709 3500 7181 
3816 5053 5038 7013 
3817 5127 3280 7166 
3818 3305 3307 7119 
3819 1589 1590 1591 
3820 7411 9361 9532 
3821 1597 1598 1599 
3822 5530 7342 7343 
3823 5100 2408 7179 
3824 2371 2370 2372 
3825 3459 3460 3461 
3826 4154 4155 4156 
3827 1741 1740 1742 
3828 5498 7216 9343 
3829 5471 3299 9502 
3830 7960 7961 7962 
3831 8871 9471 9583 
3832 2496 9440 9675 
3833 7143 723 7144 
3834 7148 7146 7176 
3835 2427 6989 9659 
3836 4330 6208 6250 
3837 9169 7170 9432 
3838 1879 3304 3305 
3839 3745 4570 7140 
3840 5080 9322 9466 
3841 6183 2361 7108 
3842 3759 7246 9531 
3843 1593 1594 1595 
3844 5021 5107 7220 
3845 6182 2361 6183 
3846 1590 7002 9666 
3847 3387 3389 5091 
3848 4634 2532 7169 
3849 3310 3657 4132 
3850 4367 4366 4368 
3851 1852 1855 9057 
3852 7198 886 9310 
3853 7134 5142 7222 
3854 1565 1568 7146 
3855 14 15 7104 
3856 1876 1879 7120 
3857 9815 5879 9817 
3858 1879 3305 7120 
3859 4566 3745 7140 
3860 3315 3313 7028 
3861 1621 1619 1622 
3862 5726 4992 6325 
3863 3479 3294 4813 
3864 1559 1561 7162 
3865 2398 2395 2399 
3866 6557 6696 6697 
3867 3420 3464 7031 
3868 4169 3852 4170 
3869 2398 2399 2406 
3870 4029 4850 4851 
3871 6824 9645 9912 
3872 440 441 7071 
3873 2393 2391 5094 
3874 4292 4282 9660 
3875 1889 1890 7172 
3876 6445 3877 7185 
3877 56 57 620 
3878 6993 6994 7002 
3879 4591 9523 9834 
3880 1650 1651 1652 
3881 144 771 8072 
3882 586 143 8072 
3883 2474 2470 3707 
3884 5106 5102 7402 
3885 4393 4392 4949 
3886 5878 7345 7346 
3887 3382 3447 7186 
3888 6243 4960 7075 
3889 6442 7252 9476 
3890 3710 3709 4346 
3891 2388 2361 6182 
3892 5114 3149 9571 
3893 2408 1549 7179 
3894 6162 7999 10569 
3895 1885 1886 7175 
3896 3391 3393 3394 
3897 7411 988 9361 
3898 3893 3710 7136 
3899 1575 1577 1578 
3900 3282 3285 7166 
3901 7146 1568 7176 
3902 4277 5624 7256 
3903 7312 7329 9165 
3904 5069 4557 5864 
3905 7430 3759 9531 
3906 1889 7173 7175 
3907 53 54 7058 
3908 1572 1573 2362 
3909 5711 5712 10071 
3910 6955 5078 7317 
3911 722 515 6889 
3912 4346 4992 5726 
3913 4556 4170 4557 
3914 3501 3500 3709 
3915 6165 7212 7214 
3916 7204 4825 7205 
3917 7045 3367 9224 
3918 873 876 9336 
3919 1885 7175 7184 
3920 3884 5047 5099 
3921 2393 5094 7139 
3922 5907 5114 9556 
3923 2454 3744 7261 
3924 1600 3352 7106 
3925 4377 4378 4379 
3926 1770 1769 1771 
3927 5865 5864 7110 
3928 4960 4949 6246 
3929 7142 7135 9499 
3930 1572 1571 1573 
3931 9325 6947 9517 
3932 7212 6165 7215 
3933 1564 7147 7162 
3934 6269 4975 6270 
3935 1616 1617 9628 
3936 4175 4172 7202 
3937 5121 7512 8960 
3938 5587 3398 9044 
3939 3360 3653 7342 
3940 992 7125 9361 
3941 4346 4986 4992 
3942 7312 5911 7329 
3943 3265 3268 7182 
3944 7079 5605 7080 
3945 7311 5911 7312 
3946 5908 7400 7401 
3947 4184 5601 5605 
3948 5911 7311 7564 
3949 1569 1571 1572 
3950 2534 7168 7169 
3951 5899 9078 9438 
3952 664 492 7171 
3953 3307 3306 3308 
3954 3305 3304 3306 
3955 3447 5522 7186 
3956 3501 3709 3710 
3957 3309 3308 3310 
3958 4570 2456 7261 
3959 7160 5907 9539 
3960 3278 5127 7225 
3961 5121 5104 7512 
3962 1603 1601 1604 
3963 7255 5527 9465 
3964 6145 7330 9543 
3965 7510 5909 7511 
3966 1568 1567 1569 
3967 3631 3355 3735 
3968 1899 7195 7196 
3969 3324 3326 9393 
3970 5906 7395 9178 
3971 3449 3647 7218 
3972 5909 7434 7511 
3973 1787 1788 1789 
3974 1579 1580 1581 
3975 5573 6193 9773 
3976 491 664 7301 
3977 497 721 7000 
3978 494 495 7109 
3979 4164 4487 9715 
3980 1564 1565 7146 
3981 1564 1563 1565 
3982 3268 3267 3500 
3983 9989 4576 10021 
3984 3637 3824 3825 
3985 3464 4028 4029 
3986 1819 1820 1821 
3987 5530 3360 7342 
3988 2387 1559 7162 
3989 3234 3232 7427 
3990 818 4510 9495 
3991 5177 5119 9142 
3992 1886 1889 7175 
3993 3479 4813 5622 
3994 4132 3657 4410 
3995 2532 2534 7169 
3996 1558 3903 7227 
3997 493 494 725 
3998 3921 3207 7187 
3999 1555 1558 7227 
4000 3340 3341 3342 
4001 1835 1836 3409 
4002 1893 4247 5081 
4003 1599 1602 7033 
4004 3268 3500 3501 
4005 1578 1579 7174 
4006 1565 1567 1568 
4007 2390 2362 2391 
4008 5112 7231 7232 
4009 2492 2490 7319 
4010 3285 3287 4184 
4011 3352 3382 5609 
4012 563 62 8124 
4013 3434 3435 3436 
4014 3825 4253 4254 
4015 7395 7300 9178 
4016 3264 3263 3265 
4017 5902 9337 9534 
4018 3424 4825 7204 
4019 7211 1544 7216 
4020 3242 3244 7222 
4021 7199 5915 7362 
4022 5915 7199 8812 
4023 4634 7169 7170 
4024 2382 2378 3725 
4025 1899 1900 7195 
4026 7199 7362 7476 
4027 3294 3291 7259 
4028 5545 3406 9371 
4029 4837 4954 5566 
4030 3265 3266 3267 
4031 58 723 7143 
4032 3461 3517 3518 
4033 1934 1936 7366 
4034 3427 3429 5539 
4035 3232 5512 7427 
4036 637 517 7029 
4037 3218 3222 7208 
4038 490 491 7301 
4039 9556 5114 9571 
4040 7252 3679 9476 
4041 1890 1893 7172 
4042 3447 3449 5522 
4043 2431 5112 7271 
4044 1602 1603 9560 
4045 2392 2391 2393 
4046 7358 5177 9142 
4047 7170 7169 9432 
4048 1583 1584 1585 
4049 4577 2417 7226 
4050 6311 4980 9494 
4051 5555 5556 6198 
4052 5062 5045 6718 
4053 3261 3262 3263 
4054 5129 7400 9311 
4055 1585 1586 1587 
4056 4182 3748 7320 
4057 5081 4247 6937 
4058 5177 7358 9028 
4059 7154 3747 7157 
4060 4842 4027 4867 
4061 5585 3321 9602 
4062 1893 5081 7172 
4063 2417 2412 7226 
4064 3733 2406 5847 
4065 3568 9469 9548 
4066 4601 7395 9399 
4067 493 725 7171 
4068 3259 3260 3261 
4069 3518 3723 3724 
4070 4184 5605 7079 
4071 7399 3758 7400 
4072 1606 2358 4554 
4073 9058 9404 9492 
4074 3264 3265 7182 
4075 699 489 7303 
4076 3265 3267 3268 
4077 8121 8122 8123 
4078 3267 3696 7137 
4079 6436 9470 9569 
4080 1896 1899 7352 
4081 4992 6324 7133 
4082 7270 7103 9202 
4083 58 59 723 
4084 3500 7137 7181 
4085 9078 2400 9438 
4086 1561 1563 1564 
4087 1537 1540 7215 
4088 1558 1559 2387 
4089 9539 5907 9556 
4090 1555 1557 1558 
4091 5848 5847 7388 
4092 872 873 9336 
4093 3726 2384 4540 
4094 5746 4893 7114 
4095 1558 1557 1559 
4096 3696 5766 6429 
4097 4392 3317 9455 
4098 7253 3255 9402 
4099 5110 7167 9172 
4100 2394 2393 2395 
4101 2407 2399 3898 
4102 5901 5848 7388 
4103 4824 3921 7187 
4104 1473 1476 7380 
4105 887 890 9310 
4106 8960 7437 9387 
4107 7400 3758 7401 
4108 4972 3299 5471 
4109 6186 9876 9879 
4110 4887 4501 4888 
4111 3221 3219 7221 
4112 3877 3876 7185 
4113 7147 7146 7148 
4114 4846 4847 5570 
4115 4184 3287 5601 
4116 1554 1553 1555 
4117 9202 7103 9203 
4118 1882 1885 9288 
4119 5142 3242 7222 
4120 1588 7090 7091 
4121 3758 7399 8571 
4122 6178 4824 6179 
4123 1741 1742 7094 
4124 6179 4824 7187 
4125 7079 7080 7089 
4126 2410 5100 7226 
4127 3310 4132 7046 
4128 2396 2395 2398 
4129 4369 4368 4370 
4130 4831 4872 4873 
4131 2418 2417 2425 
4132 1712 1714 1715 
4133 3315 7028 9455 
4134 4797 3330 7200 
4135 1919 7230 9337 
4136 5112 2429 7231 
4137 4250 4151 4251 
4138 6173 2387 7162 
4139 7329 4600 9165 
4140 3415 3416 4010 
4141 3216 3218 7208 
4142 7224 5457 9670 
4143 3261 3263 3264 
4144 7293 5469 7294 
4145 7167 7580 9172 
4146 7382 4607 7429 
4147 7399 7235 8571 
4148 6944 6947 7198 
4149 6842 6840 9861 
4150 1903 3258 3259 
4151 8121 686 8122 
4152 2468 2472 2477 
4153 7180 1554 7227 
4154 7195 3259 7418 
4155 1548 1549 2408 
4156 4346 3709 4986 
4157 7469 7467 9305 
4158 7091 7092 7093 
4159 3296 4257 9480 
4160 6172 2387 6173 
4161 490 7301 7303 
4162 1541 1544 7211 
4163 4511 3257 7253 
4164 6777 9523 9724 
4165 3254 5564 7396 
4166 4318 4316 4319 
4167 7400 5908 9311 
4168 7362 2569 7476 
4169 6255 6257 6964 
4170 3700 5655 7145 
4171 3261 3264 7418 
4172 1535 1537 7215 
4173 7189 5587 9276 
4174 4554 6202 6203 
4175 3500 3267 7137 
4176 1596 2359 2367 
4177 3647 4837 7218 
4178 5566 5567 5568 
4179 7366 7269 7367 
4180 1900 1903 7195 
4181 5529 7206 7321 
4182 1565 1566 1567 
4183 4504 4901 5574 
4184 7311 3756 7564 
4185 6325 4992 7133 
4186 5620 7085 7219 
4187 5457 2428 7236 
4188 2418 2425 2426 
4189 1903 3259 7195 
4190 3265 3263 3266 
4191 7357 7193 7358 
4192 9808 5877 9822 
4193 2414 2412 2417 
4194 4401 7219 7221 
4195 7309 3756 7311 
4196 6719 5901 6939 
4197 3914 1934 7366 
4198 3264 7183 7418 
4199 1949 7292 9064 
4200 4191 7355 8775 
4201 9226 5156 9369 
4202 3224 3223 3876 
4203 4571 3877 6445 
4204 4191 2520 7355 
4205 2429 1525 7231 
4206 1582 2361 2388 
4207 2414 2417 2418 
4208 1575 1576 1577 
4209 3746 3710 3893 
4210 9591 7234 9601 
4211 7337 1486 9126 
4212 4609 7192 7357 
4213 1627 1625 1628 
4214 7192 4609 7307 
4215 4992 4986 6324 
4216 8203 8202 8204 
4217 1573 1574 1575 
4218 7337 5455 7338 
4219 4818 4799 9533 
4220 7270 920 9158 
4221 9229 7228 9531 
4222 6947 6946 7197 
4223 6202 2358 7245 
4224 7235 4610 8571 
4225 3903 2387 6172 
4226 3244 3248 7222 
4227 1929 9484 9557 
4228 1593 1591 1594 
4229 3756 7309 7501 
4230 3551 3237 5562 
4231 1074 7469 9305 
4232 7590 2570 9069 
4233 3267 3266 3696 
4234 3754 4596 7401 
4235 1551 1553 1554 
4236 9735 5602 9836 
4237 57 58 7143 
4238 1589 1587 1590 
4239 2376 2380 2386 
4240 3876 4472 4473 
4241 897 900 9192 
4242 1849 1850 6961 
4243 7156 7323 9315 
4244 7000 6997 7001 
4245 7179 1554 7180 
4246 5049 6499 6500 
4247 7307 4609 7501 
4248 4473 5021 5049 
4249 3322 1535 7215 
4250 6186 3740 7052 
4251 2410 2408 5100 
4252 2490 3747 7319 
4253 7381 7382 7429 
4254 698 11 7441 
4255 2570 7590 7716 
4256 7338 5455 9149 
4257 3456 3458 3459 
4258 1919 1920 7230 
4259 3261 3260 3262 
4260 7119 3312 8933 
4261 7098 7270 9158 
4262 5891 7243 7244 
4263 3257 3255 7253 
4264 6366 6167 6367 
4265 1549 1551 7179 
4266 7590 7239 7716 
4267 5569 3298 9530 
4268 3889 5058 5109 
4269 3224 3876 3877 
4270 4610 7235 7327 
4271 3259 3258 3260 
4272 8200 8201 8202 
4273 62 63 8124 
4274 11 12 7441 
4275 6944 6945 6946 
4276 3876 4473 7185 
4277 1548 1547 1549 
4278 3658 4564 7203 
4279 3385 5735 6350 
4280 7239 2565 7716 
4281 1540 7212 7215 
4282 9575 7234 9591 
4283 5049 6409 6499 
4284 2565 7239 7240 
4285 7323 5499 9315 
4286 852 3884 9395 
4287 7134 5580 7135 
4288 7358 7193 9028 
4289 4189 5578 5580 
4290 3200 3198 7496 
4291 804 4092 4277 
4292 7192 7193 7357 
4293 3647 4445 4837 
4294 1545 1547 1548 
4295 7385 5532 9458 
4296 5564 3343 9088 
4297 7309 7307 7501 
4298 1569 1570 1571 
4299 5922 9388 9462 
4300 5164 7277 7416 
4301 6429 5766 6430 
4302 5903 7246 7247 
4303 1939 7268 7269 
4304 7292 5500 9064 
4305 9043 7242 9327 
4306 1592 1593 9518 
4307 3222 3221 3223 
4308 4578 2492 7319 
4309 1954 1956 7394 
4310 1534 3910 7272 
4311 3214 5140 7230 
4312 7233 4604 7234 
4313 2409 2408 2410 
4314 6944 6946 6947 
4315 1540 1541 7211 
4316 7470 5390 8645 
4317 4135 2402 9078 
4318 5140 3216 7208 
4319 5900 5848 5901 
4320 1544 1543 1545 
4321 7213 7216 7217 
4322 2353 6792 9958 
4323 4646 2563 7241 
4324 3221 7221 9267 
4325 6942 6944 7198 
4326 886 887 9310 
4327 3557 4442 4846 
4328 519 520 670 
4329 4302 4303 4304 
4330 5856 6715 6716 
4331 3285 4184 7166 
4332 3748 4578 7320 
4333 4610 7327 8625 
4334 3758 3754 7401 
4335 1540 1539 1541 
4336 1531 1534 7272 
4337 6942 6943 6944 
4338 3240 5142 7275 
4339 6199 6597 6598 
4340 3258 1904 9198 
4341 7238 7381 7429 
4342 7294 5469 9251 
4343 2428 1515 7236 
4344 886 7198 9325 
4345 3209 7238 7380 
4346 4901 5783 7190 
4347 1554 1555 7227 
4348 5119 5915 9142 
4349 907 910 9185 
4350 5896 6825 7249 
4351 4184 7079 7166 
4352 3333 3335 5113 
4353 1597 1595 1598 
4354 5574 4901 7190 
4355 3248 3251 4189 
4356 3198 5491 7496 
4357 7238 3209 7381 
4358 5109 7209 7210 
4359 4024 4843 6192 
4360 3218 3219 3221 
4361 1541 1543 1544 
4362 5529 4182 7320 
4363 8200 8202 8203 
4364 3216 3217 3218 
4365 3474 4358 5555 
4366 7254 5073 7255 
4367 5620 6473 7085 
4368 7213 7211 7216 
4369 5620 5771 6473 
4370 7277 1484 7416 
4371 4401 5620 7219 
4372 5541 9473 9491 
4373 3214 3215 3216 
4374 1652 1653 1654 
4375 9703 5884 9716 
4376 1472 7237 7432 
4377 3222 3223 3224 
4378 1555 1556 1557 
4379 2412 2410 7226 
4380 5064 5875 9641 
4381 3653 4504 7342 
4382 3629 9390 9459 
4383 3193 3702 7260 
4384 7283 5171 9205 
4385 2516 2514 9291 
4386 7233 5896 7249 
4387 4401 4423 5620 
4388 2404 2402 4135 
4389 3266 3263 9319 
4390 7408 7421 9046 
4391 7342 5574 7343 
4392 5891 7348 9277 
4393 1753 1754 1755 
4394 1534 1535 3322 
4395 4950 4392 9455 
4396 1476 3209 7380 
4397 696 483 7482 
4398 7466 5390 7470 
4399 5915 8812 9142 
4400 5474 7258 9200 
4401 6412 4988 9403 
4402 4277 4994 5018 
4403 1936 1939 7366 
4404 3326 3400 9393 
4405 7293 1510 9196 
4406 7251 7250 9579 
4407 4062 5842 5843 
4408 3163 3165 7316 
4409 1472 1473 7380 
4410 483 484 7482 
4411 1561 1562 1563 
4412 2411 2410 2412 
4413 1559 1560 1561 
4414 1070 7470 8645 
4415 4254 4255 4256 
4416 3218 3221 3222 
4417 5455 7337 9126 
4418 4156 4157 4158 
4419 1923 3213 3214 
4420 4189 5580 7134 
4421 7962 7961 7963 
4422 1534 1533 1535 
4423 2367 2368 2369 
4424 932 7283 9205 
4425 3225 4401 7221 
4426 2570 2569 7369 
4427 2569 7362 7369 
4428 3362 3321 5585 
4429 5389 3163 7316 
4430 1573 1575 9457 
4431 1531 1533 1534 
4432 3237 3234 7427 
4433 3337 3339 3340 
4434 3876 3223 4472 
4435 6942 7198 9310 
4436 7408 5925 7421 
4437 1537 1539 1540 
4438 7407 5925 7408 
4439 7258 7391 9200 
4440 7314 5533 9412 
4441 9407 9198 9450 
4442 5469 7293 9196 
4443 2565 7240 7241 
4444 3214 3216 5140 
4445 3219 3225 7221 
4446 5154 3196 9339 
4447 4558 5073 7254 
4448 6148 7280 7282 
4449 5925 7407 7637 
4450 7327 5143 8625 
4451 7212 7211 7213 
4452 7394 7300 7395 
4453 6165 3322 7215 
4454 2520 2518 7355 
4455 896 897 9192 
4456 6310 4980 6311 
4457 5530 7343 9553 
4458 3914 7367 9545 
4459 7280 6148 7284 
4460 1551 1554 7179 
4461 1920 1923 7230 
4462 2014 2017 7461 
4463 3271 4804 9290 
4464 3400 3424 7204 
4465 8200 775 8201 
4466 6179 7187 7250 
4467 4813 3294 7259 
4468 2518 2516 7354 
4469 1607 1605 1608 
4470 4189 3251 5578 
4471 1524 2430 7285 
4472 2433 2431 7271 
4473 7401 4596 7402 
4474 7328 7156 9086 
4475 3424 3443 4825 
4476 5109 5058 7209 
4477 1855 1856 3373 
4478 3285 3286 3287 
4479 2413 2412 2414 
4480 3225 3697 4401 
4481 8202 8201 8205 
4482 4494 4370 4862 
4483 2438 2437 2439 
4484 7232 1530 7272 
4485 7134 7135 7142 
4486 1530 1529 1531 
4487 2570 7369 9069 
4488 4012 6151 7431 
4489 4601 1954 7394 
4490 2563 2565 7241 
4491 1579 1577 1580 
4492 1564 7146 7147 
4493 5192 5136 9017 
4494 1521 1524 7285 
4495 5071 6941 6942 
4496 2518 7354 7355 
4497 5164 7265 7277 
4498 7147 7148 7149 
4499 1572 2362 2390 
4500 4473 4472 5021 
4501 1524 1525 2429 
4502 5891 7244 7348 
4503 1568 1569 9396 
4504 3216 3215 3217 
4505 8199 775 8200 
4506 3296 3644 4257 
4507 7278 5134 7453 
4508 1923 3214 7230 
4509 4646 7241 7242 
4510 3214 3213 3215 
4511 7281 7293 7294 
4512 7187 3207 9375 
4513 3931 7295 7457 
4514 5890 3193 7260 
4515 5130 7297 7298 
4516 6164 3322 6165 
4517 1861 1862 9434 
4518 7456 7458 7459 
4519 3218 3217 3219 
4520 4186 3752 7410 
4521 7237 1472 7380 
4522 3193 3192 3702 
4523 5930 7276 8679 
4524 2390 2391 2392 
4525 7276 5930 7454 
4526 7295 7296 7457 
4527 7276 7454 7560 
4528 2369 2370 2371 
4529 5122 3266 9319 
4530 5149 7278 7453 
4531 3702 4493 6483 
4532 7335 1486 7337 
4533 7306 7305 7335 
4534 5390 7466 8700 
4535 6944 6943 6945 
4536 4811 4784 9448 
4537 7242 7241 9327 
4538 5049 5021 6409 
4539 906 907 9185 
4540 5058 5860 7209 
4541 1893 1894 4247 
4542 3205 3203 4799 
4543 2435 2433 2437 
4544 3681 3330 3682 
4545 7269 5118 9250 
4546 2438 2439 2440 
4547 3325 3298 5569 
4548 1549 1550 1551 
4549 1939 7269 7366 
4550 2425 2417 4577 
4551 3910 3322 6164 
4552 7292 7291 9385 
4553 7446 5192 9017 
4554 6781 2355 9715 
4555 7546 7544 9193 
4556 3931 3930 9143 
4557 1772 1771 1773 
4558 1959 7299 7300 
4559 1541 1542 1543 
4560 1869 1870 5878 
4561 5192 7446 8879 
4562 7268 5118 7269 
4563 4083 3682 5611 
4564 3398 3404 9044 
4565 2435 2437 2438 
4566 1983 7364 7649 
4567 7387 5143 9116 
4568 9293 7266 9367 
4569 7231 1530 7232 
4570 7124 8960 9387 
4571 7318 5435 9145 
4572 1558 2387 3903 
4573 74 569 8206 
4574 3302 3398 5587 
4575 1939 1940 7268 
4576 3155 3153 7531 
4577 7305 1482 7335 
4578 1949 7290 7292 
4579 5608 3276 9478 
4580 1548 2408 2409 
4581 7420 6138 9256 
4582 81 82 8119 
4583 1527 1529 1530 
4584 3191 3190 3192 
4585 3310 3311 3657 
4586 2431 2429 5112 
4587 5620 4423 5771 
4588 3904 3877 4571 
4589 6451 6367 6452 
4590 1525 1527 7231 
4591 9122 5166 9279 
4592 2430 2429 2431 
4593 1524 1523 1525 
4594 3897 5064 5117 
4595 1503 1506 7284 
4596 7472 7425 9248 
4597 7344 5144 7372 
4598 1926 1929 8979 
4599 3169 3171 5541 
4600 5918 7372 7432 
4601 1551 1552 1553 
4602 7351 7360 9164 
4603 5643 3179 9308 
4604 1838 1840 1841 
4605 7440 5931 9160 
4606 4047 4258 4927 
4607 5570 5571 5572 
4608 4454 3257 4511 
4609 5721 5125 9275 
4610 5903 7247 8992 
4611 6179 7250 7251 
4612 1521 1523 1524 
4613 1879 1880 3304 
4614 6090 7267 9323 
4615 5089 7098 9158 
4616 3161 5389 7336 
4617 3142 3145 7289 
4618 3188 3189 3190 
4619 3186 3187 3188 
4620 7456 7457 7458 
4621 1098 7546 9193 
4622 7100 7103 7270 
4623 3184 5118 7268 
4624 6473 5771 6578 
4625 1531 1532 1533 
4626 946 7318 9145 
4627 4401 3697 4423 
4628 7281 7279 7293 
4629 7421 4613 9046 
4630 5496 7274 7411 
4631 3153 5470 7531 
4632 9169 2546 9351 
4633 7295 3931 9143 
4634 1654 1663 1664 
4635 5130 2458 7297 
4636 3248 4189 7222 
4637 1956 1959 7394 
4638 1520 1519 1521 
4639 8878 4588 9250 
4640 1545 1546 1547 
4641 772 8117 8118 
4642 4189 7134 7222 
4643 7469 1074 9226 
4644 7354 2516 9291 
4645 3184 3185 3186 
4646 7328 944 9100 
4647 1507 1510 7279 
4648 7265 5164 7340 
4649 13 14 660 
4650 3891 4558 7254 
4651 5143 7327 9116 
4652 9473 5912 9491 
4653 7237 5918 7432 
4654 570 81 8119 
4655 2486 2481 7347 
4656 3350 3430 3431 
4657 7450 1438 8910 
4658 4558 5072 5073 
4659 7348 6098 9277 
4660 7454 2605 7560 
4661 1530 1531 7272 
4662 5906 9178 9242 
4663 6942 6941 6943 
4664 5917 5129 9311 
4665 2444 2428 5457 
4666 1501 1503 7284 
4667 4013 5675 7350 
4668 3478 3294 3479 
4669 5125 7258 9264 
4670 3191 3192 3193 
4671 5572 6301 6302 
4672 7407 3761 7637 
4673 4266 4267 4268 
4674 4472 3223 9267 
4675 7466 7463 8700 
4676 5492 7351 9164 
4677 7547 5372 8563 
4678 7034 5889 7074 
4679 2421 2419 3741 
4680 2371 2372 2374 
4681 876 3889 9336 
4682 64 686 8121 
4683 63 64 8121 
4684 1517 1519 1520 
4685 1515 1517 7236 
4686 2451 2448 4591 
4687 7445 7263 7446 
4688 1565 1563 1566 
4689 3140 3142 7289 
4690 4873 4916 4917 
4691 7405 3761 7407 
4692 7364 5467 7649 
4693 2451 4591 5879 
4694 3188 3190 3191 
4695 7267 4038 9323 
4696 9178 7289 9242 
4697 492 493 7171 
4698 2432 2431 2433 
4699 4132 5096 7046 
4700 6411 4988 6412 
4701 3702 3192 4493 
4702 2458 1491 7297 
4703 1514 1515 2428 
4704 1482 7305 7492 
4705 2013 2014 7461 
4706 3914 7366 7367 
4707 1949 1950 7290 
4708 5520 3211 9439 
4709 6442 6444 7252 
4710 4619 7262 7445 
4711 7262 4619 7403 
4712 7440 6133 9211 
4713 7279 1510 7293 
4714 5918 7344 7372 
4715 7475 7264 9328 
4716 5894 5895 6653 
4717 7264 5468 7453 
4718 3203 3200 7496 
4719 5928 7443 9213 
4720 4967 4888 4968 
4721 6124 5468 7475 
4722 3761 7405 7576 
4723 3205 4799 4818 
4724 7467 7470 9305 
4725 931 934 9111 
4726 2017 7456 7461 
4727 5468 7264 7475 
4728 7228 4593 7430 
4729 7277 7266 9293 
4730 2398 2406 3733 
4731 3184 3186 5118 
4732 1943 3183 3184 
4733 3165 3169 7316 
4734 7457 7296 7458 
4735 7403 4619 7576 
4736 9086 7156 9315 
4737 7469 9226 9369 
4738 7278 5149 7450 
4739 7100 7101 7102 
4740 4604 2486 7347 
4741 4808 3246 9376 
4742 1469 1472 7432 
4743 6483 4493 6645 
4744 3195 3909 4934 
4745 1940 1943 7268 
4746 1514 1513 1515 
4747 3188 3191 8878 
4748 1540 7211 7212 
4749 7306 7335 7337 
4750 6124 7475 9342 
4751 1527 1530 7231 
4752 5134 7264 7453 
4753 3742 2423 4553 
4754 7290 4615 7291 
4755 5163 7569 9146 
4756 4634 7170 7436 
4757 3318 3852 4169 
4758 1959 7300 7394 
4759 3752 4593 7410 
4760 5913 6158 9521 
4761 7100 7102 7103 
4762 1511 1513 1514 
4763 780 8216 8217 
4764 2568 4636 7442 
4765 1855 3374 9057 
4766 5107 4472 9267 
4767 7549 9236 9261 
4768 5118 3186 8878 
4769 3724 4086 4087 
4770 3278 3280 5127 
4771 7446 7263 8879 
4772 7262 7263 7445 
4773 4836 3276 5608 
4774 2442 1501 7284 
4775 1510 1509 1511 
4776 7405 7403 7576 
4777 4815 9222 9223 
4778 1537 1538 1539 
4779 7212 7213 7214 
4780 3262 3269 3700 
4781 7543 5372 7547 
4782 1535 1536 1537 
4783 3186 3185 3187 
4784 1506 7280 7284 
4785 5125 9264 9275 
4786 428 591 8187 
4787 427 428 8187 
4788 3149 3148 3652 
4789 2568 7442 7476 
4790 4588 5898 9250 
4791 3188 3187 3189 
4792 5496 4186 7410 
4793 4016 5579 5584 
4794 1520 1521 7285 
4795 3248 3250 3251 
4796 1506 1507 7279 
4797 7098 7100 7270 
4798 1094 7547 8563 
4799 1506 1505 1507 
4800 2602 2600 7662 
4801 7098 7099 7100 
4802 772 8116 8117 
4803 3821 7440 9160 
4804 920 7270 9202 
4805 479 480 657 
4806 1943 3184 7268 
4807 4805 4778 9381 
4808 3191 4588 8878 
4809 1916 1919 7349 
4810 5928 7442 7443 
4811 4587 5893 5894 
4812 7251 9579 9662 
4813 7299 5124 7300 
4814 1500 3918 7356 
4815 491 492 664 
4816 7393 1458 9000 
4817 1507 1509 1510 
4818 1497 1500 7356 
4819 3867 3866 3868 
4820 7420 9377 9430 
4821 4608 7357 7358 
4822 4815 9223 9506 
4823 5136 5930 9017 
4824 5217 7485 9324 
4825 9553 4809 9636 
4826 633 8114 8115 
4827 3541 3158 4784 
4828 4196 9137 9285 
4829 4815 3548 9222 
4830 3646 7420 9256 
4831 5200 5145 8899 
4832 2569 2568 7476 
4833 3184 3183 3185 
4834 1534 3322 3910 
4835 425 690 7993 
4836 424 425 7993 
4837 1953 4601 4615 
4838 7315 3627 9173 
4839 3123 3125 7340 
4840 2443 2428 2444 
4841 3147 3146 3148 
4842 4489 3196 5154 
4843 5754 4477 9252 
4844 5073 5072 7273 
4845 1959 1960 7299 
4846 2434 2433 2435 
4847 1515 1516 1517 
4848 4002 7472 9248 
4849 3131 3127 7360 
4850 3814 7314 9412 
4851 2439 2437 4584 
4852 7364 5917 9292 
4853 5880 5879 7115 
4854 1524 2429 2430 
4855 5730 7315 9173 
4856 1903 1904 3258 
4857 3099 3097 7528 
4858 6697 6696 6698 
4859 6116 7351 9344 
4860 5941 7334 8611 
4861 1975 7499 9063 
4862 7334 5941 7532 
4863 7334 7532 7625 
4864 3138 5124 7299 
4865 1858 1860 1861 
4866 3145 3144 3146 
4867 2392 2393 2394 
4868 2381 3890 9755 
4869 1544 1545 9343 
4870 73 74 8206 
4871 4607 7382 9489 
4872 3140 3141 3142 
4873 1909 1910 9238 
4874 4504 5574 7342 
4875 2445 2444 2446 
4876 7499 7377 9063 
4877 5930 8679 9017 
4878 1983 7363 7364 
4879 5888 4580 5889 
4880 5124 3140 7289 
4881 1525 1526 1527 
4882 3142 3143 3144 
4883 7290 7291 7292 
4884 5079 5887 9504 
4885 1479 1482 7492 
4886 7278 7450 8910 
4887 7524 5200 8899 
4888 1583 1581 1584 
4889 588 423 7994 
4890 5683 5171 7283 
4891 3138 3139 3140 
4892 1521 1522 1523 
4893 8114 8113 8120 
4894 7361 5178 9066 
4895 5372 7543 8623 
4896 7433 5162 7448 
4897 1862 1865 9434 
4898 5171 3118 9205 
4899 3205 4818 7333 
4900 1500 1499 1501 
4901 2409 2410 2411 
4902 8208 8207 8209 
4903 5200 7524 8760 
4904 7567 7398 8989 
4905 2447 2446 2448 
4906 1950 1953 7290 
4907 7396 5564 9303 
4908 5920 7563 8845 
4909 5651 6745 6746 
4910 3097 5461 7528 
4911 4588 3193 5890 
4912 1497 1499 1500 
4913 900 3897 9192 
4914 1503 1505 1506 
4915 3151 5526 7365 
4916 4863 4862 5678 
4917 1953 4615 7290 
4918 3282 3284 3285 
4919 5926 7393 9000 
4920 2606 2605 7462 
4921 2605 7454 7462 
4922 1517 1518 1519 
4923 1500 1501 2442 
4924 3147 3148 3149 
4925 930 931 9111 
4926 5144 7344 9152 
4927 489 490 7303 
4928 7424 7413 9008 
4929 7280 7279 7281 
4930 1496 1495 1497 
4931 7569 6300 9146 
4932 6434 7426 9227 
4933 3146 3830 7286 
4934 2449 2448 2451 
4935 6169 5912 9506 
4936 5164 3123 7340 
4937 945 948 9100 
4938 4601 7394 7395 
4939 970 7361 9066 
4940 416 417 8038 
4941 592 416 8038 
4942 2501 5144 9152 
4943 6148 2442 7284 
4944 2481 2479 7347 
4945 3343 3358 9088 
4946 1910 1913 9238 
4947 1846 1848 1849 
4948 5642 3179 5643 
4949 772 83 8116 
4950 2418 2426 2427 
4951 2487 2486 2494 
4952 1527 1528 1529 
4953 1923 1924 3213 
4954 6653 5895 6683 
4955 424 7993 7994 
4956 7447 1438 7450 
4957 633 8113 8114 
4958 5089 7097 7098 
4959 2394 2395 2396 
4960 3169 5541 7316 
4961 7463 7462 8700 
4962 5072 6774 7273 
4963 3259 3261 7418 
4964 1882 1884 1885 
4965 3254 3343 5564 
4966 3744 2452 7322 
4967 7153 7156 7328 
4968 1555 1553 1556 
4969 4826 4944 5573 
4970 4129 5028 6671 
4971 3142 3144 3145 
4972 7426 3704 9227 
4973 7398 4643 8989 
4974 1517 1520 7236 
4975 1483 1486 7335 
4976 3145 3146 3147 
4977 5894 5893 5895 
4978 7298 1496 7356 
4979 7447 5932 7448 
4980 1569 1567 1570 
4981 1490 1491 2458 
4982 7563 7484 8845 
4983 3615 9246 9321 
4984 8100 564 8101 
4985 1507 1508 1509 
4986 3117 3116 3831 
4987 726 435 7341 
4988 6147 2442 6148 
4989 7436 7170 9351 
4990 7100 7099 7101 
4991 7360 3127 9164 
4992 5931 7440 9211 
4993 1896 1898 1899 
4994 1963 3137 3138 
4995 5932 7447 7450 
4996 1946 1949 9064 
4997 4804 3273 9071 
4998 763 8207 8208 
4999 418 672 8039 
5000 3138 3140 5124 
5001 3148 3146 7286 
5002 95 571 8171 
5003 7258 5474 9264 
5004 2430 2431 2432 
5005 7532 2625 7625 
5006 2487 2494 2495 
5007 3930 7563 9143 
5008 2483 2481 2486 
5009 3700 3701 5655 
5010 3541 4784 4811 
5011 7103 7102 9519 
5012 3158 3155 7531 
5013 7546 1098 9122 
5014 2556 2554 7501 
5015 3762 4607 9543 
5016 5217 7436 9351 
5017 1973 1974 7339 
5018 4014 5561 5565 
5019 5937 7414 8805 
5020 752 8172 8173 
5021 2483 2486 2487 
5022 3140 3139 3141 
5023 7156 7155 7323 
5024 5562 3237 7427 
5025 1933 3914 9521 
5026 1904 1906 9198 
5027 5655 5881 6539 
5028 910 3891 9185 
5029 7523 7325 7524 
5030 3404 5545 9044 
5031 1960 1963 7299 
5032 9564 5897 9575 
5033 5147 5936 7479 
5034 2467 2471 9604 
5035 4792 5532 7381 
5036 5458 7424 9008 
5037 3125 3129 7340 
5038 3117 3831 4595 
5039 1468 1469 7432 
5040 1493 1495 1496 
5041 5505 4755 7425 
5042 7297 1496 7298 
5043 1963 3138 7299 
5044 7543 7540 8623 
5045 7414 3009 8805 
5046 3146 3144 3830 
5047 3918 2442 6147 
5048 4627 7324 7523 
5049 5144 2497 7371 
5050 3142 3141 3143 
5051 7324 4627 7471 
5052 3115 3114 3116 
5053 3107 5135 7339 
5054 3111 3112 3114 
5055 3138 3137 3139 
5056 8038 417 8039 
5057 6581 5435 7318 
5058 1993 7387 9116 
5059 3112 4013 7350 
5060 2479 2458 5130 
5061 3733 5847 5848 
5062 673 7995 7996 
5063 3109 3110 3111 
5064 5932 7433 7448 
5065 7153 7154 7155 
5066 1491 1493 7297 
5067 4564 5872 6286 
5068 7265 5540 7266 
5069 3906 5079 5137 
5070 8099 564 8100 
5071 1531 1529 1532 
5072 1511 1512 1513 
5073 2600 3765 7662 
5074 5811 7378 8717 
5075 1490 1489 1491 
5076 4627 2602 7662 
5077 5910 4625 9413 
5078 4195 5536 5540 
5079 3815 3131 7360 
5080 587 8197 8198 
5081 1872 1874 1875 
5082 5493 9256 9278 
5083 3107 3108 3109 
5084 434 726 7368 
5085 3566 3102 4778 
5086 3947 7397 7567 
5087 1487 1489 1490 
5088 3947 3946 9010 
5089 5931 6114 9160 
5090 1541 1539 1542 
5091 890 5071 9310 
5092 4057 9206 9215 
5093 3209 4792 7381 
5094 7371 1468 7372 
5095 7544 7547 9193 
5096 7397 7398 7567 
5097 3240 3242 5142 
5098 4006 7385 9458 
5099 9043 2575 9230 
5100 1486 1485 1487 
5101 90 752 8103 
5102 1482 1483 7335 
5103 5936 7478 7479 
5104 6655 3076 7383 
5105 3121 5164 7416 
5106 7546 9122 9279 
5107 4804 9059 9290 
5108 7153 7155 7156 
5109 8724 9154 9241 
5110 7324 7325 7523 
5111 7524 7325 8760 
5112 7151 7152 7153 
5113 7151 7153 7328 
5114 1497 1498 1499 
5115 7329 5910 9410 
5116 7306 7337 7338 
5117 2478 2458 2479 
5118 944 945 9100 
5119 944 7328 9086 
5120 1482 1481 1483 
5121 4173 4172 4174 
5122 1906 1908 1909 
5123 7098 7097 7099 
5124 3137 1964 8949 
5125 5526 3178 9030 
5126 3696 5122 5766 
5127 5153 7412 7413 
5128 2497 1463 7371 
5129 4249 3167 9330 
5130 1483 1485 1486 
5131 959 962 9007 
5132 7359 5937 8805 
5133 3129 3133 4195 
5134 3915 3149 5114 
5135 3111 3114 3115 
5136 5753 4477 5754 
5137 7456 7459 7461 
5138 7363 5917 7364 
5139 7258 4623 7391 
5140 5905 5114 5907 
5141 5144 7371 7372 
5142 8116 8115 8117 
5143 3076 3073 7383 
5144 1983 1984 7363 
5145 5435 3095 9145 
5146 3757 4609 7357 
5147 1977 3106 3107 
5148 3115 3116 3117 
5149 4607 4606 7429 
5150 6116 9344 9358 
5151 7391 4756 9200 
5152 5682 5171 5683 
5153 1496 1497 7356 
5154 3169 3170 3171 
5155 5145 5941 8899 
5156 2454 2452 3744 
5157 2479 5130 7347 
5158 5573 5739 6193 
5159 3751 7330 7331 
5160 673 7996 7997 
5161 4012 5549 6151 
5162 7372 1468 7432 
5163 4623 3508 7391 
5164 7159 5907 7160 
5165 4598 5111 9127 
5166 7536 5146 7537 
5167 2622 2620 7717 
5168 3501 3710 3746 
5169 8168 8167 8169 
5170 681 8167 8168 
5171 4608 3757 7357 
5172 7458 7296 7460 
5173 3107 3109 5135 
5174 3082 3080 7866 
5175 5939 7530 9090 
5176 7397 3947 9010 
5177 3754 3708 4482 
5178 5152 2499 7392 
5179 2451 5880 7322 
5180 5531 5533 7314 
5181 766 397 7998 
5182 8207 675 8209 
5183 681 8168 8170 
5184 5152 7393 9270 
5185 2411 2412 2413 
5186 3219 3220 3225 
5187 4348 4319 4349 
5188 5538 3230 9058 
5189 5812 5147 7479 
5190 7392 1458 7393 
5191 1476 1477 3208 
5192 1910 1912 1913 
5193 3111 3115 8718 
5194 3751 2511 7330 
5195 3171 3548 4815 
5196 3745 2456 4570 
5197 3404 3406 5545 
5198 3950 3034 7377 
5199 752 91 8172 
5200 1914 1916 7349 
5201 4013 5106 5675 
5202 4195 5540 7265 
5203 7381 5532 7382 
5204 916 9202 9203 
5205 4194 5128 5129 
5206 5941 8611 8899 
5207 4194 5917 7363 
5208 5135 3109 8718 
5209 5129 7399 7400 
5210 5505 7425 7472 
5211 9633 3283 9674 
5212 2037 7435 8606 
5213 4646 7242 7527 
5214 2604 4647 7529 
5215 5153 2498 7412 
5216 5153 7413 7424 
5217 2480 2479 2481 
5218 6114 9137 9160 
5219 3408 3407 3708 
5220 1476 1475 1477 
5221 5827 5060 9187 
5222 3646 7419 7420 
5223 8113 750 8120 
5224 7151 7328 9100 
5225 1974 1977 7339 
5226 5937 7359 7435 
5227 3244 3247 3248 
5228 969 972 8970 
5229 436 579 7341 
5230 6069 7370 9139 
5231 3331 3246 4808 
5232 3541 4811 7379 
5233 9410 5910 9413 
5234 1933 1934 3914 
5235 5216 5159 8681 
5236 5531 5138 5533 
5237 4799 3203 7496 
5238 1473 1475 1476 
5239 4244 7475 9328 
5240 5152 7392 7393 
5241 3289 3211 5520 
5242 4482 4547 5039 
5243 2604 7529 7560 
5244 94 95 8171 
5245 83 84 8116 
5246 3080 5450 7866 
5247 1514 2428 2443 
5248 5039 6223 6643 
5249 1977 3107 7339 
5250 955 958 9488 
5251 1493 1496 7297 
5252 1479 1481 1482 
5253 3116 3114 3841 
5254 3115 4192 8718 
5255 1886 1888 1889 
5256 7628 9107 9119 
5257 3107 3106 3108 
5258 5518 4786 6116 
5259 5216 7624 8664 
5260 3109 3108 3110 
5261 5951 7415 8534 
5262 7415 5951 7645 
5263 8191 8192 8193 
5264 1503 1504 1505 
5265 2022 2024 7562 
5266 5150 2507 7480 
5267 2554 3756 7501 
5268 7415 7645 7693 
5269 7624 5216 8681 
5270 1501 1502 1503 
5271 7265 7266 7277 
5272 3249 3673 9287 
5273 5939 7529 7530 
5274 3054 3056 7491 
5275 9092 4440 9177 
5276 5936 7477 7478 
5277 4195 3133 5536 
5278 3111 3110 3112 
5279 3754 4482 4596 
5280 3102 3099 7528 
5281 1506 7279 7280 
5282 5320 7555 9181 
5283 1472 1471 1473 
5284 3077 3076 3407 
5285 3104 4245 9134 
5286 2482 2481 2483 
5287 7365 5526 8838 
5288 7280 7281 7282 
5289 2499 1453 7392 
5290 436 437 579 
5291 5097 7150 7151 
5292 2510 2509 2511 
5293 1890 1892 1893 
5294 4480 3118 5171 
5295 3040 5388 7428 
5296 2514 5152 9291 
5297 3566 4778 4805 
5298 8176 8175 8177 
5299 2626 2625 7539 
5300 4792 5138 5531 
5301 2625 7532 7539 
5302 5185 7519 7538 
5303 5176 3054 7491 
5304 3314 3316 4565 
5305 2605 2604 7560 
5306 4609 2556 7501 
5307 1980 1983 7649 
5308 432 621 7417 
5309 5193 7451 7704 
5310 3408 3708 3754 
5311 7370 3675 9139 
5312 5185 7518 7519 
5313 1510 1511 9196 
5314 1993 1994 7387 
5315 2451 5879 5880 
5316 1987 4193 4194 
5317 4974 6569 7423 
5318 1477 1479 7492 
5319 2413 2414 2415 
5320 5172 4200 9004 
5321 5111 7434 9127 
5322 4605 5092 8814 
5323 4031 5546 5547 
5324 7153 7152 7154 
5325 1483 1484 1485 
5326 4625 9169 9432 
5327 7378 6274 8717 
5328 4789 3950 7377 
5329 4616 7445 7446 
5330 3074 3073 3076 
5331 4792 3208 5138 
5332 2511 3762 7330 
5333 3646 3878 7419 
5334 6136 4789 7377 
5335 2494 2486 4604 
5336 2508 2506 2509 
5337 5533 7305 7306 
5338 9388 4009 9462 
5339 3069 3070 3071 
5340 6135 4789 6136 
5341 2498 1443 7412 
5342 3071 3072 3073 
5343 4194 5129 5917 
5344 1920 1922 1923 
5345 1930 1932 1933 
5346 7540 7539 8623 
5347 2510 2511 3751 
5348 958 959 9007 
5349 6580 5435 6581 
5350 4785 3815 4786 
5351 2508 2509 2510 
5352 3077 3407 3408 
5353 7435 7359 8606 
5354 4304 4305 4306 
5355 3067 5143 7387 
5356 5138 3208 7492 
5357 1559 1557 1560 
5358 5129 5128 7399 
5359 6116 4786 7351 
5360 5690 4053 9101 
5361 7305 5138 7492 
5362 1984 1987 7363 
5363 1943 1944 3183 
5364 3209 3208 4792 
5365 4200 3948 7473 
5366 3042 3040 7428 
5367 7519 1436 7538 
5368 3067 3068 3069 
5369 407 408 8018 
5370 408 585 8018 
5371 5168 7477 8954 
5372 1493 1494 1495 
5373 4194 4193 5128 
5374 5185 7517 7518 
5375 7451 1412 7704 
5376 4481 4974 7423 
5377 5162 7433 9023 
5378 8172 8170 8173 
5379 82 772 8119 
5380 7562 7484 7563 
5381 1469 1471 1472 
5382 2443 2444 2445 
5383 5942 7535 7536 
5384 6286 6833 6834 
5385 1987 4194 7363 
5386 3074 3076 3077 
5387 5942 7536 7537 
5388 1491 1492 1493 
5389 1468 1467 1469 
5390 3762 4606 4607 
5391 1490 2458 2478 
5392 7395 5906 9399 
5393 7444 3771 7477 
5394 8189 8190 8191 
5395 7382 5532 7385 
5396 5178 3049 9066 
5397 89 90 8103 
5398 7645 2638 7693 
5399 621 433 7368 
5400 434 435 726 
5401 5935 5163 9146 
5402 4785 4786 5518 
5403 3358 3360 5530 
5404 5155 5891 9277 
5405 9206 7315 9215 
5406 3073 3469 7383 
5407 4755 5153 7425 
5408 3161 3163 5389 
5409 2529 5162 9023 
5410 5476 5178 7361 
5411 1487 1488 1489 
5412 9256 6138 9278 
5413 4195 7265 7340 
5414 3129 4195 7340 
5415 4482 3708 4547 
5416 1500 2442 3918 
5417 1664 1668 1669 
5418 2511 3760 3762 
5419 1545 1543 1546 
5420 1462 1461 1463 
5421 1916 1918 1919 
5422 1459 1461 1462 
5423 3930 2022 7562 
5424 1465 1467 1468 
5425 5123 7238 7429 
5426 1462 1463 2497 
5427 7151 7150 7152 
5428 675 406 8019 
5429 1473 1474 1475 
5430 3071 3073 3074 
5431 7448 5162 7449 
5432 7477 3771 7478 
5433 4504 4900 4901 
5434 4780 4765 9232 
5435 7300 5124 9178 
5436 7527 7242 9230 
5437 2505 2506 2508 
5438 1990 1993 7762 
5439 3578 3085 5506 
5440 7509 7313 8794 
5441 1953 1954 4601 
5442 4606 5123 7429 
5443 3822 2328 3823 
5444 7398 5935 9133 
5445 968 969 8970 
5446 2501 2497 5144 
5447 3771 7444 8275 
5448 3189 3194 3195 
5449 3566 4805 7422 
5450 1521 1519 1522 
5451 3878 4929 7419 
5452 3017 3015 8379 
5453 3067 3069 5143 
5454 3052 5176 7596 
5455 7623 7390 7624 
5456 1926 1928 1929 
5457 2047 7535 8587 
5458 5934 7701 8710 
5459 7444 7622 8275 
5460 4200 7473 9004 
5461 769 8175 8176 
5462 2505 2503 2506 
5463 4639 7389 7623 
5464 5128 7235 7399 
5465 1997 3066 3067 
5466 7389 4639 7570 
5467 4929 5503 5922 
5468 4185 5105 7020 
5469 6152 4038 7267 
5470 3770 6124 7437 
5471 4899 4623 5125 
5472 1507 1505 1508 
5473 1458 1457 1459 
5474 3059 3061 5493 
5475 5320 7527 9230 
5476 2620 3768 7717 
5477 4901 5782 5783 
5478 1463 1465 7371 
5479 2019 7608 8868 
5480 5143 3069 8625 
5481 3071 3074 8625 
5482 4639 2622 7717 
5483 2017 7455 7456 
5484 934 3906 9111 
5485 4929 5922 7419 
5486 3407 3076 6655 
5487 6126 9352 9355 
5488 5039 4547 6223 
5489 4246 7160 9539 
5490 5193 7438 7451 
5491 1994 1997 7387 
5492 8495 7504 8823 
5493 8794 7313 8795 
5494 1900 1902 1903 
5495 4514 3095 5435 
5496 9236 7443 9261 
5497 397 398 7998 
5498 7435 2037 8531 
5499 7552 5395 7553 
5500 7477 5936 8954 
5501 3173 4249 8955 
5502 7608 7494 8868 
5503 407 8018 8019 
5504 3436 3437 3438 
5505 1940 1942 1943 
5506 2490 2488 3747 
5507 5947 7594 9006 
5508 2027 7483 7484 
5509 1806 1808 9898 
5510 7389 7390 7623 
5511 3508 3047 7391 
5512 3015 5436 8379 
5513 2585 2583 7576 
5514 5900 5901 6719 
5515 91 92 8172 
5516 3071 3070 3072 
5517 6145 4605 8814 
5518 5952 9052 9129 
5519 8191 8190 8192 
5520 7624 7390 8664 
5521 3069 3068 3070 
5522 7436 5217 9324 
5523 4131 3508 4623 
5524 7701 7582 8710 
5525 1449 1452 7490 
5526 6177 4824 6178 
5527 3627 7315 9206 
5528 3005 3008 7452 
5529 5146 7536 8387 
5530 9137 6114 9285 
5531 5920 8845 8994 
5532 1997 3067 7387 
5533 3195 3908 3909 
5534 93 94 8167 
5535 681 93 8167 
5536 1452 2513 7490 
5537 2449 2451 7322 
5538 4810 3180 5501 
5539 7504 5945 8823 
5540 8845 7452 8994 
5541 3047 3045 4756 
5542 3550 3237 3551 
5543 5491 3135 9284 
5544 4575 4182 5529 
5545 3907 4603 5155 
5546 5123 7237 7238 
5547 6771 6274 7378 
5548 3074 4610 8625 
5549 7509 1016 8765 
5550 2624 4651 7593 
5551 7170 9169 9351 
5552 5924 4640 9312 
5553 3759 2520 4191 
5554 3225 3226 3697 
5555 5826 5060 5827 
5556 3767 4633 7478 
5557 4415 6133 7440 
5558 488 699 7474 
5559 2502 2501 2503 
5560 1549 1547 1550 
5561 399 400 7995 
5562 673 399 7995 
5563 5159 5951 8681 
5564 3073 3072 3469 
5565 7455 3931 7457 
5566 4899 5125 5721 
5567 3946 7701 9010 
5568 7690 9029 9047 
5569 2432 2433 2434 
5570 3067 3066 3068 
5571 2624 7593 7625 
5572 1431 1434 7449 
5573 2500 2497 2501 
5574 3047 4756 7391 
5575 2000 2003 7737 
5576 1452 1453 2499 
5577 7308 7509 8765 
5578 4131 4623 4899 
5579 3547 5516 8871 
5580 1497 1495 1498 
5581 1477 1478 1479 
5582 9133 5935 9146 
5583 7421 5924 9306 
5584 435 436 7341 
5585 432 433 621 
5586 5947 7593 7594 
5587 3026 3028 7517 
5588 3748 2492 4578 
5589 1455 1457 1458 
5590 3560 9087 9140 
5591 9022 7439 9103 
5592 5951 8534 8681 
5593 1479 1480 1481 
5594 2024 2027 7562 
5595 3104 3621 4245 
5596 7573 7574 8990 
5597 9213 7443 9236 
5598 3129 3132 3133 
5599 1452 1451 1453 
5600 5185 3026 7517 
5601 3056 3059 7491 
5602 7535 5942 8587 
5603 2514 2499 5152 
5604 7442 4636 7443 
5605 7778 2639 8744 
5606 2438 2440 2441 
5607 522 523 694 
5608 10 11 698 
5609 993 996 8887 
5610 1936 1938 1939 
5611 2625 2624 7625 
5612 3003 3005 7452 
5613 1449 1451 1452 
5614 1963 1964 3137 
5615 401 587 7999 
5616 1448 1447 1449 
5617 7622 4645 8275 
5618 2017 2018 7455 
5619 3037 5489 7525 
5620 2539 3770 7437 
5621 5388 3038 9032 
5622 1453 1455 7392 
5623 3909 4586 4587 
5624 4784 3158 7531 
5625 3771 3767 7478 
5626 5707 4630 7537 
5627 769 8174 8175 
5628 4792 5531 5532 
5629 5927 7199 7476 
5630 5217 2527 7485 
5631 7383 3469 7384 
5632 3085 3082 7866 
5633 3173 3167 4249 
5634 1459 1460 1461 
5635 767 431 7417 
5636 433 434 7368 
5637 1429 1431 7449 
5638 1435 1438 7447 
5639 5125 4623 7258 
5640 2639 7778 7849 
5641 3751 7332 7373 
5642 4481 4044 4974 
5643 7503 7504 8495 
5644 1465 1468 7371 
5645 3045 3042 7428 
5646 2445 2446 2447 
5647 3208 1477 7492 
5648 8190 572 8192 
5649 2504 2503 2505 
5650 3763 4619 7445 
5651 1476 3208 3209 
5652 1946 1948 1949 
5653 7442 5927 7476 
5654 2105 7503 8495 
5655 1445 1447 1448 
5656 2415 2414 7326 
5657 6569 6327 6570 
5658 4626 7523 7524 
5659 4131 4899 8717 
5660 5475 5178 5476 
5661 5219 7487 8303 
5662 7553 5395 8842 
5663 2641 5219 8303 
5664 2606 7462 7463 
5665 4885 4053 5690 
5666 7995 400 7999 
5667 2447 2448 2449 
5668 1535 1533 1536 
5669 4616 3763 7445 
5670 7536 5165 8387 
5671 5149 5932 7450 
5672 2515 2514 2516 
5673 7456 7455 7457 
5674 7438 5193 7554 
5675 7413 1448 7490 
5676 2027 7484 7562 
5677 2641 8303 8452 
5678 5174 7495 8702 
5679 4673 7533 7661 
5680 2513 2499 2514 
5681 3011 3010 4044 
5682 7522 5762 8810 
5683 5921 4991 6544 
5684 2057 7568 8491 
5685 7510 3755 7512 
5686 1511 1509 1512 
5687 1442 1443 2498 
5688 5501 3180 9331 
5689 9306 5924 9312 
5690 1469 1470 1471 
5691 2832 2641 8452 
5692 1443 1445 7412 
5693 2105 2106 7506 
5694 1964 1966 8949 
5695 4558 4559 5072 
5696 430 767 7502 
5697 4899 5811 8717 
5698 7503 2105 7506 
5699 9104 2506 9152 
5700 2511 2509 3760 
5701 1977 1978 3106 
5702 1486 1487 9126 
5703 7533 6029 7661 
5704 5155 4603 5891 
5705 3641 3020 4765 
5706 1950 1952 1953 
5707 4974 6327 6569 
5708 423 424 7994 
5709 4755 2498 5153 
5710 6434 6436 7426 
5711 5152 9270 9291 
5712 3165 3168 3169 
5713 1442 1441 1443 
5714 5512 3182 9353 
5715 4630 5942 7537 
5716 4356 6474 7497 
5717 7481 4650 7556 
5718 7621 4645 7622 
5719 3271 3273 4804 
5720 4974 6326 6327 
5721 2527 1419 7485 
5722 7773 4693 8682 
5723 99 100 8189 
5724 683 99 8189 
5725 5120 2507 5150 
5726 1028 7522 8810 
5727 4640 9043 9327 
5728 5188 7481 7556 
5729 3151 3178 5526 
5730 7552 1414 8790 
5731 2583 3761 7576 
5732 4991 4481 7423 
5733 1439 1441 1442 
5734 7483 5158 7484 
5735 2478 2479 2480 
5736 7451 7439 9022 
5737 7478 4633 7479 
5738 2525 1429 7449 
5739 6136 7377 7499 
5740 4778 3102 7528 
5741 3011 4044 4481 
5742 4415 6131 6133 
5743 3821 4415 7440 
5744 2021 3930 3931 
5745 4756 3045 7428 
5746 7568 5415 8491 
5747 482 483 696 
5748 488 489 699 
5749 1862 1864 1865 
5750 1438 1437 1439 
5751 7413 7490 9008 
5752 3483 3821 9160 
5753 3186 3188 8878 
5754 1832 1834 1835 
5755 3755 2539 7437 
5756 1434 7448 7449 
5757 5395 7552 8790 
5758 2639 2638 7675 
5759 2638 7645 7675 
5760 6096 7514 7516 
5761 2538 2537 2539 
5762 6442 6443 6444 
5763 2047 7534 7535 
5764 9401 3814 9412 
5765 96 97 8194 
5766 571 96 8194 
5767 7514 6096 7526 
5768 1434 1435 7447 
5769 7574 5434 8990 
5770 2521 2520 3759 
5771 1465 1466 1467 
5772 2027 2028 7483 
5773 992 993 8887 
5774 4619 2585 7576 
5775 1463 1464 1465 
5776 1434 1433 1435 
5777 2977 2975 8469 
5778 2538 3755 7510 
5779 3770 5468 6124 
5780 8684 7559 8713 
5781 2062 2064 7700 
5782 3358 5530 9088 
5783 7412 1448 7413 
5784 2985 2987 7554 
5785 2037 2038 8531 
5786 2487 2495 2496 
5787 4650 7481 7557 
5788 3024 5185 7538 
5789 3008 3007 3010 
5790 5186 5188 7556 
5791 1483 1481 1484 
5792 3031 3033 4196 
5793 101 572 8190 
5794 1428 2528 7550 
5795 2517 2516 2518 
5796 1455 1458 7392 
5797 3001 5158 7483 
5798 1425 1428 7550 
5799 3003 3004 3005 
5800 5158 3003 7452 
5801 1435 1437 1438 
5802 3005 3006 3007 
5803 7500 7499 9269 
5804 2538 2539 3755 
5805 1573 1571 1574 
5806 5374 3862 8975 
5807 5169 7548 7549 
5808 3891 3892 4558 
5809 3966 2913 7494 
5810 2519 2518 2520 
5811 7515 7552 7553 
5812 1987 1988 4193 
5813 5956 7648 8900 
5814 5187 5186 7558 
5815 6544 4991 7423 
5816 2018 2021 7455 
5817 5533 5138 7305 
5818 3933 3049 5178 
5819 4051 5174 8702 
5820 3059 5493 7491 
5821 431 432 7417 
5822 2536 2535 2537 
5823 7634 6093 8858 
5824 5186 7556 7558 
5825 417 418 8039 
5826 3623 9003 9079 
5827 2526 2498 4755 
5828 5128 5923 7235 
5829 3112 3113 4013 
5830 2021 3931 7455 
5831 4756 7428 9168 
5832 7517 4196 7518 
5833 3001 3002 3003 
5834 3762 3760 4606 
5835 1448 1449 7490 
5836 2970 4356 7497 
5837 7575 2995 8924 
5838 3028 3031 7517 
5839 8090 8091 8092 
5840 2975 5405 8469 
5841 3751 7331 7332 
5842 7316 5541 9428 
5843 4008 3815 4785 
5844 1525 1523 1526 
5845 3930 7562 7563 
5846 2536 2537 2538 
5847 595 121 8003 
5848 3022 4242 9005 
5849 4693 7664 8682 
5850 1445 1446 1447 
5851 2077 7606 7685 
5852 4933 6259 7493 
5853 1515 1513 1516 
5854 1453 1454 1455 
5855 1956 1958 1959 
5856 4233 4231 8941 
5857 1458 1459 9000 
5858 4693 4228 7664 
5859 3770 4617 5468 
5860 7587 7589 8786 
5861 2539 3764 3770 
5862 8189 100 8190 
5863 1966 1968 1969 
5864 7726 8927 8951 
5865 5134 4755 5505 
5866 3121 3123 5164 
5867 2560 5169 7588 
5868 3008 3010 3011 
5869 2637 4656 7647 
5870 7520 5311 7655 
5871 1443 1444 1445 
5872 2639 7675 8744 
5873 5502 3063 9056 
5874 1960 1962 1963 
5875 430 431 767 
5876 5311 7583 7655 
5877 2637 7647 7693 
5878 3046 3045 3047 
5879 1428 1427 1429 
5880 8147 594 8148 
5881 7615 5362 7616 
5882 4974 4044 6326 
5883 1425 1427 1428 
5884 2533 2535 2536 
5885 1473 1471 1474 
5886 4658 7729 8789 
5887 1431 1433 1434 
5888 7506 2106 8696 
5889 3005 3007 3008 
5890 5956 7647 7648 
5891 1428 1429 2525 
5892 5126 7308 8765 
5893 1407 1410 7526 
5894 5162 2525 7449 
5895 7585 7409 8670 
5896 7238 7237 7380 
5897 4007 5514 5519 
5898 3001 3003 5158 
5899 3020 3017 8379 
5900 2998 5463 7642 
5901 2533 2531 2535 
5902 4056 4440 7591 
5903 2529 2525 5162 
5904 5937 5161 7414 
5905 3641 4765 4780 
5906 4773 3966 7494 
5907 2500 2501 2502 
5908 7504 5172 9004 
5909 1462 2497 2500 
5910 6119 4773 7494 
5911 5958 7508 7729 
5912 2638 2637 7693 
5913 7377 3034 9063 
5914 4190 5121 7123 
5915 4105 3508 4131 
5916 5957 7620 7621 
5917 5153 7424 7425 
5918 1424 1423 1425 
5919 7700 7582 7701 
5920 2031 3000 3001 
5921 1449 1450 1451 
5922 7778 5219 7849 
5923 5193 2985 7554 
5924 6118 4773 6119 
5925 8817 7706 8853 
5926 3502 3047 3508 
5927 5160 4631 5161 
5928 7310 7313 7509 
5929 5957 7621 7622 
5930 972 3907 8970 
5931 5169 2558 7548 
5932 7527 5320 9181 
5933 7515 7513 7552 
5934 2028 2031 7483 
5935 7583 1679 7655 
5936 5416 7587 8786 
5937 7563 5920 9143 
5938 8670 7409 8671 
5939 3946 2062 7700 
5940 7487 5219 7778 
5941 1411 1414 7513 
5942 4013 5102 5106 
5943 4786 3815 7360 
5944 3939 4630 4631 
5945 1455 1456 1457 
5946 5516 5517 6160 
5947 782 487 7474 
5948 7634 9038 9099 
5949 4592 4186 5496 
5950 2987 2991 7554 
5951 5953 5168 8954 
5952 7242 9043 9230 
5953 9292 5917 9311 
5954 4427 7698 8415 
5955 8000 8001 8002 
5956 3040 3038 5388 
5957 3005 3004 3006 
5958 2087 7620 7697 
5959 7568 7567 8989 
5960 3540 3158 3541 
5961 2031 3001 7483 
5962 1405 1407 7526 
5963 6570 6327 6571 
5964 3003 3002 3004 
5965 5730 6463 7315 
5966 3514 3131 3815 
5967 7616 5362 8707 
5968 1435 1436 1437 
5969 6474 4933 7493 
5970 4440 3542 7575 
5971 7559 7558 8713 
5972 7606 5392 7685 
5973 3766 4627 7523 
5974 4231 2832 8452 
5975 7615 1380 8667 
5976 3125 3128 3129 
5977 1997 1998 3066 
5978 5320 2542 7555 
5979 4228 5175 7664 
5980 8145 8144 8146 
5981 4770 4743 9067 
5982 3752 2523 4593 
5983 2558 1395 7548 
5984 1445 1448 7412 
5985 4598 5110 5111 
5986 2937 4109 7579 
5987 3861 5502 7631 
5988 2551 4625 5910 
5989 9107 7530 9119 
5990 2513 2514 2515 
5991 2971 2970 7497 
5992 2544 2527 5217 
5993 4626 3766 7523 
5994 7585 1050 8636 
5995 1439 1440 1441 
5996 2551 2548 4625 
5997 7534 5165 7535 
5998 6058 8721 8940 
5999 2530 2529 2531 
6000 2041 3938 3939 
6001 7535 5165 7536 
6002 7529 4647 7530 
6003 3007 3006 3510 
6004 1418 1419 2527 
6005 3109 3111 8718 
6006 1970 1972 1973 
6007 3001 3000 3002 
6008 487 488 7474 
6009 2067 7581 7582 
6010 7513 1414 7552 
6011 1421 1423 1424 
6012 3516 2980 5462 
6013 6136 7499 7500 
6014 3542 2995 7575 
6015 1487 1485 1488 
6016 2528 2525 2529 
6017 2951 2949 7760 
6018 2970 4355 4356 
6019 7729 7508 8789 
6020 2057 7566 7568 
6021 6770 6274 6771 
6022 4356 4932 4933 
6023 1027 1030 8689 
6024 1974 1976 1977 
6025 8143 8142 8144 
6026 2969 2968 2970 
6027 7438 5486 7439 
6028 3031 4196 7517 
6029 594 127 8148 
6030 7404 7585 8636 
6031 2047 2048 7534 
6032 5938 7276 7560 
6033 4622 4481 4991 
6034 4197 5477 5486 
6035 4356 4933 6474 
6036 6219 9092 9177 
6037 1418 1417 1419 
6038 5160 5161 5937 
6039 4907 3862 5374 
6040 962 4185 9007 
6041 5463 3087 8585 
6042 5352 7505 8608 
6043 5352 7773 8682 
6044 6126 3675 7370 
6045 7310 7311 7312 
6046 3739 3551 3740 
6047 5175 7663 7664 
6048 8000 689 8001 
6049 1452 2499 2513 
6050 3044 3042 3045 
6051 5311 7520 7663 
6052 4645 7621 8307 
6053 1419 1421 7485 
6054 2936 2940 7565 
6055 1415 1417 1418 
6056 7533 4673 8851 
6057 3939 4631 5160 
6058 2965 2966 2968 
6059 4933 5775 6259 
6060 2510 3751 7373 
6061 7310 7312 7313 
6062 3998 5448 8956 
6063 4608 7358 9142 
6064 1414 1413 1415 
6065 2508 2510 2512 
6066 9090 7530 9107 
6067 1425 1426 1427 
6068 2963 2964 2965 
6069 2540 2538 7510 
6070 2983 5193 7704 
6071 4587 5892 5893 
6072 121 122 8003 
6073 1410 7514 7526 
6074 7529 5938 7560 
6075 7308 7310 7509 
6076 2626 7539 7540 
6077 5179 6423 7572 
6078 5934 8710 8798 
6079 5996 7684 8510 
6080 5447 8999 9018 
6081 5442 3093 8724 
6082 2949 5385 7760 
6083 3939 5160 8531 
6084 5362 7615 8667 
6085 3663 8695 8905 
6086 2925 2921 7589 
6087 8143 8144 8145 
6088 7295 5921 7296 
6089 1410 1411 7513 
6090 2541 1405 7526 
6091 2961 5165 7534 
6092 1459 1457 1460 
6093 2480 2481 2482 
6094 7308 7309 7310 
6095 7471 4627 7662 
6096 5753 5754 6508 
6097 7437 6124 9387 
6098 3534 7634 8858 
6099 5510 5511 6155 
6100 376 377 8090 
6101 575 376 8090 
6102 5190 4465 7557 
6103 5919 4991 5921 
6104 2961 2962 2963 
6105 8710 7565 8798 
6106 1404 3941 7595 
6107 5397 5196 8800 
6108 4631 4630 5707 
6109 1016 7509 8794 
6110 1410 1409 1411 
6111 7505 5352 8682 
6112 2532 2531 2533 
6113 693 379 8094 
6114 379 380 8094 
6115 3939 3938 4630 
6116 2502 2503 2504 
6117 4049 4471 7569 
6118 1411 1413 1414 
6119 3555 8914 8996 
6120 1401 1404 7595 
6121 2542 1385 7555 
6122 2034 2037 8606 
6123 5120 5150 5151 
6124 2539 2537 3764 
6125 7620 5957 7697 
6126 2064 2067 7700 
6127 1984 1986 1987 
6128 1442 2498 2526 
6129 4465 4650 7557 
6130 3078 3036 8886 
6131 3641 4780 7551 
6132 2106 2108 8696 
6133 2991 2993 4197 
6134 5911 5910 7329 
6135 2965 2968 2969 
6136 7512 3755 8960 
6137 580 8033 8034 
6138 1424 1425 7550 
6139 1980 1982 1983 
6140 7606 5953 8935 
6141 5175 5311 7663 
6142 2969 2970 2971 
6143 4734 6076 8919 
6144 2934 2936 7565 
6145 7573 5132 7574 
6146 1037 1040 8633 
6147 5160 7435 8531 
6148 378 693 8091 
6149 4673 3650 8851 
6150 5187 7558 7559 
6151 429 430 7502 
6152 591 429 7502 
6153 7444 5167 7622 
6154 2077 7605 7606 
6155 5488 4999 8952 
6156 2057 2058 7566 
6157 3022 3582 4242 
6158 4051 4413 5174 
6159 3031 3032 3033 
6160 7163 9425 9440 
6161 4197 5486 7438 
6162 2543 2527 2544 
6163 7677 5339 7678 
6164 2965 2969 8387 
6165 2917 2919 7630 
6166 7561 5179 7572 
6167 3861 3063 5502 
6168 5228 2917 7630 
6169 2961 2963 5165 
6170 1404 1403 1405 
6171 2526 4755 5134 
6172 6082 7598 7600 
6173 5468 4617 7453 
6174 2545 2544 2546 
6175 5422 8858 8921 
6176 2051 2960 2961 
6177 6280 5762 7522 
6178 5180 7561 7572 
6179 5762 2956 8810 
6180 5165 2963 8387 
6181 1401 1403 1404 
6182 7598 6082 7601 
6183 8959 2535 9023 
6184 3770 3764 4617 
6185 762 8142 8143 
6186 2048 2051 7534 
6187 1429 1430 1431 
6188 1404 1405 2541 
6189 3999 6085 7614 
6190 2547 2546 2548 
6191 7698 5665 8415 
6192 8090 377 8091 
6193 7621 5181 8307 
6194 5456 5730 9173 
6195 7484 5158 8845 
6196 1407 1409 1410 
6197 7566 3947 7567 
6198 6273 4868 6274 
6199 1431 1432 1433 
6200 7438 7439 7451 
6201 3061 3645 3646 
6202 4049 4048 4471 
6203 2980 2977 8469 
6204 1438 1439 8910 
6205 1026 1027 8689 
6206 4611 5132 7573 
6207 2969 5146 8387 
6208 1434 7447 7448 
6209 127 128 8148 
6210 3114 3112 7350 
6211 1400 1399 1401 
6212 7514 7513 7515 
6213 3059 3060 3061 
6214 1421 1424 7485 
6215 1548 2409 9343 
6216 3756 2552 7564 
6217 1394 2559 7607 
6218 2549 2548 2551 
6219 5163 4049 7569 
6220 2482 2483 2484 
6221 4356 4355 4932 
6222 1501 1499 1502 
6223 406 407 8019 
6224 2963 2962 2964 
6225 2970 2968 4355 
6226 7589 2921 8786 
6227 4197 2993 5477 
6228 5126 7307 7308 
6229 5167 5957 7622 
6230 2562 2560 7588 
6231 7561 5180 7694 
6232 8558 2151 8732 
6233 2567 2566 2568 
6234 1994 1996 1997 
6235 3069 3071 8625 
6236 7549 1400 7595 
6237 4427 7572 7698 
6238 6359 7591 7592 
6239 7559 8684 8817 
6240 1411 1412 1413 
6241 1391 1394 7607 
6242 5961 5962 7603 
6243 6096 2541 7526 
6244 6068 7587 8991 
6245 4529 4056 7591 
6246 2067 7582 7700 
6247 3033 3482 3483 
6248 1990 1992 1993 
6249 2051 2961 7534 
6250 1394 1395 2558 
6251 2965 2964 2966 
6252 2044 2047 8587 
6253 2942 2941 4048 
6254 2788 2786 7613 
6255 5134 5505 7264 
6256 5207 7816 8665 
6257 4759 4738 8985 
6258 5961 7603 7604 
6259 2961 2960 2962 
6260 7597 1380 7615 
6261 1679 1272 8749 
6262 948 5097 9100 
6263 3580 2954 4743 
6264 5182 7627 7628 
6265 6095 2541 6096 
6266 5506 3085 7866 
6267 2087 7619 7620 
6268 7678 5339 8631 
6269 4638 7623 7624 
6270 135 136 8033 
6271 1419 1420 1421 
6272 7677 1356 8609 
6273 4933 4932 5775 
6274 2061 3946 3947 
6275 7581 5170 7582 
6276 4984 4097 7610 
6277 113 114 8036 
6278 746 113 8036 
6279 2515 2516 2517 
6280 2067 2068 7581 
6281 151 152 8015 
6282 7822 7821 8751 
6283 2000 2002 2003 
6284 9029 7594 9047 
6285 7310 7309 7311 
6286 2567 2568 2569 
6287 375 575 8196 
6288 374 375 8196 
6289 9052 4001 9129 
6290 6371 7586 7658 
6291 7684 3776 8510 
6292 2940 2939 2941 
6293 2899 2897 8245 
6294 3811 2925 7589 
6295 2507 2505 7480 
6296 4231 8452 8941 
6297 2564 2562 2566 
6298 758 8030 8032 
6299 8652 5191 8826 
6300 2942 4048 4049 
6301 5470 3105 9204 
6302 2564 2566 2567 
6303 5170 2934 7565 
6304 2021 2022 3930 
6305 7586 6371 7657 
6306 7548 1400 7549 
6307 2934 2935 2936 
6308 3627 5478 9173 
6309 7507 7506 8696 
6310 1036 1037 8633 
6311 1397 1399 1400 
6312 580 135 8033 
6313 4097 3670 7610 
6314 2038 2041 8531 
6315 7566 7567 7568 
6316 5961 7604 8474 
6317 6119 7494 7608 
6318 3941 2541 6095 
6319 2936 2937 2939 
6320 4990 3465 7617 
6321 1373 1376 7601 
6322 7584 7694 8418 
6323 8030 8028 8031 
6324 3052 3054 5176 
6325 115 604 8037 
6326 2508 2512 7480 
6327 2567 2570 7716 
6328 762 8141 8142 
6329 9199 5928 9213 
6330 2932 5170 7581 
6331 8999 5959 9018 
6332 8652 7507 8696 
6333 2606 7463 7464 
6334 4202 7584 8418 
6335 2560 2558 5169 
6336 1395 1397 7548 
6337 1394 1393 1395 
6338 2932 2933 2934 
6339 3262 3700 9319 
6340 2564 2567 7716 
6341 9006 7594 9029 
6342 2054 2057 8491 
6343 2923 2927 5447 
6344 2559 2558 2560 
6345 5639 7586 7657 
6346 2058 2061 7566 
6347 2915 5228 7659 
6348 7609 7608 9098 
6349 7559 8817 8853 
6350 524 525 783 
6351 2897 5373 8245 
6352 2061 3947 7566 
6353 5227 7641 7761 
6354 3926 5119 5177 
6355 8024 8025 8027 
6356 1391 1393 1394 
6357 7406 7409 7585 
6358 5302 2912 8754 
6359 7584 4202 7611 
6360 1421 1422 1423 
6361 1415 1416 1417 
6362 5141 7404 8636 
6363 5423 5359 9025 
6364 5339 7677 8609 
6365 7572 6423 7698 
6366 2528 2529 2530 
6367 4355 2968 8702 
6368 3465 2879 7617 
6369 7593 4651 7594 
6370 123 689 8000 
6371 122 123 8000 
6372 6359 4529 7591 
6373 6110 5474 9200 
6374 1401 1402 1403 
6375 7605 5953 7606 
6376 4056 3542 4440 
6377 1428 2525 2528 
6378 2877 2875 7629 
6379 4762 6106 9027 
6380 1390 1389 1391 
6381 2940 2941 2942 
6382 5996 7603 7684 
6383 7642 5463 8706 
6384 5182 2587 7627 
6385 7491 5493 9191 
6386 4484 5639 7657 
6387 1377 1380 7597 
6388 3946 7700 7701 
6389 2596 2591 7683 
6390 4633 4097 4977 
6391 4206 7830 8705 
6392 8036 114 8037 
6393 7816 5963 8665 
6394 7308 7307 7309 
6395 2936 2939 2940 
6396 400 401 7999 
6397 3656 2877 7629 
6398 2551 5911 7564 
6399 2505 2508 7480 
6400 4659 7602 8370 
6401 1371 1373 7601 
6402 2004 2006 2007 
6403 755 8104 8105 
6404 1477 1475 1478 
6405 3922 4611 7573 
6406 756 153 8013 
6407 2554 2552 3756 
6408 7313 7312 9165 
6409 5946 7334 7625 
6410 7641 1330 7761 
6411 2573 2542 5320 
6412 2077 2078 7605 
6413 5994 7676 8425 
6414 8070 771 8073 
6415 2010 2012 2013 
6416 7602 4659 7676 
6417 4611 5131 5132 
6418 7709 5397 8800 
6419 1387 1389 1390 
6420 1679 7583 7830 
6421 1400 1401 7595 
6422 2580 2577 4640 
6423 1385 1387 7555 
6424 2991 4197 7554 
6425 2580 4640 5924 
6426 8012 756 8013 
6427 2954 2951 7760 
6428 2932 2934 5170 
6429 2071 2931 2932 
6430 2561 2560 2562 
6431 5803 5762 6280 
6432 5479 3119 9245 
6433 3767 3670 4097 
6434 2587 1361 7627 
6435 4048 2941 4104 
6436 1384 1385 2542 
6437 758 8029 8030 
6438 4199 5953 7605 
6439 8858 6093 8921 
6440 7676 4659 8425 
6441 756 8012 8014 
6442 3037 3813 5489 
6443 3534 7633 7634 
6444 3580 4743 4770 
6445 7593 5946 7625 
6446 4977 4984 6607 
6447 4199 5167 5168 
6448 2068 2071 7581 
6449 9404 4795 9492 
6450 7604 7753 8474 
6451 1061 1064 8591 
6452 5221 7639 7727 
6453 2512 2510 7373 
6454 3466 3465 3670 
6455 2919 2923 7630 
6456 7721 5309 7722 
6457 7603 5962 7684 
6458 7812 7810 8723 
6459 4005 5485 5487 
6460 6067 7651 7653 
6461 7694 5180 8418 
6462 5168 7444 7477 
6463 7655 1679 8749 
6464 3757 2556 4609 
6465 2504 2505 2507 
6466 1384 1383 1385 
6467 5451 4751 6068 
6468 6629 6523 6630 
6469 5994 4666 8570 
6470 7651 6067 7656 
6471 4647 2596 7683 
6472 2934 2933 2935 
6473 7406 7407 7408 
6474 7719 7682 8561 
6475 1435 1433 1436 
6476 2885 2887 7702 
6477 2939 2937 7579 
6478 1425 1423 1426 
6479 6358 4529 6359 
6480 2097 8766 8874 
6481 4202 2788 7613 
6482 1405 1406 1407 
6483 1381 1383 1384 
6484 7619 5181 7620 
6485 6100 5959 9027 
6486 2031 2032 3000 
6487 7406 7408 7409 
6488 7495 4355 8702 
6489 3767 4097 4633 
6490 5220 2885 7702 
6491 2551 5910 5911 
6492 7494 2913 8868 
6493 1376 7598 7601 
6494 578 151 8015 
6495 8063 748 8069 
6496 2936 2935 2937 
6497 1397 1400 7548 
6498 5962 4658 8789 
6499 2932 2931 2933 
6500 7639 1354 7727 
6501 2571 1371 7601 
6502 1259 1255 8290 
6503 486 487 782 
6504 2071 2932 7581 
6505 1439 1437 1440 
6506 631 8027 8028 
6507 5001 4999 5488 
6508 1449 1447 1450 
6509 2536 2538 2540 
6510 7684 5962 8807 
6511 2880 2879 3465 
6512 1380 1379 1381 
6513 7404 7406 7585 
6514 7660 4673 7661 
6515 1376 1377 7597 
6516 1390 1391 7607 
6517 371 372 8017 
6518 372 691 8017 
6519 3024 3026 5185 
6520 4616 7446 9017 
6521 1376 1375 1377 
6522 7404 7405 7406 
6523 3522 2902 4738 
6524 3534 3833 7633 
6525 7620 5181 7621 
6526 3028 3030 3031 
6527 5761 2956 5762 
6528 1410 7513 7514 
6529 1370 3953 7686 
6530 3466 3670 3767 
6531 4754 2989 8870 
6532 7829 7644 8672 
6533 3178 3228 9030 
6534 8927 7648 8951 
6535 5227 7635 7641 
6536 6077 4461 8967 
6537 1367 1370 7686 
6538 7682 5356 8561 
6539 4166 5669 7646 
6540 2087 2088 7619 
6541 7514 7515 7516 
6542 4637 4049 5163 
6543 3769 4639 7623 
6544 7650 1356 7677 
6545 2870 5181 7619 
6546 6068 4751 7587 
6547 2081 4198 4199 
6548 1377 1379 1380 
6549 4765 3020 8379 
6550 4750 3811 4751 
6551 5194 7689 7690 
6552 3153 3105 5470 
6553 5398 7840 8792 
6554 2074 2077 7685 
6555 7643 4224 7644 
6556 2878 2877 2879 
6557 7599 7615 7616 
6558 2530 2531 2532 
6559 4199 5168 5953 
6560 1418 2527 2543 
6561 7676 5994 8570 
6562 364 365 8152 
6563 562 364 8152 
6564 4929 4938 5503 
6565 2880 3465 3466 
6566 8065 8064 8066 
6567 1407 1408 1409 
6568 3273 3275 9071 
6569 2572 2542 2573 
6570 2563 2562 2564 
6571 5925 5924 7421 
6572 2874 2875 2877 
6573 2018 2020 2021 
6574 4966 6471 7626 
6575 100 101 8190 
6576 3483 3820 3821 
6577 1414 1415 8790 
6578 7722 5309 8556 
6579 7694 5210 7904 
6580 5933 5163 5935 
6581 771 145 8073 
6582 2121 2122 7707 
6583 4197 7438 7554 
6584 7721 1332 8535 
6585 7613 8558 8732 
6586 1050 7585 8670 
6587 2872 2873 2874 
6588 6486 4411 8708 
6589 7639 7640 8628 
6590 2078 2081 7605 
6591 7701 5934 9010 
6592 7397 5935 7398 
6593 3875 4673 7660 
6594 1394 2558 2559 
6595 4484 7657 8448 
6596 7570 4639 7717 
6597 7831 7618 8413 
6598 4371 2854 7654 
6599 3670 4990 7610 
6600 4638 3769 7623 
6601 2014 2016 2017 
6602 5168 5167 7444 
6603 5132 5131 7590 
6604 2870 2871 2872 
6605 7613 2786 8558 
6606 4509 3711 7681 
6607 8025 751 8026 
6608 1385 1386 1387 
6609 1277 7812 8723 
6610 2574 2573 2575 
6611 7599 7597 7615 
6612 2568 2566 4636 
6613 4199 4198 5167 
6614 5384 7822 8751 
6615 6119 7608 7609 
6616 7811 3788 8382 
6617 5945 6060 8823 
6618 6068 8991 9016 
6619 2121 7707 7708 
6620 2879 3656 7617 
6621 1263 1261 7873 
6622 1349 1352 7656 
6623 2081 4199 7605 
6624 3580 4770 7632 
6625 9084 5939 9090 
6626 1732 7618 7829 
6627 631 8024 8027 
6628 4977 4097 4984 
6629 2576 2575 2577 
6630 2084 2087 7697 
6631 3056 3058 3059 
6632 1370 1369 1371 
6633 3833 4791 7633 
6634 4750 4751 5451 
6635 758 137 8029 
6636 3712 4166 7646 
6637 9209 2594 9210 
6638 1391 1392 1393 
6639 1367 1369 1370 
6640 1395 1396 1397 
6641 5293 7831 8413 
6642 8065 8066 8067 
6643 1397 1398 1399 
6644 1370 1371 2571 
6645 1373 1375 1376 
6646 8900 7648 8927 
6647 7612 8326 8478 
6648 1060 1061 8591 
6649 152 756 8015 
6650 153 154 8013 
6651 2874 2877 2878 
6652 5945 7504 9004 
6653 2923 5447 7630 
6654 2883 5220 7782 
6655 3087 3091 8585 
6656 2041 2042 3938 
6657 4791 5681 5952 
6658 2878 2879 2880 
6659 3711 3488 7681 
6660 2024 2026 2027 
6661 1387 1388 1389 
6662 7598 7597 7599 
6663 7489 7758 8605 
6664 7848 7827 8519 
6665 5393 7696 8739 
6666 4665 7638 7691 
6667 2578 2577 2580 
6668 7618 1732 8413 
6669 1366 1365 1367 
6670 2891 2895 5422 
6671 2991 2992 2993 
6672 5962 8789 8807 
6673 8767 7696 8777 
6674 7751 7750 8677 
6675 8024 751 8025 
6676 2854 2852 7654 
6677 4791 5952 7633 
6678 2591 2589 7683 
6679 6082 2571 7601 
6680 2543 2544 2545 
6681 5965 8767 8777 
6682 2091 2869 2870 
6683 1404 2541 3941 
6684 3821 4414 4415 
6685 2597 2596 2604 
6686 7679 1667 7876 
6687 1411 1409 1412 
6688 3761 2581 7637 
6689 5212 3806 8595 
6690 4234 5954 7663 
6691 7758 5344 8605 
6692 5194 2607 7689 
6693 2870 2872 5181 
6694 4453 2912 5302 
6695 5309 7721 8535 
6696 2108 2111 8696 
6697 7736 7810 7811 
6698 7647 4656 7648 
6699 4761 3078 8886 
6700 689 124 8022 
6701 124 125 8022 
6702 5313 2868 8675 
6703 7867 5980 8569 
6704 3670 3465 4990 
6705 7628 1366 7686 
6706 1387 1390 7555 
6707 4643 7398 9133 
6708 7635 5227 7715 
6709 3668 5183 7629 
6710 5141 7403 7404 
6711 2874 2878 8307 
6712 1353 1356 7650 
6713 6607 4984 6608 
6714 2549 2551 7564 
6715 7720 5233 8560 
6716 2664 7692 7918 
6717 1360 1361 2587 
6718 7507 8652 8826 
6719 2141 7753 8391 
6720 7520 4234 7663 
6721 2616 2611 7723 
6722 7561 7694 7904 
6723 6081 2571 6082 
6724 2875 3668 7629 
6725 8251 2244 8536 
6726 1453 1451 1454 
6727 3596 3788 8459 
6728 1030 3926 8689 
6729 3706 4484 8448 
6730 1347 1349 7656 
6731 2051 2052 2960 
6732 3668 5009 5183 
6733 2088 2091 7619 
6734 5181 2872 8307 
6735 4803 3119 5479 
6736 8721 5082 8940 
6737 3522 4738 4759 
6738 5292 7848 8519 
6739 7736 7811 8382 
6740 5669 4966 7626 
6741 2998 3087 5463 
6742 9041 7660 9096 
6743 7830 7583 8705 
6744 5955 7415 7693 
6745 8033 8032 8034 
6746 8066 8064 8068 
6747 7406 7405 7407 
6748 142 586 8035 
6749 2559 2560 2561 
6750 2597 2604 2605 
6751 7665 2244 7728 
6752 1279 1265 7792 
6753 2091 2870 7619 
6754 2902 2899 8245 
6755 2593 2591 2596 
6756 2244 2240 7728 
6757 2125 7706 7707 
6758 996 4190 8887 
6759 5131 7239 7590 
6760 632 8064 8065 
6761 1377 1378 1379 
6762 4003 5460 5465 
6763 2879 2877 3656 
6764 3712 3711 4166 
6765 3788 7811 8459 
6766 2607 1337 7689 
6767 2593 2596 2597 
6768 2878 4645 8307 
6769 2122 2125 7707 
6770 1279 7792 8328 
6771 8029 8028 8030 
6772 1040 3922 8633 
6773 2517 2518 2519 
6774 7641 7636 8657 
6775 7647 5955 7693 
6776 6083 5965 8808 
6777 2125 7705 7706 
6778 1285 1279 8328 
6779 1381 1382 1383 
6780 4626 7524 8899 
6781 145 146 8073 
6782 3948 3712 7646 
6783 3953 2571 6081 
6784 7627 1366 7628 
6785 2874 2873 2875 
6786 8695 6048 8905 
6787 2870 2869 2871 
6788 2872 2871 2873 
6789 3489 3488 3711 
6790 1363 1365 1366 
6791 4672 7867 8569 
6792 2240 2242 7728 
6793 2626 7540 7541 
6794 1085 1088 8498 
6795 4651 2616 7723 
6796 4166 4966 5669 
6797 1255 1253 8290 
6798 7611 4202 7613 
6799 6043 7711 7713 
6800 2837 2839 7746 
6801 2887 2891 7702 
6802 4166 4509 4966 
6803 1361 1363 7627 
6804 8167 94 8171 
6805 7728 2242 8311 
6806 2242 7883 8311 
6807 1352 7651 7656 
6808 2589 2587 5182 
6809 7711 6043 7714 
6810 5198 7751 8677 
6811 4966 6278 6471 
6812 1360 1359 1361 
6813 2094 2097 7724 
6814 3937 5136 5192 
6815 7966 7967 7968 
6816 3875 3650 4673 
6817 2028 2030 2031 
6818 4415 4861 6131 
6819 5222 4663 7691 
6820 5224 2837 7746 
6821 7584 5210 7694 
6822 2957 1347 7656 
6823 4224 1259 8290 
6824 7409 7408 9046 
6825 4748 3875 7660 
6826 2966 2967 4051 
6827 1357 1359 1360 
6828 7582 5170 8710 
6829 4224 7643 7873 
6830 7977 7976 7978 
6831 2519 2520 2521 
6832 7682 6018 8720 
6833 7965 7966 7970 
6834 1356 1355 1357 
6835 7881 7880 8537 
6836 1401 1399 1402 
6837 2244 7665 8536 
6838 8008 8007 8010 
6839 3970 5221 7727 
6840 1352 1353 7650 
6841 3489 3711 3712 
6842 4746 6087 8808 
6843 2034 2036 2037 
6844 2983 2985 5193 
6845 2540 7510 7511 
6846 2855 2854 3488 
6847 5327 7720 8560 
6848 1346 3961 7730 
6849 7813 3600 7930 
6850 7755 7489 8421 
6851 7753 7604 8391 
6852 2588 2587 2589 
6853 5206 7725 7726 
6854 7602 5207 8665 
6855 1352 1351 1353 
6856 7786 4226 7787 
6857 2111 7687 8652 
6858 1343 1346 7730 
6859 4742 4710 8768 
6860 3999 5453 6085 
6861 1367 1368 1369 
6862 8006 8005 8007 
6863 3522 4759 7695 
6864 7652 7677 7678 
6865 1353 1355 1356 
6866 1463 1461 1464 
6867 7710 1332 7721 
6868 7404 7403 7405 
6869 5221 5445 7639 
6870 7971 7970 7972 
6871 3091 3093 5442 
6872 4663 4665 7691 
6873 7881 7671 7883 
6874 2855 3488 3489 
6875 1366 1367 7686 
6876 2545 2546 2547 
6877 2111 2112 7687 
6878 7892 1292 8443 
6879 2824 2826 7715 
6880 4793 3089 5464 
6881 2846 5191 7687 
6882 2583 2581 3761 
6883 7883 7671 8311 
6884 2061 2062 3946 
6885 7770 7738 8468 
6886 7741 5212 8595 
6887 7644 4224 8290 
6888 7787 4226 8480 
6889 1261 4224 7873 
6890 2815 2813 7935 
6891 2853 2852 2854 
6892 2580 5925 7637 
6893 674 352 7980 
6894 352 353 7980 
6895 6485 4411 6486 
6896 632 8063 8064 
6897 5355 8620 8656 
6898 2629 5206 7763 
6899 2547 2548 2549 
6900 4217 4693 8619 
6901 2589 5182 7683 
6902 4718 7682 7719 
6903 2923 2926 2927 
6904 7692 8251 8536 
6905 5009 3669 8567 
6906 2532 2533 2534 
6907 8006 8007 8008 
6908 7692 2664 8251 
6909 7755 1122 8428 
6910 7793 7858 8668 
6911 8326 2155 8478 
6912 2850 2851 2852 
6913 7734 6024 8658 
6914 4666 7848 8570 
6915 2927 3574 4762 
6916 2071 2072 2931 
6917 2534 2533 7580 
6918 4051 4052 4413 
6919 1732 7829 8672 
6920 7652 7650 7677 
6921 7639 5445 7640 
6922 5189 5190 6363 
6923 3488 4371 7681 
6924 1346 1347 2957 
6925 3763 2585 4619 
6926 2848 2849 2850 
6927 7842 7843 8607 
6928 1667 1263 7873 
6929 2846 2847 2848 
6930 137 138 8029 
6931 7786 7785 8482 
6932 5225 7755 8428 
6933 1667 7679 7792 
6934 6060 8766 8823 
6935 7745 5970 8490 
6936 2994 3687 8759 
6937 7828 7824 8404 
6938 9109 2614 9110 
6939 7764 6215 8584 
6940 3988 5377 8637 
6941 6363 6364 6602 
6942 7738 5328 8468 
6943 4672 7699 7742 
6944 9038 4752 9099 
6945 2813 5326 7935 
6946 1442 2526 8910 
6947 1317 1328 7714 
6948 2590 2589 2591 
6949 2835 5224 7744 
6950 377 378 8091 
6951 1346 1345 1347 
6952 732 7976 7977 
6953 354 561 7981 
6954 5814 5438 9042 
6955 5969 5972 7742 
6956 3809 2893 7733 
6957 154 155 8616 
6958 1343 1345 1346 
6959 2038 2040 2041 
6960 1363 1366 7627 
6961 7699 5969 7742 
6962 1349 1351 1352 
6963 7733 2889 8680 
6964 1371 1372 1373 
6965 7651 7650 7652 
6966 2862 5345 8530 
6967 1265 1667 7792 
6968 3800 4718 7719 
6969 7671 7881 8537 
6970 5206 2627 7725 
6971 1084 1085 8498 
6972 1384 2542 2572 
6973 4668 7828 8404 
6974 1373 1374 1375 
6975 7663 5954 7664 
6976 6067 2957 7656 
6977 2853 2854 2855 
6978 1342 1341 1343 
6979 7465 7463 7466 
6980 2963 2965 8387 
6981 2611 2609 7723 
6982 7705 5199 7706 
6983 3684 5189 7654 
6984 1415 1413 1416 
6985 2893 2889 7733 
6986 7703 5398 8792 
6987 2617 2616 2624 
6988 5227 2824 7715 
6989 4743 2954 7760 
6990 3684 4465 5189 
6991 2987 2990 2991 
6992 7966 747 7967 
6993 5462 2980 8469 
6994 1376 7597 7598 
6995 7739 4720 7740 
6996 5186 3642 5188 
6997 6434 6435 6436 
6998 2850 2852 2853 
6999 7598 7599 7600 
7000 4166 3711 4509 
7001 1293 1292 7892 
7002 2580 5924 5925 
7003 2852 3684 7654 
7004 5341 7749 8438 
7005 4425 2868 5313 
7006 2842 2844 5393 
7007 4413 4628 4629 
7008 2915 2917 5228 
7009 2592 2591 2593 
7010 7690 1342 7730 
7011 7749 1300 8438 
7012 1667 7873 7876 
7013 7692 7691 7918 
7014 7980 353 7981 
7015 4638 7624 8681 
7016 2845 2116 7757 
7017 624 8005 8006 
7018 2115 2845 2846 
7019 2141 7752 7753 
7020 1336 1337 2607 
7021 3488 2854 4371 
7022 3599 3597 7931 
7023 1353 1354 1355 
7024 1329 1332 7710 
7025 141 142 8035 
7026 4226 7786 8482 
7027 2846 2848 5191 
7028 3064 2989 4754 
7029 6066 2957 6067 
7030 8478 5263 8547 
7031 7742 5972 8375 
7032 2891 5422 7702 
7033 4762 4763 6106 
7034 5188 5195 6370 
7035 1315 1317 7714 
7036 4966 4509 6278 
7037 2081 2082 4198 
7038 7918 5244 7923 
7039 2850 2853 8269 
7040 2231 7745 8490 
7041 2804 5199 7705 
7042 2844 3520 7696 
7043 2613 2611 2616 
7044 1876 1878 1879 
7045 1380 1381 8667 
7046 770 7973 7974 
7047 2617 2624 2625 
7048 2811 2810 3642 
7049 2604 2596 4647 
7050 2112 2115 7687 
7051 2125 2126 7705 
7052 1296 7731 7877 
7053 5222 7691 7692 
7054 2627 1305 7725 
7055 2115 2846 7687 
7056 8082 735 8088 
7057 2937 2938 4109 
7058 1491 1489 1492 
7059 2826 2830 7715 
7060 5191 2848 8269 
7061 6114 4761 6115 
7062 1297 1296 7877 
7063 1462 2500 9000 
7064 7699 4672 8569 
7065 2613 2616 2617 
7066 3961 2957 6066 
7067 2861 2863 8365 
7068 2846 2845 2847 
7069 4000 3811 4750 
7070 1429 1427 1430 
7071 2853 5378 8269 
7072 629 7970 7971 
7073 2804 2805 2806 
7074 7976 605 7978 
7075 2943 4720 7739 
7076 5188 6370 7481 
7077 7945 7946 7947 
7078 2848 2847 2849 
7079 2806 2807 2808 
7080 5393 2844 7696 
7081 6044 5967 8640 
7082 1292 1285 8328 
7083 2048 2050 2051 
7084 2852 2851 3684 
7085 7689 1342 7690 
7086 2808 2809 2810 
7087 2850 2849 2851 
7088 1109 1112 8424 
7089 3600 7813 7931 
7090 5972 7845 8375 
7091 5238 7837 8271 
7092 5639 6534 7586 
7093 1339 1341 1342 
7094 2130 2132 7815 
7095 2116 2118 7757 
7096 8997 5947 9006 
7097 2572 2573 2574 
7098 7718 3782 8525 
7099 3604 3603 8372 
7100 731 345 8075 
7101 345 346 8075 
7102 2609 2607 5194 
7103 2839 2842 7746 
7104 337 559 7969 
7105 3945 5145 5200 
7106 4733 5420 5427 
7107 4751 3811 7589 
7108 1337 1339 7689 
7109 4484 5638 5639 
7110 1370 2571 3953 
7111 2811 3642 5186 
7112 5176 9191 9208 
7113 7965 747 7966 
7114 629 7965 7970 
7115 7467 7466 7470 
7116 3774 3712 3948 
7117 1328 7711 7714 
7118 5189 4465 5190 
7119 1357 1358 1359 
7120 2058 2060 2061 
7121 1291 7734 8658 
7122 3659 5958 7729 
7123 8421 7489 8605 
7124 8882 7839 8913 
7125 1363 1364 1365 
7126 1360 2587 2588 
7127 1336 1335 1337 
7128 5304 7834 8516 
7129 2822 5227 7761 
7130 136 758 8033 
7131 8084 8083 8085 
7132 3803 4238 7777 
7133 2803 2130 7815 
7134 1419 1417 1420 
7135 5639 6349 6534 
7136 2906 1315 7714 
7137 7827 7828 8519 
7138 7635 5427 7636 
7139 1361 1362 1363 
7140 1333 1335 1336 
7141 7810 7736 8723 
7142 3576 2818 4710 
7143 6363 5190 6364 
7144 114 115 8037 
7145 3600 3596 8459 
7146 3897 4572 5064 
7147 1332 1331 1333 
7148 1343 1344 1345 
7149 5196 5398 8800 
7150 2608 2607 2609 
7151 8620 5967 8656 
7152 4693 7773 8619 
7153 1012 8794 8795 
7154 7946 774 7947 
7155 6463 6464 6465 
7156 1328 1329 7710 
7157 1314 3967 7766 
7158 347 560 8076 
7159 2891 2894 2895 
7160 8064 8063 8069 
7161 4109 5147 5812 
7162 5238 7836 7837 
7163 7781 5371 8653 
7164 8013 154 8616 
7165 7774 3783 8248 
7166 3715 8461 8522 
7167 1328 1327 1329 
7168 2044 2046 2047 
7169 7702 5422 8802 
7170 2561 2562 2563 
7171 7834 5215 8516 
7172 4718 5400 6018 
7173 3603 7932 8372 
7174 7774 5250 7775 
7175 1391 1389 1392 
7176 7712 7721 7722 
7177 7775 5250 8274 
7178 2101 8495 8823 
7179 1311 1314 7766 
7180 3983 7764 8584 
7181 2830 4732 4733 
7182 1283 7748 7750 
7183 7928 5397 8811 
7184 2804 2806 5199 
7185 3706 4483 4484 
7186 2808 2810 2811 
7187 624 8004 8005 
7188 1064 3937 8591 
7189 2609 5194 7723 
7190 1329 1331 1332 
7191 5188 3642 5195 
7192 7843 5214 8607 
7193 1342 1343 7730 
7194 6427 4918 7756 
7195 3495 2925 3811 
7196 6616 6190 6617 
7197 7612 8478 8547 
7198 3093 3538 8724 
7199 2129 2803 2804 
7200 7630 5447 8946 
7201 5250 7774 8248 
7202 5199 2806 7889 
7203 4515 2775 7754 
7204 770 332 7973 
7205 2121 7708 7757 
7206 2808 2811 7889 
7207 5966 7834 8538 
7208 7947 774 7948 
7209 7738 6000 8613 
7210 2567 2569 2570 
7211 2578 2580 7637 
7212 2895 3533 3534 
7213 1270 1679 7830 
7214 1292 8328 8443 
7215 7743 3783 7774 
7216 7712 7710 7721 
7217 8075 346 8076 
7218 7464 7463 7465 
7219 2068 2070 2071 
7220 7748 1300 7749 
7221 1405 1403 1406 
7222 8009 8008 8011 
7223 2536 2540 7580 
7224 2151 8326 8732 
7225 2811 5187 7889 
7226 2600 2598 3765 
7227 6370 5195 6371 
7228 3800 4717 4718 
7229 2652 2648 7785 
7230 2129 2804 7705 
7231 2796 2795 3659 
7232 5017 5664 6416 
7233 3659 4492 5017 
7234 1314 1315 2906 
7235 4918 4516 7756 
7236 2054 2056 2057 
7237 5220 8802 8829 
7238 3597 3600 7931 
7239 2875 2876 3668 
7240 2126 2129 7705 
7241 2185 7836 7874 
7242 3783 7743 7776 
7243 2804 2803 2805 
7244 1322 1320 8470 
7245 7753 5209 8474 
7246 2941 2939 7577 
7247 5233 5966 8560 
7248 2806 2805 2807 
7249 8819 7800 8836 
7250 2074 2076 2077 
7251 1314 1313 1315 
7252 3659 5017 5958 
7253 2091 2092 2869 
7254 4718 4717 5400 
7255 4733 5427 7635 
7256 1347 1348 1349 
7257 1377 1375 1378 
7258 1108 1109 8424 
7259 6274 4868 8717 
7260 7752 5209 7753 
7261 2610 2609 2611 
7262 1349 1350 1351 
7263 2808 2807 2809 
7264 2631 2629 7763 
7265 1311 1313 1314 
7266 2775 2773 7754 
7267 7928 8811 8816 
7268 1352 7650 7651 
7269 3772 5225 8428 
7270 5980 8555 8569 
7271 7780 5246 8402 
7272 2141 2142 7752 
7273 1339 1342 7689 
7274 1296 1293 7892 
7275 4733 4732 5420 
7276 1317 1327 1328 
7277 7711 7710 7712 
7278 3608 3607 8286 
7279 8461 6339 8522 
7280 2644 2646 7814 
7281 5234 2644 7814 
7282 3766 2602 4627 
7283 2796 3659 7729 
7284 8766 6060 8874 
7285 3992 6032 7875 
7286 3607 7798 8286 
7287 2760 2758 7908 
7288 1320 1297 7877 
7289 2810 2809 3706 
7290 5436 2996 8969 
7291 7731 1296 7892 
7292 623 8083 8084 
7293 2820 7719 8561 
7294 8085 8083 8086 
7295 7944 626 7945 
7296 2794 2793 2795 
7297 7757 7708 8449 
7298 6043 2906 7714 
7299 2135 3971 5996 
7300 7858 5367 8668 
7301 1310 1309 1311 
7302 2636 2635 2637 
7303 7651 7652 7653 
7304 7638 5244 7918 
7305 2863 2909 8365 
7306 1381 1379 1382 
7307 4885 5690 6237 
7308 2842 5393 7746 
7309 2664 7918 7923 
7310 2041 3939 8531 
7311 1144 7780 8402 
7312 5195 3642 8448 
7313 7726 1310 7766 
7314 4713 7738 7770 
7315 8720 6018 8731 
7316 1288 1300 7748 
7317 2612 2611 2613 
7318 2789 2790 2791 
7319 1304 1305 2627 
7320 5949 7489 7755 
7321 2574 2575 2576 
7322 1443 1441 1444 
7323 7635 7636 7641 
7324 8771 5289 8781 
7325 2818 2815 7935 
7326 2791 2792 2793 
7327 7542 7540 7543 
7328 4658 2796 7729 
7329 3998 5443 5448 
7330 2101 2102 8495 
7331 4484 4483 5638 
7332 5967 8620 8640 
7333 3576 4710 4742 
7334 2624 2616 4651 
7335 7815 5996 8510 
7336 7836 5238 7874 
7337 2787 5209 7752 
7338 5981 7718 8525 
7339 2758 5285 7908 
7340 2740 2738 7791 
7341 5179 4918 6422 
7342 5394 2911 8803 
7343 3603 3599 7931 
7344 6042 2906 6043 
7345 1329 1330 1331 
7346 2195 7845 7897 
7347 3537 5371 7781 
7348 1046 8670 8671 
7349 3625 3800 7719 
7350 2576 2577 2578 
7351 3565 3102 3566 
7352 4718 6018 7682 
7353 5221 5437 5445 
7354 1367 1365 1368 
7355 5639 5638 6349 
7356 2084 2086 2087 
7357 2787 2788 2789 
7358 2919 2922 2923 
7359 3843 2740 7791 
7360 3531 4681 8451 
7361 7747 2659 8527 
7362 3806 2662 8595 
7363 1346 2957 3961 
7364 4738 2902 8245 
7365 2633 2631 2635 
7366 3991 4713 7770 
7367 2636 2637 2638 
7368 5405 2928 8837 
7369 7930 3600 8459 
7370 623 8084 8089 
7371 5966 8538 8560 
7372 2642 5234 7820 
7373 4655 4516 4918 
7374 3577 3085 3578 
7375 756 8014 8015 
7376 7880 2659 8537 
7377 2830 4733 7715 
7378 8273 4657 8474 
7379 2633 2635 2636 
7380 5179 6422 6423 
7381 329 558 7951 
7382 3967 2906 6042 
7383 5224 8693 8729 
7384 2636 2639 7849 
7385 7746 5393 8693 
7386 2909 2943 7739 
7387 2484 2483 7486 
7388 1254 7759 7793 
7389 7943 626 7944 
7390 7691 7638 7918 
7391 6422 6427 6650 
7392 2236 8240 8487 
7393 336 337 7969 
7394 2943 2947 4720 
7395 2155 7767 8478 
7396 5996 3971 7603 
7397 2728 2730 7825 
7398 3659 2795 4492 
7399 2794 2795 2796 
7400 2628 2627 2629 
7401 2633 2636 7849 
7402 2791 2793 2794 
7403 1281 1283 7750 
7404 7725 1310 7726 
7405 2629 2627 5206 
7406 1339 1340 1341 
7407 1307 1309 1310 
7408 1337 1338 1339 
7409 8506 3778 8511 
7410 327 774 7946 
7411 1304 1303 1305 
7412 7735 7734 8687 
7413 3956 5159 5216 
7414 1336 2607 2608 
7415 7845 5972 7897 
7416 7784 3586 7785 
7417 2730 2737 7825 
7418 3586 2652 7785 
7419 2810 3706 8448 
7420 8047 8044 8049 
7421 2776 2775 3583 
7422 8888 5956 8900 
7423 4104 7577 7578 
7424 3583 4515 4516 
7425 2278 1252 7793 
7426 2145 2786 2787 
7427 1305 1307 7725 
7428 623 8082 8083 
7429 1301 1303 1304 
7430 7544 7543 7547 
7431 1311 1312 1313 
7432 1356 1357 8609 
7433 2787 2789 5209 
7434 1300 1299 1301 
7435 4655 4918 5179 
7436 4733 7635 7715 
7437 2064 2066 2067 
7438 5017 4492 5664 
7439 1333 1334 1335 
7440 2650 2654 5355 
7441 2142 2145 7752 
7442 4666 7847 7848 
7443 1088 3945 8498 
7444 8128 8127 8129 
7445 5970 8240 8490 
7446 2155 2156 7767 
7447 8352 7776 8390 
7448 2132 2135 7815 
7449 5949 7487 7488 
7450 1254 1256 7759 
7451 7785 2648 8482 
7452 1353 1351 1354 
7453 2102 2105 8495 
7454 3583 4516 4655 
7455 2256 2254 7776 
7456 4722 6050 8640 
7457 2791 2794 8273 
7458 5949 7488 7489 
7459 8935 5953 8954 
7460 5225 5949 7755 
7461 7768 6253 7841 
7462 7657 5195 8448 
7463 7789 4207 7790 
7464 4681 7817 8451 
7465 2789 2788 2790 
7466 5225 5948 5949 
7467 5209 2789 8273 
7468 1283 1288 7748 
7469 3583 4655 7904 
7470 2791 2790 2792 
7471 2588 2589 2590 
7472 1288 1299 1300 
7473 8050 757 8163 
7474 7759 4206 7858 
7475 2774 2773 2775 
7476 3782 8503 8525 
7477 4655 7561 7904 
7478 3639 2893 3809 
7479 1122 7755 8421 
7480 332 333 7973 
7481 2872 2874 8307 
7482 2160 2162 7853 
7483 2597 2605 2606 
7484 6416 5664 6417 
7485 8051 8050 8163 
7486 2118 2121 7757 
7487 2883 2885 5220 
7488 7489 7488 7758 
7489 7973 7971 7974 
7490 2733 4207 7789 
7491 2745 3635 7816 
7492 3970 4680 5221 
7493 2145 2787 7752 
7494 7848 5292 8570 
7495 2793 2792 4427 
7496 4516 5688 7756 
7497 2766 2160 7853 
7498 2769 2770 2771 
7499 2078 2080 2081 
7500 1657 7750 7751 
7501 2254 3783 7776 
7502 2767 5263 7767 
7503 3588 3586 7784 
7504 2771 2772 2773 
7505 1310 1311 7766 
7506 3668 3669 5009 
7507 778 8055 8056 
7508 4657 5961 8474 
7509 2794 4657 8273 
7510 2094 2096 2097 
7511 2211 7841 7909 
7512 7902 4221 7903 
7513 3607 3604 8372 
7514 7824 7825 8404 
7515 5385 2904 8757 
7516 2787 2786 2788 
7517 2620 2618 3768 
7518 2767 2768 2769 
7519 3537 2763 5371 
7520 2659 2308 8527 
7521 7841 6253 7909 
7522 7903 4221 8299 
7523 8126 8127 8128 
7524 3576 4742 7779 
7525 1268 1270 7830 
7526 7858 4206 8705 
7527 2267 2293 7846 
7528 2171 7826 7827 
7529 7503 5172 7504 
7530 2630 2629 2631 
7531 2842 2843 2844 
7532 1270 1272 1679 
7533 3800 3801 4717 
7534 2646 2650 7814 
7535 1276 1281 1657 
7536 1320 7877 8470 
7537 3611 7794 8234 
7538 2774 2775 2776 
7539 2098 2100 2101 
7540 1657 1281 7750 
7541 8370 7602 8665 
7542 8555 7718 8569 
7543 1246 5347 8342 
7544 6422 4918 6427 
7545 2750 2748 8296 
7546 1315 1316 1317 
7547 4457 4897 5213 
7548 4713 5375 6000 
7549 8484 2236 8487 
7550 4457 5213 7754 
7551 5262 7839 8354 
7552 2185 7835 7836 
7553 1343 1341 1344 
7554 7765 7764 8603 
7555 1317 1326 1327 
7556 1328 7710 7711 
7557 627 8053 8054 
7558 4666 2166 7847 
7559 2175 7823 7824 
7560 2166 2168 7847 
7561 3686 3537 7781 
7562 2771 2773 2774 
7563 3769 2622 4639 
7564 1272 1274 8749 
7565 1307 1310 7725 
7566 3772 4648 5225 
7567 182 183 8055 
7568 2773 4457 7754 
7569 3583 2775 4515 
7570 4714 2828 8565 
7571 2767 2769 5263 
7572 2820 3625 7719 
7573 5207 2745 7816 
7574 2632 2631 2633 
7575 3788 7854 8382 
7576 8613 6000 8618 
7577 1305 1306 1307 
7578 7882 7883 8376 
7579 2159 2766 2767 
7580 7902 7869 8284 
7581 4516 4515 5688 
7582 7711 7712 7713 
7583 4492 2795 8415 
7584 7801 7799 7932 
7585 1266 1268 4206 
7586 2671 7788 8355 
7587 8746 5203 8753 
7588 2745 2744 3635 
7589 2156 2159 7767 
7590 3611 3608 8286 
7591 3515 2980 3516 
7592 3570 4689 7819 
7593 5263 2769 8244 
7594 8851 8530 8898 
7595 5347 1248 7842 
7596 1252 1254 7793 
7597 2115 2116 2845 
7598 7826 7824 7828 
7599 7618 5296 7829 
7600 2738 7789 7791 
7601 7839 7838 8354 
7602 5757 4467 8436 
7603 2138 2141 8391 
7604 2769 2768 2770 
7605 4791 5680 5681 
7606 1304 2627 2628 
7607 2771 2770 2772 
7608 2771 2774 8244 
7609 8492 5312 8526 
7610 2844 3519 3520 
7611 7784 7785 7786 
7612 2748 5303 8296 
7613 3991 4712 4713 
7614 2293 4715 7846 
7615 1288 1298 1299 
7616 2793 4427 8415 
7617 2637 2635 4656 
7618 3625 3716 3800 
7619 4674 7896 8239 
7620 3684 3954 4465 
7621 2171 2172 7826 
7622 1357 1355 1358 
7623 2135 5996 7815 
7624 7771 5964 7772 
7625 328 329 7951 
7626 3520 3859 4746 
7627 5966 7833 7834 
7628 2765 7770 8468 
7629 3803 4100 4238 
7630 5210 2776 7904 
7631 4713 4712 5375 
7632 1283 1287 1288 
7633 7745 8506 8511 
7634 2773 2772 4457 
7635 1270 1271 1272 
7636 3091 5442 8585 
7637 1314 2906 3967 
7638 2195 7844 7845 
7639 6026 7786 7787 
7640 8342 5347 8343 
7641 3603 7931 7932 
7642 8240 5977 8487 
7643 5961 4658 5962 
7644 2774 4203 8244 
7645 2830 3252 4732 
7646 2159 2767 7767 
7647 2108 2110 2111 
7648 2641 2634 5219 
7649 5949 5948 7487 
7650 4209 4707 7821 
7651 7939 730 7940 
7652 7488 7487 7778 
7653 2743 2742 2744 
7654 1385 1383 1386 
7655 1272 1273 1274 
7656 3453 3991 7770 
7657 4657 2796 4658 
7658 326 327 7946 
7659 8083 8082 8088 
7660 1301 1302 1303 
7661 2165 4666 5994 
7662 7823 2728 7825 
7663 5229 4703 6024 
7664 2767 2766 2768 
7665 8041 8044 8047 
7666 2763 2760 7908 
7667 4221 7902 8284 
7668 1281 1282 1283 
7669 8267 8266 8393 
7670 5213 4897 7771 
7671 7776 7743 8390 
7672 2175 2176 7823 
7673 8225 3609 8323 
7674 2741 2740 2742 
7675 2088 2090 2091 
7676 1307 1308 1309 
7677 1274 1275 1276 
7678 5219 2634 7849 
7679 778 182 8055 
7680 8442 6006 8513 
7681 2650 5355 7814 
7682 2739 2738 2740 
7683 3782 7718 8555 
7684 7814 5355 8577 
7685 4734 6075 6076 
7686 2666 6665 7884 
7687 5296 5295 7829 
7688 2102 2104 2105 
7689 1332 1333 8535 
7690 627 8052 8053 
7691 5665 4492 8415 
7692 5786 8225 8323 
7693 7789 7790 7791 
7694 5966 5232 7833 
7695 6024 4703 6026 
7696 1276 1280 1281 
7697 6059 5340 8582 
7698 6025 6024 7734 
7699 2256 7776 8352 
7700 353 354 7981 
7701 4897 5964 7771 
7702 4217 4228 4693 
7703 7827 7826 7828 
7704 7821 4707 8751 
7705 7896 7895 8239 
7706 3669 4642 8567 
7707 1469 1467 1470 
7708 1256 1266 7759 
7709 3788 3594 7854 
7710 4713 6000 7738 
7711 2742 3843 7783 
7712 1112 3956 8424 
7713 5720 5246 7780 
7714 8048 8047 8049 
7715 2737 2732 2738 
7716 7745 2231 8506 
7717 7855 5282 8447 
7718 8240 2236 8490 
7719 8503 7837 8525 
7720 7883 2242 8376 
7721 5225 4648 5948 
7722 2608 2609 2610 
7723 4746 4747 6087 
7724 1268 1269 1270 
7725 1329 1327 1330 
7726 4203 2776 5210 
7727 2743 2744 2745 
7728 1266 1267 1268 
7729 2732 2733 7789 
7730 7833 5232 7907 
7731 5992 7898 8324 
7732 7834 5304 8538 
7733 4611 4612 5131 
7734 7824 7823 7825 
7735 7853 5994 8425 
7736 2185 2186 7835 
7737 3590 3588 4703 
7738 2590 2591 2592 
7739 2835 2837 5224 
7740 8044 8043 8046 
7741 5246 2724 8402 
7742 2730 2731 2732 
7743 4689 8296 8297 
7744 2671 8352 8390 
7745 3612 3611 8234 
7746 7847 7827 7848 
7747 738 8126 8128 
7748 2728 2729 2730 
7749 4130 5015 7885 
7750 8162 8164 8165 
7751 757 8050 8255 
7752 754 163 8089 
7753 163 164 8089 
7754 164 623 8089 
7755 2822 2824 5227 
7756 2744 2742 7783 
7757 1395 1393 1396 
7758 5954 4233 7505 
7759 7840 2268 7846 
7760 5205 5295 5296 
7761 2719 2717 8253 
7762 7541 7540 7542 
7763 2741 2742 2743 
7764 7804 7805 7806 
7765 2118 2120 2121 
7766 2887 2890 2891 
7767 7807 7810 7812 
7768 7798 3607 8372 
7769 4075 4372 7920 
7770 2806 2808 7889 
7771 207 599 7992 
7772 5417 8267 8393 
7773 2175 7824 7826 
7774 3570 2753 4689 
7775 8126 577 8127 
7776 5364 3570 7819 
7777 7802 7803 7804 
7778 2281 2268 7840 
7779 8041 8042 8043 
7780 5234 8577 8600 
7781 2129 2130 2803 
7782 2739 2740 2741 
7783 1311 1309 1312 
7784 2172 2175 7826 
7785 599 7989 7992 
7786 2268 2267 7846 
7787 2650 2653 2654 
7788 7841 2211 8247 
7789 7836 5982 7837 
7790 2715 4111 7867 
7791 5203 5204 5205 
7792 7835 5982 7836 
7793 2733 2735 4207 
7794 2617 2625 2626 
7795 4705 4692 8540 
7796 2182 2185 7874 
7797 7870 5983 8232 
7798 2179 2727 2728 
7799 2738 2732 7789 
7800 5295 7644 7829 
7801 2330 8355 8414 
7802 4985 6247 6530 
7803 8407 5290 8464 
7804 2563 2564 2565 
7805 2737 2738 2739 
7806 7806 7805 7807 
7807 5981 7699 7718 
7808 7800 7801 7802 
7809 7891 5274 8398 
7810 2162 2165 7853 
7811 4206 1268 7830 
7812 2247 2250 7919 
7813 2533 2536 7580 
7814 4690 5969 5981 
7815 2742 2740 3843 
7816 5205 5204 5295 
7817 2122 2124 2125 
7818 3590 4703 5229 
7819 2628 2629 2630 
7820 4372 7888 7920 
7821 5211 5210 7584 
7822 4757 2911 5394 
7823 2680 5247 7868 
7824 8160 8161 8163 
7825 7804 7803 7805 
7826 2195 2196 7844 
7827 6038 5296 7618 
7828 1371 1369 1372 
7829 7859 4696 7860 
7830 2705 2200 7870 
7831 5231 7878 7879 
7832 8041 8043 8044 
7833 2717 5265 8253 
7834 3596 3594 3788 
7835 1246 1248 5347 
7836 1250 2278 7842 
7837 8703 1277 8723 
7838 7898 1224 8324 
7839 2654 3539 4722 
7840 6038 7618 7831 
7841 4690 5982 7835 
7842 7878 1682 7879 
7843 7775 8484 8487 
7844 2662 5231 8590 
7845 2730 2729 2731 
7846 2848 2850 8269 
7847 4698 7821 7822 
7848 2728 2727 2729 
7849 1683 1682 7878 
7850 4708 5202 5203 
7851 2732 2731 2733 
7852 627 184 8052 
7853 3992 5382 6032 
7854 7813 7801 7932 
7855 7802 7801 7803 
7856 2135 2136 3971 
7857 3590 5229 7854 
7858 3880 4662 4985 
7859 2176 2179 7823 
7860 2344 7855 8447 
7861 6005 8407 8464 
7862 734 8047 8048 
7863 2730 2732 2737 
7864 2765 3453 7770 
7865 6037 5296 6038 
7866 1300 1301 8438 
7867 8507 7896 8533 
7868 2682 2680 7868 
7869 5203 5202 5204 
7870 8042 584 8255 
7871 5756 4467 5757 
7872 3991 4711 4712 
7873 2189 3976 4690 
7874 5229 6024 6025 
7875 2332 2333 4698 
7876 2317 2321 7895 
7877 2168 2171 7847 
7878 4710 2818 7935 
7879 346 347 8076 
7880 2708 2709 2710 
7881 2200 2202 7870 
7882 2715 2714 4111 
7883 3706 3960 4483 
7884 7797 7799 7800 
7885 2710 2711 2712 
7886 4672 2715 7867 
7887 4209 4670 4707 
7888 2333 4209 7821 
7889 7844 5230 7845 
7890 2265 2671 8355 
7891 184 185 8052 
7892 7765 8603 8614 
7893 2826 2829 2830 
7894 7933 6021 7937 
7895 2192 2195 7897 
7896 8040 8041 8047 
7897 2659 7747 8537 
7898 2706 2707 2708 
7899 4707 4670 4708 
7900 5981 5969 7699 
7901 2112 2114 2115 
7902 2293 2294 2332 
7903 5232 3781 7907 
7904 4698 2333 7821 
7905 2713 2712 2714 
7906 7720 5327 8580 
7907 2797 4696 7859 
7908 2747 2749 7926 
7909 7794 3611 8286 
7910 2171 7827 7847 
7911 2592 2593 2594 
7912 7788 2671 8390 
7913 6062 6063 6064 
7914 4690 3976 5969 
7915 2285 1734 7905 
7916 3973 2745 5207 
7917 2930 7838 7905 
7918 8041 584 8042 
7919 7800 7799 7801 
7920 1333 1331 1334 
7921 4642 5943 5944 
7922 5973 8492 8526 
7923 2666 7884 8241 
7924 6026 7784 7786 
7925 4496 3691 7871 
7926 2267 2292 2293 
7927 7793 7759 7858 
7928 8043 8042 8045 
7929 5204 5202 7876 
7930 2145 2146 2786 
7931 4749 2881 5380 
7932 6025 7734 7735 
7933 2151 2152 8326 
7934 1347 1345 1348 
7935 2179 2728 7823 
7936 6061 4236 6062 
7937 2211 2212 8247 
7938 2186 2189 7835 
7939 3453 3990 3991 
7940 7842 2278 7843 
7941 1248 1250 7842 
7942 3922 3923 4611 
7943 2675 7891 8398 
7944 4690 5981 5982 
7945 6065 7795 7796 
7946 2839 2841 2842 
7947 2706 5230 7844 
7948 4985 4662 6247 
7949 5719 5246 5720 
7950 8296 5303 8297 
7951 2332 2294 2333 
7952 2857 5251 8345 
7953 7845 5230 8375 
7954 2227 2665 7912 
7955 7838 2930 8354 
7956 1266 4206 7759 
7957 2293 2292 2294 
7958 2208 2211 7909 
7959 2909 7739 8365 
7960 7802 7804 7809 
7961 2342 8287 8350 
7962 5696 6510 7856 
7963 2132 2134 2135 
7964 2199 2705 2706 
7965 5208 5207 7602 
7966 2258 2256 8352 
7967 5196 4700 5398 
7968 8040 584 8041 
7969 2708 2707 2709 
7970 3790 6005 8333 
7971 2189 4690 7835 
7972 4419 7890 8338 
7973 4722 4723 6050 
7974 2267 1680 2292 
7975 2152 2155 8326 
7976 3791 3666 4236 
7977 1256 1258 1266 
7978 7893 7933 7937 
7979 1681 1680 2267 
7980 4429 5252 8222 
7981 2710 2709 2711 
7982 5761 5762 5803 
7983 1641 1325 7869 
7984 206 207 7992 
7985 7895 2321 8239 
7986 1659 1658 1680 
7987 2165 5994 7853 
7988 776 8218 8219 
7989 2714 2712 3864 
7990 5973 5974 8517 
7991 4701 4700 5196 
7992 2245 2247 7919 
7993 3691 3689 7871 
7994 2706 2705 2707 
7995 1727 1683 7878 
7996 7890 5991 8338 
7997 2781 4694 8358 
7998 3649 2867 3650 
7999 198 680 8061 
8000 8050 8042 8255 
8001 6064 6063 6065 
8002 3526 2722 4692 
8003 171 172 8195 
8004 768 171 8195 
8005 7807 7808 7810 
8006 5295 7643 7644 
8007 2710 2712 2713 
8008 7796 7795 7797 
8009 5243 7869 7902 
8010 2907 2828 4714 
8011 2642 2644 5234 
8012 3579 2954 3580 
8013 8161 630 8162 
8014 2126 2128 2129 
8015 7850 5794 7851 
8016 4427 5180 7572 
8017 1250 1252 2278 
8018 2713 2714 2715 
8019 5197 5196 5397 
8020 2664 2235 8251 
8021 3995 3792 7872 
8022 6062 4236 6063 
8023 2159 2160 2766 
8024 2753 2750 8296 
8025 2306 2659 7880 
8026 2688 2686 5312 
8027 5205 5296 6037 
8028 2706 2708 5230 
8029 2196 2199 7844 
8030 3791 4236 6061 
8031 2205 4084 5983 
8032 183 627 8055 
8033 1330 7641 8657 
8034 8055 8054 8056 
8035 1734 2930 7905 
8036 7921 8260 8327 
8037 1637 1322 1658 
8038 4922 2724 5246 
8039 2250 7900 7919 
8040 2221 2666 8241 
8041 5240 5794 7850 
8042 757 8160 8163 
8043 4940 5662 5696 
8044 2749 2779 7926 
8045 2334 2281 4700 
8046 5696 5662 6510 
8047 6019 5243 6020 
8048 7879 1682 7893 
8049 4703 3588 7784 
8050 2142 2144 2145 
8051 4678 7882 7900 
8052 6063 4236 8234 
8053 4708 5201 5202 
8054 5983 4084 6252 
8055 8160 630 8161 
8056 8162 630 8164 
8057 2233 2664 7923 
8058 6651 5696 7856 
8059 2199 2706 7844 
8060 2610 2611 2612 
8061 2686 2682 7868 
8062 5197 5397 7928 
8063 3778 5304 8516 
8064 4082 4522 4940 
8065 2165 2166 4666 
8066 7861 4496 7862 
8067 3531 3663 4681 
8068 8164 781 8165 
8069 5202 7679 7876 
8070 5241 5240 6468 
8071 2636 2638 2639 
8072 1304 2628 8438 
8073 1301 1299 1302 
8074 4940 4522 5662 
8075 8287 5975 8350 
8076 2338 2285 7905 
8077 2692 2690 7899 
8078 8058 8057 8059 
8079 1647 1641 7869 
8080 1658 1322 8470 
8081 5965 8777 8808 
8082 8213 8212 8214 
8083 1305 1303 1306 
8084 4082 4077 4522 
8085 7983 7984 7985 
8086 2315 2317 7895 
8087 3988 5370 5377 
8088 4457 4660 4897 
8089 2666 5242 6665 
8090 589 8058 8060 
8091 5243 1647 7869 
8092 589 8057 8058 
8093 3801 3803 7777 
8094 3587 3586 3588 
8095 2776 3583 7904 
8096 3781 2658 7907 
8097 8264 4719 8265 
8098 2663 5239 5240 
8099 7916 5276 7917 
8100 7794 6063 8234 
8101 3693 4496 7861 
8102 8355 7788 8414 
8103 4077 4075 7920 
8104 5312 2686 7868 
8105 6020 7902 7903 
8106 2138 2140 2141 
8107 5247 2678 8310 
8108 2293 2332 4715 
8109 5371 2763 7908 
8110 1660 1647 5243 
8111 2695 2692 7899 
8112 2179 2180 2727 
8113 734 8040 8047 
8114 8052 8048 8053 
8115 3585 2652 3586 
8116 2333 4208 4209 
8117 4225 5276 7916 
8118 5348 2695 7899 
8119 2710 2713 8272 
8120 2302 4678 7900 
8121 2779 2797 7859 
8122 6493 5696 6651 
8123 4209 4669 4670 
8124 3773 5352 8608 
8125 1315 1313 1316 
8126 2797 2799 4696 
8127 2862 2802 5345 
8128 5230 2708 8272 
8129 4072 4071 4073 
8130 4204 5232 5233 
8131 2156 2158 2159 
8132 5400 4717 5401 
8133 2667 5277 8401 
8134 1666 1656 7893 
8135 2202 2205 7870 
8136 3790 5383 6005 
8137 2661 2660 2662 
8138 4075 4073 4372 
8139 6468 5240 7850 
8140 1272 1271 1273 
8141 781 194 8062 
8142 2630 2631 2632 
8143 4074 4073 4075 
8144 5252 2703 8322 
8145 2691 2693 7915 
8146 7894 2315 7895 
8147 3694 3693 4067 
8148 3633 2300 8235 
8149 4078 4077 4082 
8150 6031 5233 7720 
8151 179 180 8095 
8152 577 179 8095 
8153 4071 4068 7910 
8154 1229 1232 7927 
8155 8137 8139 8140 
8156 2215 2217 2663 
8157 7894 7895 7896 
8158 197 198 8061 
8159 2340 8221 8228 
8160 4076 4075 4077 
8161 5321 2695 5348 
8162 3690 3689 3691 
8163 4729 3806 5212 
8164 2665 5244 5245 
8165 312 687 8166 
8166 311 312 8166 
8167 3692 3691 3693 
8168 6038 7831 7832 
8169 2857 3985 5251 
8170 2669 3688 3689 
8171 2148 2150 2151 
8172 5240 5239 5794 
8173 3526 4692 4705 
8174 3666 3612 8234 
8175 1637 1658 1659 
8176 5689 2725 8344 
8177 5733 4397 8517 
8178 565 8212 8213 
8179 2733 2734 2735 
8180 1682 1666 7893 
8181 1659 1680 1681 
8182 2722 2719 8253 
8183 2612 2613 2614 
8184 2662 2660 5231 
8185 7832 7831 8719 
8186 5233 5232 5966 
8187 2321 2668 2669 
8188 4067 3693 7861 
8189 1681 2267 2268 
8190 2334 4700 4701 
8191 4068 4067 7910 
8192 5237 7838 7839 
8193 1660 5243 6019 
8194 2205 5983 7870 
8195 8260 2287 8327 
8196 181 778 8096 
8197 7644 8290 8672 
8198 7985 7984 7986 
8199 4204 3781 5232 
8200 2221 2223 2666 
8201 4205 4222 5215 
8202 4070 4068 4071 
8203 2663 5240 5241 
8204 3986 3781 4204 
8205 5236 5235 5237 
8206 2279 1727 2660 
8207 205 206 8305 
8208 7775 8274 8484 
8209 7833 5215 7834 
8210 2632 2633 2634 
8211 7667 8392 8437 
8212 2152 2154 2155 
8213 4701 5196 5197 
8214 2312 2315 7894 
8215 7919 7882 8376 
8216 4700 2281 7840 
8217 8134 8135 8136 
8218 5241 6468 7768 
8219 3693 3691 4496 
8220 2656 2655 4205 
8221 2693 3492 7915 
8222 3795 3794 8266 
8223 2646 2649 2650 
8224 8265 4719 8266 
8225 8221 5254 8228 
8226 2713 4671 8272 
8227 7900 7882 7919 
8228 2189 2190 3976 
8229 4506 4970 5666 
8230 4678 7880 7881 
8231 4688 4704 5264 
8232 2735 2736 3678 
8233 2317 2319 2321 
8234 2663 2217 5239 
8235 2304 2306 7880 
8236 2227 2229 2665 
8237 7982 676 7983 
8238 590 7990 7991 
8239 8095 180 8096 
8240 6020 5243 7902 
8241 7797 7798 7799 
8242 1227 1229 7927 
8243 4506 5666 7871 
8244 3689 4506 7871 
8245 2661 2662 3806 
8246 1202 5407 8302 
8247 2346 2343 2655 
8248 4729 5212 5409 
8249 5968 7731 7892 
8250 6012 6009 7913 
8251 8135 737 8136 
8252 5992 6053 7898 
8253 6265 6215 7764 
8254 2310 2312 2313 
8255 2666 2223 5242 
8256 5215 5305 8516 
8257 2669 3689 3690 
8258 2162 2164 2165 
8259 2259 2298 8242 
8260 1728 2279 8238 
8261 4204 6031 7901 
8262 3732 2658 3781 
8263 1268 1267 1269 
8264 3808 2338 5235 
8265 6009 6007 7913 
8266 2199 2200 2705 
8267 2781 3982 4694 
8268 2313 2312 7894 
8269 7915 8384 8411 
8270 2205 2206 4084 
8271 4729 5409 7911 
8272 4205 2655 4222 
8273 1324 1640 8261 
8274 8136 8137 8138 
8275 8263 4719 8264 
8276 2176 2178 2179 
8277 5377 8532 8637 
8278 2306 2308 2659 
8279 4222 2655 7938 
8280 2279 2660 2661 
8281 5215 4222 5305 
8282 5307 5970 7745 
8283 3678 3777 3880 
8284 4719 3795 8266 
8285 2669 2668 3688 
8286 2300 2270 8235 
8287 2168 2170 2171 
8288 7869 1325 8284 
8289 3689 3688 4506 
8290 7924 5399 7925 
8291 2321 2319 2668 
8292 2700 2698 8224 
8293 4205 7833 7907 
8294 2182 2184 2185 
8295 3667 3666 3791 
8296 8212 777 8214 
8297 5237 5235 7838 
8298 7882 7881 7883 
8299 5236 5237 5399 
8300 279 737 8135 
8301 2302 2304 4678 
8302 7983 676 7984 
8303 5345 2802 8612 
8304 3492 4688 7915 
8305 3492 3504 4688 
8306 1270 1269 1271 
8307 2265 2261 2671 
8308 4204 5233 6031 
8309 2202 2204 2205 
8310 6328 1243 8278 
8311 3783 2252 8248 
8312 193 781 8164 
8313 630 192 8164 
8314 192 193 8164 
8315 2779 7859 7926 
8316 3694 4067 4068 
8317 2172 2174 2175 
8318 3692 3693 3694 
8319 3808 5235 5236 
8320 4678 2304 7880 
8321 3589 3588 3590 
8322 4241 5425 5992 
8323 3690 3691 3692 
8324 1198 1196 8230 
8325 3797 4719 8263 
8326 2680 2678 5247 
8327 4671 2715 4672 
8328 4940 5696 6493 
8329 3606 3604 3607 
8330 8471 3505 8486 
8331 4070 4071 4072 
8332 6065 7794 7795 
8333 5306 4222 7938 
8334 4951 2725 5689 
8335 7932 7799 8372 
8336 5280 5274 7891 
8337 3880 4661 4662 
8338 2789 2791 8273 
8339 8272 4671 8375 
8340 4205 5215 7833 
8341 3536 2763 3537 
8342 4072 4073 4074 
8343 2341 2331 2342 
8344 4361 4225 7916 
8345 7643 5204 7876 
8346 2663 5241 8247 
8347 5686 5282 7855 
8348 2669 3690 8239 
8349 4897 5963 5964 
8350 2186 2188 2189 
8351 7735 8687 8703 
8352 2346 2655 2656 
8353 2665 2229 5244 
8354 5239 2217 8241 
8355 194 195 8062 
8356 5992 5425 6053 
8357 8384 5277 8411 
8358 3602 3599 3603 
8359 1214 5418 8291 
8360 2208 2210 2211 
8361 8079 8080 8081 
8362 5285 2726 8439 
8363 2196 2198 2199 
8364 4215 5249 7921 
8365 2327 2277 2330 
8366 4238 4100 4239 
8367 2192 2194 2195 
8368 8045 8050 8051 
8369 1266 1258 1267 
8370 2238 2240 2244 
8371 2341 2342 2343 
8372 8136 737 8137 
8373 5730 6462 6463 
8374 5291 4685 5993 
8375 4886 4429 8222 
8376 4727 3995 4728 
8377 2257 2259 8242 
8378 2233 2235 2664 
8379 2212 2214 2215 
8380 5979 7774 7775 
8381 3665 3612 3666 
8382 3986 4204 7901 
8383 6006 4361 7916 
8384 5681 5770 6101 
8385 2704 3531 8451 
8386 4544 8226 8227 
8387 5236 5399 7924 
8388 2320 2324 7914 
8389 2212 2215 8247 
8390 2656 4205 7907 
8391 4678 7881 7882 
8392 8133 8132 8134 
8393 8137 737 8139 
8394 5245 5244 7638 
8395 4544 3858 8226 
8396 206 7992 8305 
8397 4074 4075 4076 
8398 203 7982 7990 
8399 8139 601 8140 
8400 2215 2216 2217 
8401 2327 2330 2331 
8402 2685 2682 2686 
8403 3732 3781 3986 
8404 5277 8384 8401 
8405 2271 2302 7900 
8406 4076 4077 4078 
8407 4429 2703 5252 
8408 3610 3608 3611 
8409 4419 6057 7890 
8410 2687 2686 2688 
8411 2343 2342 7938 
8412 1237 1235 7934 
8413 2224 2227 7912 
8414 5375 4712 5376 
8415 3690 4674 8239 
8416 5396 5197 7928 
8417 3786 2700 8224 
8418 7884 5239 8241 
8419 278 279 8135 
8420 6056 5340 6059 
8421 3593 3591 3594 
8422 619 8132 8133 
8423 7931 7813 7932 
8424 1274 1273 1275 
8425 2769 2771 8244 
8426 1232 4241 7927 
8427 7669 7672 7673 
8428 5241 7841 8247 
8429 3994 3792 3995 
8430 597 7952 7953 
8431 6510 5662 7886 
8432 5007 4361 6006 
8433 5312 7868 8450 
8434 680 199 8215 
8435 199 200 8215 
8436 6265 7764 7765 
8437 6616 6617 6618 
8438 2306 2307 2308 
8439 2308 2309 2310 
8440 2310 2311 2312 
8441 8158 740 8159 
8442 729 7941 7942 
8443 2312 2314 2315 
8444 2304 2305 2306 
8445 2317 2318 2319 
8446 2315 2316 2317 
8447 3476 4219 8231 
8448 3526 4705 7922 
8449 7879 7893 7937 
8450 1219 1198 8230 
8451 5295 5204 7643 
8452 4655 5179 7561 
8453 1337 1335 1338 
8454 4225 3786 5276 
8455 5662 4522 5663 
8456 2302 2303 2304 
8457 5756 5757 6472 
8458 6011 6009 6012 
8459 196 197 8057 
8460 589 196 8057 
8461 7934 8281 8298 
8462 4213 4215 7921 
8463 2264 2261 2265 
8464 8265 8266 8267 
8465 3594 3591 7854 
8466 204 676 7982 
8467 203 204 7982 
8468 3595 3594 3596 
8469 5272 4220 7936 
8470 2758 2726 5285 
8471 3597 3596 3600 
8472 1202 1204 5407 
8473 6005 5383 6045 
8474 8153 742 8154 
8475 2660 1727 7878 
8476 5974 4886 6369 
8477 7986 7987 7988 
8478 4220 4218 7936 
8479 1240 1237 7934 
8480 8210 283 8211 
8481 4215 4942 5249 
8482 615 8097 8098 
8483 4212 4211 4382 
8484 1276 1275 1280 
8485 622 8079 8081 
8486 8079 744 8080 
8487 4548 4397 5733 
8488 7807 7805 7808 
8489 8651 1291 8658 
8490 5398 4700 7840 
8491 7956 7955 7957 
8492 749 8155 8156 
8493 1236 1238 8223 
8494 2339 2338 3808 
8495 2333 2294 4208 
8496 8263 8264 8268 
8497 3807 3806 4729 
8498 2276 2265 2277 
8499 7956 7957 7958 
8500 4241 5992 7927 
8501 4708 4670 5201 
8502 2254 2252 3783 
8503 4685 3633 8235 
8504 1640 1662 8261 
8505 5662 5663 7886 
8506 6229 1243 6328 
8507 4211 1240 7934 
8508 3870 1240 4211 
8509 8281 5984 8298 
8510 1728 1727 2279 
8511 2250 2271 7900 
8512 2658 2656 7907 
8513 3493 2688 4397 
8514 4506 4507 4970 
8515 2949 2904 5385 
8516 2271 2301 2302 
8517 281 601 8139 
8518 280 281 8139 
8519 737 280 8139 
8520 1662 5406 5428 
8521 5305 5306 5307 
8522 2634 2633 7849 
8523 3945 4644 5145 
8524 5968 7892 8443 
8525 1730 1728 8238 
8526 2260 2258 2261 
8527 627 8054 8055 
8528 2206 2208 7909 
8529 8308 7914 8332 
8530 601 282 8210 
8531 4688 3504 4704 
8532 282 283 8210 
8533 8106 8107 8110 
8534 4671 7742 8375 
8535 3991 3990 4711 
8536 3531 3662 3663 
8537 1648 1647 1660 
8538 2299 2262 8229 
8539 210 741 8112 
8540 209 210 8112 
8541 1214 1216 5418 
8542 5235 2338 7905 
8543 4219 4882 8231 
8544 736 244 8020 
8545 244 245 8020 
8546 3489 3712 3774 
8547 5307 5308 5970 
8548 7954 7955 7956 
8549 590 202 7990 
8550 202 203 7990 
8551 277 278 8132 
8552 619 277 8132 
8553 7936 4218 8282 
8554 8450 5247 8462 
8555 2337 2285 2338 
8556 2704 3530 3531 
8557 3591 3590 7854 
8558 3553 2348 3805 
8559 2345 2343 2346 
8560 7886 5663 7887 
8561 180 181 8096 
8562 2298 4213 8242 
8563 4241 4736 5425 
8564 5334 3986 7901 
8565 4730 4729 7911 
8566 7954 7956 7964 
8567 4694 3982 4699 
8568 6252 4084 6253 
8569 4425 5313 6505 
8570 7927 5992 8324 
8571 2230 2233 7923 
8572 2324 3470 8332 
8573 5989 8378 8388 
8574 5970 5971 8240 
8575 1734 1730 2930 
8576 8271 7837 8503 
8577 695 8106 8110 
8578 2324 2325 3470 
8579 6369 4886 8222 
8580 2655 2343 7938 
8581 7954 697 7955 
8582 4882 5807 5808 
8583 1238 1242 8223 
8584 271 8149 8150 
8585 584 188 8255 
8586 2326 2277 2327 
8587 283 284 8211 
8588 284 688 8211 
8589 189 757 8255 
8590 3858 4396 8226 
8591 5273 5272 5274 
8592 7873 7643 7876 
8593 4210 4418 4419 
8594 5786 5787 6023 
8595 5275 5274 5280 
8596 2205 2204 2206 
8597 1288 1287 1298 
8598 2235 2238 8251 
8599 1687 1683 1727 
8600 2334 4701 8301 
8601 1321 1320 1322 
8602 5281 5280 5282 
8603 5269 1219 5270 
8604 5987 5988 6595 
8605 2221 2222 2223 
8606 2320 2323 2324 
8607 4382 4211 8298 
8608 5276 3786 8224 
8609 4419 4908 6057 
8610 4688 5264 8384 
8611 272 666 8149 
8612 8106 784 8107 
8613 271 272 8149 
8614 5788 5686 5789 
8615 1323 1322 1637 
8616 4970 4971 8250 
8617 4522 4077 7920 
8618 5685 5282 5686 
8619 3471 3473 3855 
8620 5249 4942 5294 
8621 3544 3546 8237 
8622 8378 3470 8388 
8623 2218 2220 2221 
8624 1232 1234 4241 
8625 1242 4032 4210 
8626 1281 1280 1282 
8627 5971 5977 8240 
8628 3856 3858 4544 
8629 658 221 7964 
8630 221 222 7964 
8631 222 7954 7964 
8632 8107 784 8108 
8633 2269 2268 2281 
8634 7893 1656 7933 
8635 2340 2331 2341 
8636 3805 2348 7929 
8637 4069 4068 4070 
8638 5248 5236 7924 
8639 270 271 8150 
8640 700 270 8150 
8641 2331 2330 8287 
8642 8107 8108 8109 
8643 1678 1666 1682 
8644 8132 278 8135 
8645 4396 4879 6244 
8646 4883 4220 5272 
8647 5971 5976 5977 
8648 3545 2299 8229 
8649 8430 2344 8447 
8650 1646 1641 1647 
8651 1142 8342 8343 
8652 8057 197 8061 
8653 3661 3545 5995 
8654 317 730 7939 
8655 597 247 7952 
8656 214 215 729 
8657 745 350 7979 
8658 728 324 7943 
8659 335 747 7965 
8660 344 731 7975 
8661 342 605 7976 
8662 729 215 7941 
8663 222 223 7954 
8664 247 248 7952 
8665 218 744 8079 
8666 316 317 7939 
8667 217 218 8079 
8668 325 326 626 
8669 223 697 7954 
8670 744 219 8016 
8671 216 622 7941 
8672 325 626 7943 
8673 350 351 7979 
8674 342 343 605 
8675 333 334 629 
8676 220 221 658 
8677 248 249 727 
8678 351 352 674 
8679 248 727 7952 
8680 317 318 730 
8681 150 578 8023 
8682 219 220 8016 
8683 323 324 728 
8684 358 359 625 
8685 631 139 8024 
8686 343 344 7975 
8687 605 343 7975 
8688 334 335 7965 
8689 629 334 7965 
8690 220 658 8016 
8691 366 367 677 
8692 351 674 7979 
8693 177 178 8126 
8694 252 253 8158 
8695 738 177 8126 
8696 246 247 597 
8697 216 217 622 
8698 360 361 733 
8699 603 316 7939 
8700 309 567 8021 
8701 324 325 7943 
8702 149 150 8023 
8703 392 759 8074 
8704 212 213 610 
8705 140 141 751 
8706 390 391 678 
8707 624 156 8004 
8708 159 583 8077 
8709 148 149 748 
8710 157 158 739 
8711 243 244 736 
8712 211 212 8183 
8713 204 205 676 
8714 139 140 8024 
8715 212 610 8183 
8716 623 165 8082 
8717 622 217 8079 
8718 327 328 774 
8719 291 292 8131 
8720 315 316 603 
8721 253 740 8158 
8722 308 309 8021 
8723 606 242 8078 
8724 344 345 731 
8725 340 341 732 
8726 251 252 608 
8727 123 124 689 
8728 425 426 690 
8729 166 167 735 
8730 560 348 8093 
8731 335 336 747 
8732 349 350 745 
8733 349 745 8093 
8734 258 753 8097 
8735 391 392 8074 
8736 356 357 743 
8737 348 349 8093 
8738 165 166 8082 
8739 195 196 589 
8740 158 159 8077 
8741 307 308 764 
8742 223 224 697 
8743 292 761 8131 
8744 341 342 7976 
8745 398 399 673 
8746 112 113 746 
8747 274 275 779 
8748 265 784 8106 
8749 739 158 8077 
8750 258 259 753 
8751 186 187 8040 
8752 748 149 8023 
8753 331 332 770 
8754 234 235 749 
8755 566 302 8182 
8756 242 243 8078 
8757 302 303 8182 
8758 378 379 693 
8759 130 634 8141 
8760 111 112 8151 
8761 215 216 7941 
8762 140 751 8024 
8763 633 85 8113 
8764 678 391 8074 
8765 381 382 596 
8766 750 87 8099 
8767 132 133 755 
8768 187 584 8040 
8769 574 111 8151 
8770 679 291 8131 
8771 156 157 8004 
8772 178 179 577 
8773 755 133 8104 
8774 372 373 691 
8775 764 308 8021 
8776 134 580 8104 
8777 190 191 8160 
8778 732 341 7976 
8779 408 409 585 
8780 166 735 8082 
8781 265 266 784 
8782 777 297 8125 
8783 157 739 8004 
8784 243 736 8078 
8785 312 313 687 
8786 148 748 8063 
8787 632 147 8063 
8788 290 291 679 
8789 238 239 742 
8790 558 330 8157 
8791 187 188 584 
8792 118 119 760 
8793 264 265 8106 
8794 112 746 8151 
8795 298 299 671 
8796 276 277 619 
8797 695 264 8106 
8798 191 630 8160 
8799 130 131 634 
8800 608 252 8158 
8801 415 416 592 
8802 225 226 785 
8803 86 87 750 
8804 133 134 8104 
8805 260 261 659 
8806 331 770 8157 
8807 585 409 8181 
8808 170 768 8188 
8809 293 294 8220 
8810 86 750 8113 
8811 330 331 8157 
8812 129 130 8141 
8813 169 170 8188 
8814 64 65 686 
8815 105 106 8174 
8816 769 105 8174 
8817 296 777 8212 
8818 85 86 8113 
8819 87 88 8099 
8820 759 393 8184 
8821 263 264 695 
8822 257 258 8097 
8823 84 85 633 
8824 108 109 773 
8825 109 110 8180 
8826 393 394 8184 
8827 92 93 681 
8828 110 574 8180 
8829 106 107 628 
8830 409 410 8181 
8831 762 129 8141 
8832 106 628 8174 
8833 185 186 734 
8834 256 257 615 
8835 773 109 8180 
8836 178 577 8126 
8837 152 153 756 
8838 144 145 771 
8839 402 403 8197 
8840 164 165 623 
8841 168 169 581 
8842 82 83 772 
8843 142 143 586 
8844 146 147 632 
8845 272 273 666 
8846 281 282 601 
8847 126 127 594 
8848 741 211 8183 
8849 394 395 593 
8850 734 186 8040 
8851 162 163 754 
8852 401 402 587 
8853 403 763 8197 
8854 150 151 578 
8855 394 593 8184 
8856 136 137 758 
8857 138 139 631 
8858 387 388 582 
8859 159 160 583 
8860 422 423 588 
8861 428 429 591 
8862 134 135 580 
8863 155 156 624 
8864 396 397 766 
8865 128 129 762 
8866 303 776 8182 
8867 201 202 590 
8868 392 393 759 
8869 284 285 688 
8870 120 121 595 
8871 587 402 8197 
8872 287 288 576 
8873 218 219 744 
8874 403 404 763 
8875 297 298 8125 
8876 581 169 8188 
8877 369 370 573 
8878 422 588 8186 
8879 294 295 565 
8880 207 208 599 
8881 110 111 574 
8882 420 421 765 
8883 72 73 775 
8884 98 99 683 
8885 104 105 769 
8886 296 297 777 
8887 101 102 572 
8888 95 96 571 
8889 301 302 566 
8890 303 304 776 
8891 305 306 635 
8892 309 310 567 
8893 375 376 575 
8894 170 171 768 
8895 616 237 8153 
8896 404 405 8207 
8897 74 75 569 
8898 70 71 685 
8899 410 780 8181 
8900 241 242 606 
8901 80 81 570 
8902 67 68 568 
8903 363 364 562 
8904 77 78 684 
8905 329 330 558 
8906 337 338 559 
8907 347 348 560 
8908 763 404 8207 
8909 354 355 561 
8910 320 321 557 
8911 61 62 563 
8912 88 89 564 
8913 238 742 8153 
8914 236 616 8155 
8915 749 235 8155 
8916 147 148 8063 
8917 405 406 675 
8918 418 419 672 
8919 405 675 8207 
8920 304 305 8218 
8921 761 293 8220 
8922 72 775 8199 
8923 236 237 616 
8924 88 564 8099 
8925 384 385 682 
8926 421 422 8186 
8927 232 233 665 
8928 298 671 8125 
8929 294 565 8220 
8930 198 199 680 
8931 173 174 607 
8932 757 190 8160 
8933 765 421 8186 
8934 615 257 8097 
8935 410 411 780 
8936 90 91 752 
8937 71 72 8199 
8938 189 190 757 
8939 412 413 692 
8940 305 635 8218 
8941 685 71 8199 
8942 776 304 8218 
8943 191 192 630 
8944 183 184 627 
8945 269 270 700 
8946 193 194 781 
8947 292 293 761 
8948 237 238 8153 
8949 181 182 778 
8950 176 177 738 
8951 235 236 8155 
8952 210 211 741 
8953 780 411 8216 
8954 411 412 8216 
8955 253 254 740 
8956 229 230 701 
8957 279 280 737 
8958 412 692 8216 
8959 115 116 604 
8960 295 296 8212 
8961 565 295 8212 
8962 2211 2210 2212 
8963 2729 2727 5238 
8964 3870 4211 4212 
8965 5007 6006 6007 
8966 5255 5254 5256 
8967 2260 2261 2264 
8968 2239 2237 8274 
8969 4971 5986 5987 
8970 1242 4210 8223 
8971 5969 3976 5972 
8972 8134 8132 8135 
8973 7673 7672 7674 
8974 4971 5987 8250 
8975 4686 4685 5291 
8976 2699 2701 2704 
8977 5256 5254 8221 
8978 6011 6012 6013 
8979 2306 2305 2307 
8980 7803 7801 7813 
8981 2308 2307 2309 
8982 5977 5978 5979 
8983 3546 4094 8237 
8984 5231 2660 7878 
8985 2304 2303 2305 
8986 2310 2309 2311 
8987 6026 4703 7784 
8988 5202 5201 7679 
8989 4209 4208 4669 
8990 4126 3633 4685 
8991 3979 2785 5340 
8992 2312 2311 2314 
8993 1295 1293 1296 
8994 2315 2314 2316 
8995 2282 2281 2334 
8996 2317 2316 2318 
8997 2302 2301 2303 
8998 2321 2669 8239 
8999 6229 6328 6609 
9000 4236 3666 8234 
9001 2709 2707 4042 
9002 5979 7743 7774 
9003 3808 5236 5248 
9004 4328 5004 5005 
9005 3799 3797 8263 
9006 1290 1285 1292 
9007 4396 6244 8226 
9008 4094 4997 5261 
9009 2215 2214 2216 
9010 4462 3672 5254 
9011 2224 2226 2227 
9012 2657 2656 2658 
9013 5340 2785 8473 
9014 4882 5808 8231 
9015 5995 3545 8229 
9016 2227 2228 2229 
9017 5407 1204 5408 
9018 7803 7813 7930 
9019 5993 4685 8235 
9020 4692 2722 8253 
9021 5270 1219 8230 
9022 2264 2265 2276 
9023 5305 4222 5306 
9024 2298 3543 4213 
9025 6688 5760 6689 
9026 7542 7543 7544 
9027 3808 5248 7929 
9028 7925 5399 8883 
9029 3956 4653 5159 
9030 2233 2234 2235 
9031 4676 3799 4721 
9032 2930 1730 8238 
9033 1319 1297 1320 
9034 2668 2319 7914 
9035 4417 3626 5258 
9036 7838 5235 7905 
9037 4213 7921 8242 
9038 4701 5253 8301 
9039 4210 4032 4418 
9040 8527 2313 8546 
9041 5258 3626 8259 
9042 3525 2722 3526 
9043 3731 2658 3732 
9044 2339 3808 7929 
9045 2276 2277 2326 
9046 8059 8057 8061 
9047 3791 6061 7872 
9048 1261 1259 4224 
9049 3797 3795 4719 
9050 2685 2686 2687 
9051 2230 2232 2233 
9052 3987 3986 5334 
9053 4213 4214 4215 
9054 5253 5197 5396 
9055 2717 2677 5265 
9056 2251 2248 2252 
9057 2319 2318 2320 
9058 5259 5258 5260 
9059 4419 4418 4908 
9060 5808 5807 5809 
9061 3785 2335 3794 
9062 2199 2198 2200 
9063 2711 2709 7906 
9064 2337 2338 2339 
9065 5794 5239 7884 
9066 5425 4736 6074 
9067 2246 2243 5250 
9068 7810 7808 7811 
9069 5012 4331 5701 
9070 8266 3794 8393 
9071 2327 2331 2340 
9072 2628 5341 8438 
9073 6244 4879 6245 
9074 5012 5760 6687 
9075 4241 1234 4736 
9076 5261 4997 5704 
9077 4506 3688 4507 
9078 5012 5701 5760 
9079 2215 2663 8247 
9080 3544 2299 3545 
9081 2661 3806 3807 
9082 3792 3791 7872 
9083 6057 4908 6058 
9084 5418 1216 5419 
9085 6687 5760 6688 
9086 5791 6657 8341 
9087 6016 2673 6017 
9088 2238 2244 8251 
9089 3546 3846 4094 
9090 4911 6375 6377 
9091 7986 7984 7987 
9092 2217 2216 2218 
9093 1283 1282 1287 
9094 5307 5306 5308 
9095 4094 5261 8237 
9096 3470 2325 3471 
9097 5970 5308 5971 
9098 1239 1237 1240 
9099 4215 4941 4942 
9100 2341 2343 2345 
9101 3855 3473 3856 
9102 2813 2778 5326 
9103 2324 2323 2325 
9104 8238 8314 8354 
9105 2708 2710 8272 
9106 2319 2320 7914 
9107 5718 5260 6637 
9108 3667 3791 3792 
9109 2635 2631 7763 
9110 5259 5718 6457 
9111 2705 7870 8232 
9112 4094 4331 4997 
9113 2243 2239 8274 
9114 2235 2237 2238 
9115 4080 4078 4081 
9116 5294 5840 5841 
9117 5259 5260 5718 
9118 5791 6656 6657 
9119 1238 1241 1242 
9120 5788 5789 5790 
9121 185 734 8052 
9122 1265 1263 1667 
9123 5786 6023 8225 
9124 6375 4910 6376 
9125 4353 4910 4911 
9126 2684 3719 4223 
9127 4417 5258 5259 
9128 5242 2223 7912 
9129 5273 5274 5275 
9130 5275 5280 5281 
9131 3869 1240 3870 
9132 5281 5282 5685 
9133 5685 5686 5788 
9134 3695 2695 5321 
9135 4922 5246 5719 
9136 3575 2818 3576 
9137 4883 5272 5273 
9138 4997 4331 5012 
9139 8314 5262 8354 
9140 2733 2731 2734 
9141 3564 1241 3626 
9142 3846 3661 4424 
9143 1220 1217 1245 
9144 2218 2221 8241 
9145 2277 2265 8355 
9146 7921 5249 8260 
9147 7934 1235 8281 
9148 4094 3846 4331 
9149 1242 3564 4032 
9150 4126 4685 4686 
9151 5718 6637 6638 
9152 3546 3545 3661 
9153 3690 3692 4674 
9154 4213 3543 4214 
9155 4353 3626 4417 
9156 1662 5428 8261 
9157 3807 4729 4730 
9158 4727 4728 6047 
9159 3800 3716 3801 
9160 5977 5976 5978 
9161 5254 3672 8228 
9162 1230 1228 1243 
9163 3694 4068 4069 
9164 2195 2194 2196 
9165 4462 5254 5255 
9166 5337 5335 5342 
9167 6065 6063 7794 
9168 3546 3661 3846 
9169 4911 4910 6375 
9170 8229 2262 8236 
9171 1687 1727 1728 
9172 2329 3835 4683 
9173 5159 5950 5951 
9174 5255 5256 5692 
9175 2668 7914 8308 
9176 3543 2299 3544 
9177 2260 2264 8236 
9178 4210 4419 8338 
9179 5266 5267 6001 
9180 4970 4507 4971 
9181 2261 2258 8352 
9182 4353 4417 4910 
9183 1207 1205 2696 
9184 4430 5785 5786 
9185 3564 3626 4353 
9186 2253 2252 2254 
9187 2185 2184 2186 
9188 7797 7795 7798 
9189 1242 1241 3564 
9190 3544 3545 3546 
9191 1361 1359 1362 
9192 2721 2719 2722 
9193 2346 2656 2657 
9194 7988 7987 7989 
9195 1660 6019 6021 
9196 2238 2239 2240 
9197 3665 3666 3667 
9198 2259 2258 2260 
9199 5979 5978 7743 
9200 5734 6502 6646 
9201 3994 3995 4727 
9202 6329 4943 6404 
9203 1229 1231 1232 
9204 2259 2262 2298 
9205 5260 5258 8304 
9206 1225 1222 1226 
9207 4466 3699 4731 
9208 5704 4997 8243 
9209 2257 2256 2258 
9210 2255 2254 2256 
9211 5984 1243 6229 
9212 2223 2222 2224 
9213 4702 2697 5346 
9214 5244 2229 7923 
9215 4941 4214 4943 
9216 4418 4032 5257 
9217 2298 2262 2299 
9218 5987 5986 5988 
9219 4215 4214 4941 
9220 2298 2299 3543 
9221 2326 2327 8228 
9222 2240 2241 2242 
9223 2259 2260 2262 
9224 4997 5012 8243 
9225 5012 6687 8243 
9226 4025 4956 5266 
9227 4663 4081 4665 
9228 2684 4223 8368 
9229 2221 2220 2222 
9230 4122 3570 5364 
9231 2748 2746 5303 
9232 6214 5329 6215 
9233 2246 5250 8248 
9234 589 8060 8062 
9235 5294 4942 5840 
9236 5241 7768 7841 
9237 3569 2753 3570 
9238 5145 5940 5941 
9239 1239 1240 3869 
9240 3869 3870 4523 
9241 7938 2342 8350 
9242 1232 1233 1234 
9243 3698 3553 3699 
9244 5991 8277 8338 
9245 3610 3611 3612 
9246 4683 3835 4684 
9247 2247 2249 2250 
9248 2250 2270 2271 
9249 4740 2858 5351 
9250 2252 2248 8248 
9251 6010 6009 6011 
9252 6329 6404 6596 
9253 3632 4125 8257 
9254 2271 2300 2301 
9255 7667 7668 7669 
9256 4125 4488 4520 
9257 6058 6458 6503 
9258 4941 4943 6329 
9259 4689 2753 8296 
9260 2190 2192 7897 
9261 4436 5676 5734 
9262 2327 2340 8228 
9263 2262 2260 8236 
9264 2223 2224 7912 
9265 1678 1682 1683 
9266 2251 2252 2253 
9267 2811 5186 5187 
9268 6336 4854 6337 
9269 5324 5322 5329 
9270 2217 2218 8241 
9271 5985 8308 8332 
9272 6058 4908 6458 
9273 4070 4072 4079 
9274 4721 3799 8263 
9275 4396 4854 4879 
9276 1246 1247 1248 
9277 2235 2234 2237 
9278 1648 1660 7933 
9279 7669 7670 7672 
9280 8630 5334 8678 
9281 2227 2226 2228 
9282 6008 6007 6009 
9283 2229 2228 2230 
9284 1238 1239 1241 
9285 2694 2692 2695 
9286 3973 5207 5208 
9287 2257 2258 2259 
9288 1211 1209 1212 
9289 3492 3503 3504 
9290 1221 1223 1224 
9291 2329 2326 3672 
9292 5999 7666 7667 
9293 2208 2209 2210 
9294 4084 2206 7909 
9295 1233 1231 1235 
9296 6336 6337 6573 
9297 3606 3607 3608 
9298 2233 2232 2234 
9299 3471 3472 3473 
9300 2189 2188 2190 
9301 4882 4983 5807 
9302 4417 5259 8249 
9303 6216 6215 6265 
9304 2295 8442 8513 
9305 3856 3857 3858 
9306 5259 6457 8249 
9307 8392 4079 8437 
9308 4462 5255 5668 
9309 3780 4216 4217 
9310 4219 4881 4882 
9311 4394 3857 4395 
9312 5265 2677 8320 
9313 5006 4361 5007 
9314 4736 1234 5991 
9315 6004 8450 8462 
9316 3835 3672 4462 
9317 2774 2776 4203 
9318 4664 5223 5998 
9319 2347 2339 2348 
9320 6376 4910 8249 
9321 2255 2256 2257 
9322 1646 1647 1648 
9323 4910 4417 8249 
9324 3544 8237 8270 
9325 3858 4394 4396 
9326 1236 1235 1237 
9327 3632 8257 8276 
9328 5281 5685 5822 
9329 6239 4488 6330 
9330 6239 6330 6520 
9331 734 8048 8052 
9332 2253 2255 2287 
9333 1238 1237 1239 
9334 1200 1198 1219 
9335 7465 7466 7467 
9336 3552 2348 3553 
9337 1210 1213 1214 
9338 3632 2300 3633 
9339 195 589 8062 
9340 2253 2254 2255 
9341 2693 3491 3492 
9342 5663 4522 7920 
9343 1660 6021 7933 
9344 3626 1241 8259 
9345 4125 3633 4126 
9346 4353 4911 8254 
9347 1245 1217 8315 
9348 1232 1231 1233 
9349 2249 2248 2251 
9350 5971 5975 5976 
9351 2709 4042 7906 
9352 2206 2207 2208 
9353 2320 2322 2323 
9354 5269 5270 5804 
9355 2180 2182 7874 
9356 2305 2303 3505 
9357 6614 4983 6615 
9358 2247 2246 2248 
9359 4032 3564 8254 
9360 4466 4731 5082 
9361 2348 2339 7929 
9362 2276 2326 2329 
9363 4125 4520 8257 
9364 2687 2688 3493 
9365 5365 5364 6039 
9366 2309 2307 2344 
9367 2229 2230 7923 
9368 3698 4466 4912 
9369 2713 2715 4671 
9370 2743 2745 3973 
9371 4879 4854 6336 
9372 4548 5733 6568 
9373 1233 1235 1236 
9374 3698 3699 4466 
9375 3732 3986 3987 
9376 2704 2701 3530 
9377 2329 3672 3835 
9378 1236 1237 1238 
9379 3564 4353 8254 
9380 2762 2760 2763 
9381 1195 1197 2674 
9382 1230 1243 5984 
9383 676 205 8305 
9384 3493 4397 4548 
9385 2212 2213 2214 
9386 3476 2322 4218 
9387 5990 5989 8408 
9388 5993 8235 8353 
9389 1214 1215 1216 
9390 3543 3544 8270 
9391 2314 2311 2675 
9392 3856 3473 3857 
9393 2238 2237 2239 
9394 3015 2996 5436 
9395 4219 4218 4220 
9396 4881 4220 4883 
9397 6001 5267 6348 
9398 1206 1208 2929 
9399 188 189 8255 
9400 2342 2331 8287 
9401 4076 4078 4080 
9402 5257 4032 8254 
9403 4360 4225 4361 
9404 8277 8223 8338 
9405 2245 2243 2246 
9406 2336 2285 2337 
9407 1189 1191 1192 
9408 2248 2246 8248 
9409 2739 2741 4668 
9410 1637 1659 4221 
9411 1336 2608 8535 
9412 2657 2658 3731 
9413 2179 2178 2180 
9414 2250 2249 2270 
9415 2240 2239 2241 
9416 8045 8042 8050 
9417 1184 1187 2908 
9418 4520 4488 6239 
9419 3663 3662 4328 
9420 4396 4394 4854 
9421 2271 2270 2300 
9422 2301 2300 3632 
9423 5978 5976 7788 
9424 1229 1228 1230 
9425 3471 2325 3472 
9426 5348 7899 8456 
9427 8351 1686 8403 
9428 5250 2243 8274 
9429 2241 2239 2243 
9430 1229 1230 1231 
9431 8238 2279 8314 
9432 3858 3857 4394 
9433 2284 1734 2285 
9434 3473 3472 8252 
9435 5326 2778 8529 
9436 8242 7921 8327 
9437 3552 3553 3698 
9438 2347 3552 3743 
9439 5807 4983 6614 
9440 1241 1239 8259 
9441 5988 5989 5990 
9442 2247 2248 2249 
9443 2175 2174 2176 
9444 6215 5329 8584 
9445 5971 5308 5975 
9446 2337 2339 2347 
9447 4883 5273 6477 
9448 2735 2734 2736 
9449 4214 3543 8270 
9450 3678 2736 3777 
9451 4125 4126 4488 
9452 3602 3603 3604 
9453 2202 2203 2204 
9454 3632 3633 4125 
9455 2245 2246 2247 
9456 1733 1730 1734 
9457 5287 3879 5288 
9458 1227 1228 1229 
9459 4882 4881 4983 
9460 5201 4670 8361 
9461 1239 3869 8259 
9462 3778 2225 5304 
9463 3531 3530 3662 
9464 1681 2268 2269 
9465 4671 4672 7742 
9466 5331 6294 6295 
9467 4943 4214 8270 
9468 1236 8223 8277 
9469 1321 1322 1323 
9470 1199 1201 1202 
9471 3672 2326 8228 
9472 5266 4956 5267 
9473 2323 2322 3476 
9474 1227 1225 1228 
9475 1243 1228 8278 
9476 2320 2318 2322 
9477 7987 7984 8305 
9478 4126 4686 8262 
9479 2234 2232 2236 
9480 6017 2673 8285 
9481 3987 5334 5335 
9482 2781 3619 3982 
9483 1193 1190 1194 
9484 1185 1182 2678 
9485 2241 2243 2245 
9486 2347 2348 3552 
9487 4219 4220 4881 
9488 3476 4218 4219 
9489 5346 2697 8348 
9490 5007 6007 6008 
9491 3705 2700 3786 
9492 4971 5985 5986 
9493 5258 8259 8304 
9494 1215 1213 1217 
9495 6348 5267 6649 
9496 3476 8231 8279 
9497 2230 2231 2232 
9498 4106 3786 4225 
9499 2696 1205 8325 
9500 5005 5004 6242 
9501 1729 1728 1730 
9502 2729 5238 8271 
9503 2720 2723 2781 
9504 1221 1220 1222 
9505 1202 1203 1204 
9506 1223 1222 1225 
9507 7669 7673 8392 
9508 1733 2284 2295 
9509 8236 2264 8280 
9510 3785 3794 3795 
9511 5988 5986 5989 
9512 2329 4683 8280 
9513 6372 4898 6373 
9514 7670 7668 7671 
9515 3585 3586 3587 
9516 2218 2219 2220 
9517 2171 2170 2172 
9518 2346 2657 8295 
9519 7989 7987 7992 
9520 6008 6009 6010 
9521 2230 2228 2231 
9522 3880 3777 4661 
9523 7669 7668 7670 
9524 1223 1225 1227 
9525 2752 2750 2753 
9526 1221 1222 1223 
9527 4721 8263 8268 
9528 1225 1226 8278 
9529 7917 5276 8403 
9530 2282 2334 2335 
9531 4130 5014 5015 
9532 1218 1217 1220 
9533 3692 3694 8258 
9534 7667 7666 7668 
9535 4080 4081 4663 
9536 3857 3473 8252 
9537 2269 2281 2282 
9538 7672 7670 7747 
9539 1214 1213 1215 
9540 8221 2340 8331 
9541 4458 4359 4993 
9542 1234 1233 8277 
9543 2303 2301 8276 
9544 4701 5197 5253 
9545 7992 7987 8305 
9546 5991 7890 8374 
9547 1686 1683 1687 
9548 2336 2337 8256 
9549 1218 1220 1221 
9550 3794 2335 8301 
9551 4704 3504 8233 
9552 2224 2225 2226 
9553 5268 1219 5269 
9554 2264 2276 8280 
9555 1295 1296 1297 
9556 2679 2678 2680 
9557 4675 6002 6003 
9558 8362 2675 8398 
9559 2340 2341 8331 
9560 2661 3807 8314 
9561 4971 4507 5985 
9562 4662 4661 5691 
9563 5991 1234 8277 
9564 5998 5223 5999 
9565 1319 1320 1321 
9566 3694 4069 8258 
9567 1215 1217 1218 
9568 2345 2346 8295 
9569 3688 2668 8308 
9570 2284 2285 2336 
9571 1290 1292 1293 
9572 4395 3857 8252 
9573 2325 2323 8279 
9574 2657 3731 4025 
9575 3796 3798 4695 
9576 1211 1212 5673 
9577 1733 1734 2284 
9578 6330 4488 8262 
9579 4488 4126 8262 
9580 8409 3605 8434 
9581 3807 4730 5262 
9582 4674 3692 8258 
9583 6214 6215 6216 
9584 2301 3632 8276 
9585 5999 5223 7665 
9586 1233 1236 8277 
9587 4025 3731 4525 
9588 3587 3588 3589 
9589 4025 4525 4956 
9590 4211 7934 8298 
9591 4360 4361 5006 
9592 6337 4854 8283 
9593 4956 4525 5774 
9594 2200 2201 2202 
9595 2224 2222 2225 
9596 2173 8422 8497 
9597 2337 2347 8256 
9598 1174 1172 2703 
9599 1208 1207 1209 
9600 2279 2661 8314 
9601 2770 2768 4659 
9602 1687 1728 1729 
9603 2670 2219 5327 
9604 7666 7665 7728 
9605 5006 5007 8312 
9606 1210 1209 1211 
9607 2681 2680 2682 
9608 3731 3732 8300 
9609 2212 2210 2213 
9610 3695 5321 5322 
9611 1235 1231 8281 
9612 1203 1201 1205 
9613 3504 3503 4054 
9614 1729 1730 1733 
9615 1210 1211 1213 
9616 2318 2316 8282 
9617 3732 3987 8300 
9618 5734 5676 6502 
9619 1208 1209 1210 
9620 5253 5396 5417 
9621 7984 676 8305 
9622 8259 3869 8304 
9623 4360 5006 5791 
9624 8270 8237 8336 
9625 2323 3476 8279 
9626 1228 1225 8278 
9627 5303 2746 8367 
9628 8641 5198 8677 
9629 3869 4523 8304 
9630 3772 3773 4648 
9631 2276 2329 8280 
9632 3879 3526 7922 
9633 5306 7938 8350 
9634 4394 4395 8283 
9635 5274 5272 8398 
9636 7887 5663 7888 
9637 3505 2303 8276 
9638 1202 1201 1203 
9639 2683 2682 2685 
9640 2226 2225 3778 
9641 6253 4084 7909 
9642 1685 8419 8420 
9643 1655 1648 1656 
9644 4943 8270 8336 
9645 1206 1207 1208 
9646 3492 3491 3503 
9647 5999 7665 7666 
9648 2218 2216 2219 
9649 2165 2164 2166 
9650 3987 5335 5336 
9651 2208 2207 2209 
9652 5786 5785 5787 
9653 1678 1683 1686 
9654 2694 2695 3695 
9655 1206 1205 1207 
9656 7914 2324 8332 
9657 2196 2197 2198 
9658 1231 1230 8281 
9659 4106 4225 4360 
9660 5336 5337 6260 
9661 1665 1656 1666 
9662 2206 2204 2207 
9663 1677 1666 1678 
9664 6260 5337 6264 
9665 1230 5984 8281 
9666 1188 1186 2676 
9667 4664 4663 5222 
9668 2657 4025 8295 
9669 4664 5222 5223 
9670 5336 5335 5337 
9671 3790 3989 5383 
9672 2214 2213 2667 
9673 1200 1219 5268 
9674 2716 2718 5278 
9675 5324 5329 6214 
9676 1323 1637 8284 
9677 5791 6341 6656 
9678 3705 4106 4110 
9679 2347 3743 8256 
9680 2220 2219 2670 
9681 4080 4663 4664 
9682 7817 5226 7818 
9683 4854 4394 8283 
9684 2707 2705 8232 
9685 6002 4676 7741 
9686 5288 3879 7922 
9687 3988 4352 5370 
9688 1665 1677 1685 
9689 4883 6477 8289 
9690 1199 1198 1200 
9691 6615 4983 8289 
9692 3472 2325 8279 
9693 1170 2860 3790 
9694 5995 8229 8366 
9695 4881 4883 8289 
9696 2721 2722 3525 
9697 5263 8244 8547 
9698 3698 4912 8292 
9699 5791 5006 6341 
9700 1203 1205 1206 
9701 4217 4227 4228 
9702 2255 2257 8327 
9703 3976 2190 7897 
9704 4699 3982 8246 
9705 3504 4054 8233 
9706 2257 8242 8327 
9707 3807 5262 8314 
9708 1656 1648 7933 
9709 1680 1658 8429 
9710 1197 1196 1198 
9711 1199 1200 1201 
9712 1160 2856 2857 
9713 4218 2322 8282 
9714 1197 1198 1199 
9715 4025 5266 8295 
9716 3507 3839 3988 
9717 3705 3786 4106 
9718 5284 4036 6051 
9719 1210 1214 8291 
9720 7888 5663 7920 
9721 8287 2330 8414 
9722 4675 3799 4676 
9723 4430 5786 8323 
9724 1298 2642 7820 
9725 3793 3792 3994 
9726 1685 2698 2699 
9727 8492 5973 8517 
9728 2699 2700 2701 
9729 2929 1208 8291 
9730 1224 1223 8324 
9731 1136 3779 3780 
9732 3798 3797 3799 
9733 2681 2683 2684 
9734 2204 2203 8330 
9735 1646 1648 1655 
9736 7674 8507 8533 
9737 2684 3718 3719 
9738 5308 5306 8350 
9739 2322 2318 8282 
9740 2667 2213 5277 
9741 8369 2292 8429 
9742 5268 5269 5710 
9743 1146 1244 1246 
9744 2794 2796 4657 
9745 4507 3688 8308 
9746 1177 1179 1180 
9747 3593 3594 3595 
9748 1640 1645 1662 
9749 4983 4881 8289 
9750 3471 3855 8388 
9751 2209 2207 2672 
9752 1181 1183 1184 
9753 1227 7927 8324 
9754 3503 3491 4402 
9755 1662 5226 5406 
9756 3743 3552 8292 
9757 5007 6008 8312 
9758 1645 1641 1646 
9759 1195 1196 1197 
9760 3552 3698 8292 
9761 4074 4076 8288 
9762 2674 1197 8302 
9763 1195 1193 1196 
9764 1191 1190 1193 
9765 5256 8441 8465 
9766 1189 1188 1190 
9767 4669 5218 5968 
9768 2210 2209 8337 
9769 2857 3984 3985 
9770 5208 7602 7676 
9771 4203 5210 5211 
9772 2222 2220 8306 
9773 1223 1227 8324 
9774 4228 4667 5175 
9775 1185 2678 2679 
9776 3796 3795 3797 
9777 1173 1175 1176 
9778 3987 5336 8300 
9779 4664 5998 8288 
9780 6404 4943 8336 
9781 1187 1186 1188 
9782 2685 2687 4347 
9783 1191 1193 1195 
9784 1189 1190 1191 
9785 3521 2902 3522 
9786 2701 2700 3705 
9787 2203 2201 2673 
9788 2908 1187 8316 
9789 1187 1188 1189 
9790 2287 2255 8327 
9791 2341 2345 8331 
9792 3595 3596 3597 
9793 7936 8282 8362 
9794 1189 1192 8316 
9795 8006 8008 8009 
9796 7795 7794 8286 
9797 2671 2261 8352 
9798 4328 4898 5004 
9799 1195 2674 8318 
9800 1192 1191 8318 
9801 2192 2193 2194 
9802 2330 2277 8355 
9803 1655 1656 1665 
9804 3695 5322 5323 
9805 2202 2201 2203 
9806 2159 2158 2160 
9807 4436 4458 5676 
9808 2335 2334 8301 
9809 2699 2698 2700 
9810 1665 1666 1677 
9811 5266 6001 8377 
9812 3980 2703 4429 
9813 4675 4676 6002 
9814 5267 4956 8294 
9815 2190 2191 2192 
9816 1324 1323 1325 
9817 3798 3799 4675 
9818 8224 8351 8403 
9819 3784 2335 3785 
9820 1325 1323 8284 
9821 3719 4359 4436 
9822 7679 7680 7792 
9823 8235 2270 8353 
9824 4679 6034 8739 
9825 7825 2737 8404 
9826 5993 8353 8385 
9827 2679 2680 2681 
9828 3493 4548 4549 
9829 1640 1325 1641 
9830 2693 2694 3491 
9831 2200 2198 2201 
9832 3525 3526 3879 
9833 2681 2682 2683 
9834 5230 8272 8375 
9835 3589 3590 3591 
9836 8223 4210 8338 
9837 1164 1162 2725 
9838 5676 4458 6475 
9839 1181 1179 1182 
9840 1184 1186 1187 
9841 7680 5201 8361 
9842 5271 2673 6016 
9843 3985 5384 6041 
9844 6341 5006 8312 
9845 2270 2249 8353 
9846 4076 4080 8288 
9847 2727 2180 7874 
9848 2209 2672 2689 
9849 1163 1165 1166 
9850 3785 3795 3796 
9851 2691 2692 2693 
9852 8237 5261 8336 
9853 1685 1677 2698 
9854 1208 1210 8291 
9855 3981 5997 6014 
9856 1199 1202 8302 
9857 5323 5322 5324 
9858 4727 6047 6048 
9859 8332 3470 8378 
9860 4956 5774 8294 
9861 3982 3619 3983 
9862 5323 5324 5325 
9863 2693 2692 2694 
9864 2691 2690 2692 
9865 6649 5267 8294 
9866 4328 3662 4898 
9867 2689 2672 2690 
9868 1206 2929 8319 
9869 5989 8388 8408 
9870 4525 3731 8300 
9871 3719 3718 4359 
9872 3796 3797 3798 
9873 2689 2690 2691 
9874 5175 5310 5311 
9875 3664 3612 3665 
9876 1217 1213 8315 
9877 1637 4221 8284 
9878 2684 2683 3718 
9879 7671 7668 8311 
9880 2282 2335 3784 
9881 1318 4237 4726 
9882 8301 5253 8393 
9883 4436 4359 4458 
9884 2781 2723 3619 
9885 2654 2653 3539 
9886 2220 2670 8306 
9887 5304 2225 8306 
9888 5995 8366 8395 
9889 1142 8343 8426 
9890 2799 3506 3507 
9891 2186 2187 2188 
9892 2203 2673 5271 
9893 2198 2197 8285 
9894 6023 5787 6456 
9895 1179 1178 8310 
9896 1173 1174 1175 
9897 2314 2675 8362 
9898 1260 1262 2754 
9899 1204 1203 8319 
9900 1321 1323 1324 
9901 5985 4507 8308 
9902 1183 1182 1185 
9903 2216 2214 8321 
9904 1171 1169 1172 
9905 7854 5229 8382 
9906 7799 7798 8372 
9907 2196 2194 2197 
9908 5004 4898 6372 
9909 2249 2251 8353 
9910 7666 7728 8311 
9911 1184 1183 1186 
9912 5294 5841 8493 
9913 4736 5991 8374 
9914 1167 1169 1170 
9915 4702 5346 6027 
9916 7668 7666 8311 
9917 2214 2667 8321 
9918 1213 1211 8315 
9919 2294 2292 8369 
9920 3466 3767 3771 
9921 4682 4429 4886 
9922 5986 5985 8378 
9923 4457 2772 4660 
9924 1181 1182 1183 
9925 1177 1175 1178 
9926 1180 1179 1181 
9927 1185 2679 5279 
9928 7899 2690 8396 
9929 2182 2183 2184 
9930 1184 2908 8317 
9931 7936 8362 8398 
9932 1659 1681 8299 
9933 2207 2204 8330 
9934 4042 2707 8232 
9935 5287 5288 5810 
9936 3667 3792 3793 
9937 5406 5226 7817 
9938 3784 3785 8313 
9939 2213 2210 8337 
9940 3609 3608 3610 
9941 3685 3537 3686 
9942 1211 5673 8315 
9943 5973 4886 5974 
9944 3530 2701 8309 
9945 6373 4898 8347 
9946 1180 1181 8317 
9947 4221 1659 8299 
9948 3982 3983 8246 
9949 7805 7803 7930 
9950 1318 1297 1319 
9951 5975 5308 8350 
9952 2245 7919 8376 
9953 1662 1645 5226 
9954 1294 1293 1295 
9955 2225 2222 8306 
9956 2797 2798 2799 
9957 5776 5301 5777 
9958 7828 4668 8519 
9959 5253 5417 8393 
9960 1681 2269 8299 
9961 7859 7860 8497 
9962 1197 1199 8302 
9963 1150 1148 2724 
9964 1640 1641 1645 
9965 2316 2314 8362 
9966 5166 7389 7570 
9967 2193 2191 2677 
9968 3980 4682 6004 
9969 1324 1325 1640 
9970 4670 4669 8361 
9971 2699 2704 8419 
9972 6051 4036 8346 
9973 1174 2703 3980 
9974 4476 2725 4951 
9975 1176 1175 1177 
9976 1149 1151 1152 
9977 8282 2316 8362 
9978 1360 2588 8609 
9979 1112 3955 3956 
9980 1203 1206 8319 
9981 4675 6003 8334 
9982 1167 1165 1168 
9983 3605 3604 3606 
9984 8577 6028 8600 
9985 4695 3798 8334 
9986 1177 1178 1179 
9987 1307 1306 1308 
9988 8224 2698 8351 
9989 4669 4208 5218 
9990 1163 1164 1165 
9991 2241 2245 8376 
9992 8236 8280 8366 
9993 1173 1172 1174 
9994 2678 1182 8310 
9995 1169 1168 8322 
9996 1171 1172 1173 
9997 3705 4110 8309 
9998 3796 4695 8313 
9999 2253 2287 8385 
10000 7731 5218 7732 
10001 3793 4036 5283 
10002 4080 4664 8288 
10003 5985 8332 8378 
10004 2155 2154 2156 
10005 2779 2780 2797 
10006 2180 2181 2182 
10007 5284 6051 6052 
10008 6025 7735 7736 
10009 1187 1189 8316 
10010 1248 1249 1250 
10011 3619 2723 3849 
10012 5383 3989 7703 
10013 8280 4683 8366 
10014 2930 8238 8354 
10015 1157 1159 1160 
10016 7913 6007 8442 
10017 8419 7818 8420 
10018 1191 1195 8318 
10019 2716 2677 2717 
10020 2203 5271 8330 
10021 3790 2860 3989 
10022 2201 2198 8285 
10023 3793 3994 4036 
10024 2701 3705 8309 
10025 1295 1297 1318 
10026 5327 2219 8321 
10027 1678 1686 8351 
10028 1170 1169 1171 
10029 7891 8430 8447 
10030 2720 2781 8358 
10031 2190 2188 2191 
10032 1354 7639 8628 
10033 1205 1201 8325 
10034 5712 4849 5713 
10035 5709 4951 6533 
10036 5209 8273 8474 
10037 1146 1246 8342 
10038 1201 1200 8325 
10039 2219 2216 8321 
10040 5978 7788 8390 
10041 1166 1165 1167 
10042 4360 5791 8341 
10043 1290 1293 1294 
10044 8231 5808 8381 
10045 1167 1168 1169 
10046 2192 2191 2193 
10047 2718 2717 2719 
10048 2720 2721 2723 
10049 2209 2689 8337 
10050 1153 1155 1156 
10051 5972 3976 7897 
10052 1157 1155 1158 
10053 1161 1159 1162 
10054 5283 5284 5674 
10055 1182 1179 8310 
10056 2720 2719 2721 
10057 2176 2177 2178 
10058 1289 1285 1290 
10059 2731 2729 8271 
10060 4726 4237 6035 
10061 2718 2719 2720 
10062 1200 5268 8325 
10063 7891 2675 8430 
10064 2749 2751 2779 
10065 3989 2860 7709 
10066 3785 3796 8313 
10067 1308 3992 7875 
10068 7798 7795 8286 
10069 1170 1171 2860 
10070 2716 2717 2718 
10071 3472 8279 8381 
10072 4079 4072 8399 
10073 2691 7915 8411 
10074 2194 2193 8371 
10075 5968 5218 7731 
10076 1677 1678 8351 
10077 3610 3612 3664 
10078 4110 4106 8341 
10079 2186 2184 2187 
10080 2193 2677 2716 
10081 5300 5298 5301 
10082 7679 5201 7680 
10083 5976 5975 8414 
10084 4456 2724 4922 
10085 6242 5004 8329 
10086 1181 1184 8317 
10087 4106 4360 8341 
10088 6456 5787 6521 
10089 6074 4736 8374 
10090 2650 2649 2653 
10091 5301 8409 8434 
10092 5277 2213 8337 
10093 4476 5709 6015 
10094 3980 4429 4682 
10095 2183 2181 2697 
10096 1278 1284 1286 
10097 2672 2207 8330 
10098 1318 1319 4237 
10099 3525 3879 5286 
10100 5370 4352 5381 
10101 1149 1150 1151 
10102 2345 8295 8377 
10103 2857 2856 3984 
10104 2242 2241 8376 
10105 8229 8236 8366 
10106 4682 4886 5973 
10107 5256 8221 8441 
10108 3606 3608 3609 
10109 2151 2150 2152 
10110 5211 7584 7611 
10111 5278 2718 8358 
10112 3664 4120 4430 
10113 5975 8287 8414 
10114 5283 4036 5284 
10115 1319 1321 8349 
10116 2790 2788 4202 
10117 4402 3491 8340 
10118 5282 5280 8447 
10119 3798 4675 8334 
10120 5808 5809 8427 
10121 1646 1655 8360 
10122 8384 5264 8401 
10123 1159 1158 8344 
10124 1160 1159 1161 
10125 1166 1167 8333 
10126 4657 4658 5961 
10127 3662 3530 8347 
10128 3994 4727 8346 
10129 3937 4635 5136 
10130 3664 3665 4120 
10131 7731 7732 7877 
10132 1246 1244 1247 
10133 8353 2251 8385 
10134 5286 5287 5606 
10135 3988 3839 4352 
10136 1157 1158 1159 
10137 3601 3599 3602 
10138 8300 5336 8380 
10139 2694 3695 8340 
10140 4669 5968 8361 
10141 1161 1162 1163 
10142 4525 8300 8380 
10143 5286 3879 5287 
10144 3491 2694 8340 
10145 2853 2855 5378 
10146 1153 1151 1154 
10147 2188 2187 8320 
10148 2703 1172 8322 
10149 1294 1295 8335 
10150 2673 2201 8285 
10151 8279 8231 8381 
10152 7603 3971 7604 
10153 7818 5226 8360 
10154 2795 2793 8415 
10155 5222 7692 8536 
10156 1186 1183 8339 
10157 1248 1247 1249 
10158 3642 2810 8448 
10159 1163 1162 1164 
10160 5004 6372 8329 
10161 1164 2725 4476 
10162 1172 1169 8322 
10163 1340 2835 7744 
10164 1267 1258 5289 
10165 7792 7680 8328 
10166 2172 2173 2174 
10167 1284 1279 1285 
10168 2676 1186 8339 
10169 4430 4913 5785 
10170 1156 1155 1157 
10171 5774 4525 8380 
10172 1170 3790 8333 
10173 7855 8471 8486 
10174 2817 2815 2818 
10175 2698 1677 8351 
10176 1645 1646 8360 
10177 1152 1151 1153 
10178 3695 5323 8340 
10179 1153 1154 1155 
10180 1278 1265 1279 
10181 3981 2697 4702 
10182 4897 4660 5963 
10183 7855 2344 8471 
10184 8330 5271 8396 
10185 8366 4683 8395 
10186 3453 3838 3990 
10187 5456 5729 5730 
10188 7915 4688 8384 
10189 1183 1185 8339 
10190 7732 8369 8429 
10191 3665 3667 8356 
10192 1324 8261 8349 
10193 5989 5986 8378 
10194 3985 3984 5384 
10195 1160 1161 2856 
10196 2251 2253 8385 
10197 2182 2181 2183 
10198 1264 1263 1265 
10199 1326 2822 7761 
10200 3609 3610 8323 
10201 8295 5266 8377 
10202 3507 3506 3839 
10203 4430 4120 4913 
10204 1160 2857 8345 
10205 2716 5278 8371 
10206 4402 8340 8412 
10207 2180 2178 2181 
10208 4074 8288 8399 
10209 2168 2169 2170 
10210 3530 8309 8347 
10211 1686 1687 8432 
10212 2752 2753 3569 
10213 5065 4461 6077 
10214 5238 2727 7874 
10215 8252 3472 8381 
10216 1156 1157 8345 
10217 1257 1255 1259 
10218 3984 2856 5290 
10219 2183 2697 3981 
10220 7743 5978 8390 
10221 4898 3662 8347 
10222 2197 2194 8371 
10223 5691 4661 5980 
10224 1136 3780 8394 
10225 5336 6260 8380 
10226 1262 1261 1263 
10227 3569 3570 4122 
10228 5785 4913 6425 
10229 3602 3604 3605 
10230 4234 4233 5954 
10231 2672 8330 8396 
10232 3470 3471 8388 
10233 2193 2716 8371 
10234 2191 2188 8320 
10235 1250 1251 1252 
10236 4036 3994 8346 
10237 5713 4849 8472 
10238 3777 2736 3782 
10239 4737 2784 5426 
10240 4122 5364 5365 
10241 4476 4951 5709 
10242 2681 2684 8368 
10243 1284 1285 1289 
10244 6134 4789 6135 
10245 8331 2345 8377 
10246 2176 2174 2177 
10247 6015 5709 6567 
10248 1171 1173 8357 
10249 7808 7805 7930 
10250 1321 1324 8349 
10251 2309 2344 8430 
10252 8340 5323 8412 
10253 2141 2140 2142 
10254 2734 2731 8271 
10255 2675 2311 8430 
10256 4352 3839 4896 
10257 3981 4702 5997 
10258 8511 3778 8516 
10259 8288 5998 8399 
10260 1167 1170 8333 
10261 4727 6048 8346 
10262 5776 5777 6518 
10263 7667 7669 8392 
10264 4683 4684 8395 
10265 1140 1138 4467 
10266 7832 8719 8727 
10267 2166 2167 2168 
10268 1147 1148 1149 
10269 2718 2720 8358 
10270 4232 4231 4233 
10271 1252 1253 1254 
10272 2799 2798 3506 
10273 1185 5279 8339 
10274 4237 1319 8349 
10275 1295 1318 8335 
10276 1318 4726 8335 
10277 2737 2739 8404 
10278 4079 8399 8437 
10279 5272 7936 8398 
10280 5226 1645 8360 
10281 3598 3597 3599 
10282 1254 1255 1256 
10283 4208 2294 8369 
10284 4072 4074 8399 
10285 2975 2928 5405 
10286 5999 7667 8437 
10287 7948 774 7951 
10288 4456 5679 6469 
10289 6295 6294 6296 
10290 4722 3539 4723 
10291 7747 8527 8546 
10292 1126 2777 3772 
10293 1256 1257 1258 
10294 1278 1279 1284 
10295 2178 2177 8348 
10296 4120 3665 8356 
10297 2145 2144 2146 
10298 1173 1176 8357 
10299 1264 1265 1278 
10300 3592 3591 3593 
10301 1150 2724 4456 
10302 2677 2191 8320 
10303 2864 2862 8530 
10304 2797 2780 2798 
10305 3833 4790 4791 
10306 3956 5216 8424 
10307 1262 1263 1264 
10308 3598 3601 5297 
10309 2679 2681 8368 
10310 1147 1145 1148 
10311 2721 3525 8359 
10312 1149 1148 1150 
10313 8360 1655 8420 
10314 4904 6344 6345 
10315 7817 7818 8451 
10316 1260 1259 1261 
10317 4427 2792 5180 
10318 3667 3793 8356 
10319 4468 4467 5756 
10320 1162 1159 8344 
10321 3958 4638 8534 
10322 4070 4079 8454 
10323 3610 3664 8323 
10324 5279 2679 8368 
10325 3849 2723 8359 
10326 3506 2798 4108 
10327 1157 1160 8345 
10328 1665 1685 8420 
10329 7945 626 7946 
10330 5291 5993 8457 
10331 2723 2721 8359 
10332 2169 2167 2746 
10333 2172 2170 2173 
10334 1175 1174 8364 
10335 1256 1255 1257 
10336 5291 8457 8481 
10337 2860 1171 8357 
10338 5300 5301 5776 
10339 5365 6039 6040 
10340 8422 7926 8497 
10341 4230 2832 4231 
10342 8086 8083 8088 
10343 5249 5294 8481 
10344 2779 2751 2780 
10345 1247 1244 5293 
10346 4692 8253 8515 
10347 3794 8301 8393 
10348 1254 1253 1255 
10349 7675 8733 8744 
10350 5247 8310 8462 
10351 2725 1162 8344 
10352 1161 1163 8363 
10353 3981 6014 8386 
10354 3584 2652 3585 
10355 1143 1145 1146 
10356 1258 1257 8405 
10357 1260 1261 1262 
10358 2866 2864 2867 
10359 8337 2689 8411 
10360 8403 1686 8432 
10361 1178 1175 8364 
10362 4397 2688 8492 
10363 5318 5316 5319 
10364 5724 5723 5725 
10365 5977 5979 8487 
10366 3780 3779 4216 
10367 3601 3602 8409 
10368 2162 2163 2164 
10369 5297 5298 5299 
10370 5136 5929 5930 
10371 1252 1251 1253 
10372 5789 5686 8486 
10373 1251 1249 1732 
10374 3793 5283 8356 
10375 2640 2634 2641 
10376 1250 1249 1251 
10377 2690 2672 8396 
10378 1088 3944 3945 
10379 2187 2184 8386 
10380 1317 1316 1326 
10381 8388 3855 8408 
10382 5277 8337 8411 
10383 4456 4922 5679 
10384 3595 3597 3598 
10385 2184 2183 8386 
10386 8392 7673 8454 
10387 7780 1144 8458 
10388 1163 1166 8363 
10389 6005 6045 8407 
10390 2765 3452 3453 
10391 8333 6005 8464 
10392 5276 8224 8403 
10393 1130 1128 2756 
10394 2181 2178 8348 
10395 8381 5808 8427 
10396 1143 1141 1144 
10397 1146 1147 1244 
10398 632 8065 8073 
10399 4668 2741 8431 
10400 2160 2161 2162 
10401 1147 1149 8373 
10402 7818 8360 8420 
10403 1301 1304 8438 
10404 3525 5286 8359 
10405 5299 5300 5715 
10406 2798 2780 8397 
10407 2830 2829 3252 
10408 3980 6004 8364 
10409 7732 5218 8369 
10410 5218 4208 8369 
10411 7709 2860 8357 
10412 2762 2763 3536 
10413 1271 1269 1277 
10414 1146 1145 1147 
10415 2743 3973 8431 
10416 1257 1259 1260 
10417 6469 5679 6525 
10418 7917 8403 8432 
10419 1174 3980 8364 
10420 4217 4216 4227 
10421 5948 4648 5960 
10422 7788 5976 8414 
10423 5982 5981 8525 
10424 1260 2754 8405 
10425 3592 3613 5314 
10426 2166 2164 2167 
10427 2739 4668 8404 
10428 1168 1165 8383 
10429 2168 2167 2169 
10430 2697 2181 8348 
10431 3664 4430 8323 
10432 1257 1260 8405 
10433 1165 1164 8383 
10434 3598 3599 3601 
10435 6585 6339 6586 
10436 2752 3569 3713 
10437 2856 1161 8363 
10438 2942 4049 4637 
10439 1142 1143 8342 
10440 2751 2750 2752 
10441 2749 2748 2750 
10442 2135 2134 2136 
10443 2305 3505 8471 
10444 2344 2307 8471 
10445 5156 7324 7471 
10446 8363 1166 8464 
10447 3589 3591 3592 
10448 2689 2691 8411 
10449 5297 3601 5298 
10450 2770 4659 8370 
10451 5289 1258 8405 
10452 2747 2746 2748 
10453 5323 5325 8412 
10454 5299 5298 5300 
10455 8297 5303 8485 
10456 2749 2750 2751 
10457 2761 2764 2765 
10458 2651 2648 2652 
10459 1149 1152 8373 
10460 8252 8381 8427 
10461 2313 7894 8507 
10462 5229 6025 8382 
10463 2897 2859 5373 
10464 2163 2161 2702 
10465 6338 4884 6339 
10466 4120 8356 8444 
10467 3959 4716 5343 
10468 7487 5948 8303 
10469 2292 1680 8429 
10470 8399 5998 8437 
10471 4079 8392 8454 
10472 7767 5263 8478 
10473 2768 2766 8425 
10474 5361 5359 5423 
10475 7903 8299 8488 
10476 8385 2287 8457 
10477 4122 5365 5366 
10478 2129 2128 2130 
10479 1298 1644 2642 
10480 3874 3650 3875 
10481 2169 2746 2747 
10482 5305 5307 8511 
10483 2156 2157 2158 
10484 3592 3593 3613 
10485 5692 5256 8465 
10486 7673 7674 8508 
10487 2807 2805 3776 
10488 3585 3587 3648 
10489 5347 7842 8607 
10490 5175 4667 5310 
10491 2741 2743 8431 
10492 2183 3981 8386 
10493 2311 2309 8430 
10494 1143 1146 8342 
10495 8441 6001 8465 
10496 2164 2163 8367 
10497 2724 1148 8402 
10498 1655 1665 8420 
10499 5314 5330 5331 
10500 4476 6015 8383 
10501 1685 2699 8419 
10502 2747 2748 2749 
10503 1299 1298 7820 
10504 6006 7916 8513 
10505 2782 2756 6450 
10506 3849 8359 8445 
10507 4228 4227 4667 
10508 1687 1729 8432 
10509 2234 2236 8484 
10510 1143 1144 1145 
10511 8274 2237 8484 
10512 1139 1141 1142 
10513 7818 8419 8451 
10514 1137 1135 1138 
10515 3602 3605 8409 
10516 4395 8252 8427 
10517 2197 8371 8433 
10518 3973 5208 5292 
10519 2766 7853 8425 
10520 8358 4694 8502 
10521 1102 5157 5166 
10522 1145 1144 8402 
10523 5290 2856 8363 
10524 1142 1141 1143 
10525 5420 4732 5421 
10526 2236 2232 8490 
10527 5664 4492 5665 
10528 5312 8450 8526 
10529 4239 4240 4734 
10530 1164 4476 8383 
10531 7868 5247 8450 
10532 5331 5332 6294 
10533 8576 7937 8597 
10534 5351 2858 8638 
10535 8359 5286 8445 
10536 3990 3838 4416 
10537 1244 1147 8373 
10538 6017 8285 8433 
10539 5290 8363 8464 
10540 2162 2161 2163 
10541 6025 7736 8382 
10542 5252 8322 8477 
10543 1154 1151 8400 
10544 5314 3613 5330 
10545 5311 5310 7583 
10546 1151 1150 8400 
10547 2308 2310 8527 
10548 2757 2759 5328 
10549 5301 5298 8409 
10550 1733 2295 8494 
10551 1178 8364 8462 
10552 4734 4735 6075 
10553 2160 2158 2161 
10554 2152 2153 2154 
10555 626 326 7946 
10556 8356 5283 8444 
10557 4108 2798 8397 
10558 5298 3601 8409 
10559 2647 2645 2648 
10560 2747 7926 8422 
10561 3536 3537 3685 
10562 4468 5756 5758 
10563 8434 3605 8521 
10564 5331 5330 5332 
10565 2125 2124 2126 
10566 6007 6006 8442 
10567 1136 1137 3779 
10568 5998 5999 8437 
10569 5280 7891 8447 
10570 8285 2197 8433 
10571 1140 4467 4468 
10572 6294 5332 6407 
10573 8371 5278 8433 
10574 2167 2164 8367 
10575 5381 4352 8406 
10576 2608 5309 8535 
10577 3593 3595 8410 
10578 3453 3452 3838 
10579 3803 4099 4100 
10580 8377 6001 8441 
10581 8364 6004 8462 
10582 2187 8386 8463 
10583 1133 1135 1136 
10584 1133 1131 1134 
10585 5993 8385 8457 
10586 1280 1275 1291 
10587 2849 2847 3775 
10588 5777 5301 8434 
10589 2772 2770 8370 
10590 8261 5428 8466 
10591 3973 5292 8431 
10592 3648 8423 8514 
10593 8457 8260 8481 
10594 4352 4896 8406 
10595 774 328 7951 
10596 7896 4674 8533 
10597 3979 5340 6056 
10598 5283 5674 8444 
10599 4717 3801 7777 
10600 2226 3778 8506 
10601 5231 7879 8576 
10602 3772 2777 3773 
10603 4237 8349 8466 
10604 4694 4699 8545 
10605 2231 2228 8506 
10606 3706 2809 3960 
10607 2158 2157 8389 
10608 3774 3948 4200 
10609 4069 4070 8454 
10610 2287 8260 8457 
10611 2173 2170 8422 
10612 2170 2169 8422 
10613 8419 2704 8451 
10614 1148 1145 8402 
10615 146 632 8073 
10616 2156 2154 2157 
10617 2651 3584 5315 
10618 2651 2652 3584 
10619 4896 3839 8416 
10620 5331 6295 8514 
10621 1126 3772 8428 
10622 1132 1133 8394 
10623 1116 1114 2783 
10624 5722 4724 5723 
10625 5358 3871 5359 
10626 2642 2643 2644 
10627 7811 7808 8459 
10628 8488 3784 8543 
10629 2282 3784 8488 
10630 2746 2167 8367 
10631 1136 1135 1137 
10632 1339 1338 1340 
10633 4659 2768 8425 
10634 2295 2284 8512 
10635 3839 3506 8416 
10636 4456 6469 8400 
10637 1137 1138 1139 
10638 4232 4233 4234 
10639 8299 2269 8488 
10640 8221 8331 8441 
10641 4656 2635 7763 
10642 5293 1244 8373 
10643 1384 2572 8667 
10644 4416 3838 4849 
10645 2643 1644 4226 
10646 8065 8067 8070 
10647 2566 2562 7588 
10648 4531 3875 4748 
10649 7913 8442 8512 
10650 7967 747 7969 
10651 3613 3593 8410 
10652 1168 8383 8477 
10653 5271 6016 8456 
10654 1127 1125 1128 
10655 8423 5314 8514 
10656 8331 8377 8441 
10657 6012 7913 8554 
10658 5265 8320 8463 
10659 8386 6014 8463 
10660 8396 5271 8456 
10661 1139 1138 1140 
10662 3956 3955 4653 
10663 3506 4108 8416 
10664 4227 4216 5214 
10665 1139 1140 1141 
10666 1150 4456 8400 
10667 3587 3589 8423 
10668 3584 3585 8460 
10669 1129 1131 1132 
10670 5724 5725 6515 
10671 4913 4120 8444 
10672 3871 3576 7779 
10673 5310 4667 5367 
10674 5286 5606 8445 
10675 4416 4849 5711 
10676 1249 1247 8413 
10677 2148 2151 8558 
10678 5315 5316 5317 
10679 1247 5293 8413 
10680 2780 2751 8417 
10681 3945 5200 8498 
10682 3452 2764 4112 
10683 5711 4849 5712 
10684 4230 4231 4232 
10685 7899 8396 8456 
10686 4767 4768 5456 
10687 3598 5297 8410 
10688 5955 4654 7415 
10689 6001 6348 8465 
10690 8481 5294 8493 
10691 1309 1308 7875 
10692 2121 2120 2122 
10693 2148 2149 2150 
10694 8361 5968 8443 
10695 6013 6012 8564 
10696 5317 5318 6262 
10697 6117 4773 6118 
10698 5159 4653 5950 
10699 2751 2752 8417 
10700 2752 3713 8417 
10701 7808 7930 8459 
10702 3959 5343 8581 
10703 8349 8261 8466 
10704 3605 3606 8521 
10705 2632 2634 2640 
10706 3801 3802 3803 
10707 8397 2780 8417 
10708 2644 2645 2646 
10709 2152 2150 2153 
10710 3978 4697 6030 
10711 8383 6015 8477 
10712 2161 2158 8389 
10713 2149 2147 2726 
10714 5223 5222 8536 
10715 2628 2630 5341 
10716 2765 2764 3452 
10717 8310 1178 8462 
10718 4660 2772 8370 
10719 5315 3584 5316 
10720 1132 1131 1133 
10721 8222 5252 8550 
10722 2146 2147 2148 
10723 5063 4748 5438 
10724 3595 3598 8410 
10725 8454 7673 8508 
10726 1133 1136 8394 
10727 5951 5950 7645 
10728 2642 1644 2643 
10729 1298 1287 1644 
10730 6262 5318 6263 
10731 2307 2305 8471 
10732 3685 3686 4461 
10733 7680 8361 8443 
10734 5317 5316 5318 
10735 5722 5723 5724 
10736 2878 2880 4645 
10737 8508 7674 8533 
10738 2646 2647 2649 
10739 3505 8276 8501 
10740 1133 1134 1135 
10741 4446 3714 8483 
10742 1732 1249 8413 
10743 2647 2648 2651 
10744 5065 6077 8440 
10745 8320 2187 8463 
10746 5167 4198 5957 
10747 2169 2747 8422 
10748 8432 1729 8494 
10749 8463 6014 8515 
10750 5774 8380 8453 
10751 7674 7672 8546 
10752 8727 1156 8737 
10753 5265 8463 8515 
10754 8429 1658 8470 
10755 2702 2161 8389 
10756 2757 2726 2758 
10757 6035 4237 8466 
10758 1350 3970 7727 
10759 1106 1104 2800 
10760 2640 2641 2832 
10761 2662 8590 8595 
10762 4467 1138 8436 
10763 8328 7680 8443 
10764 2801 2783 6659 
10765 3773 5333 5352 
10766 8494 2295 8513 
10767 3684 2851 3954 
10768 5318 5319 8446 
10769 1123 1121 1124 
10770 1166 8333 8464 
10771 7747 7670 8537 
10772 7521 7520 7655 
10773 8380 6260 8453 
10774 3958 3769 4638 
10775 2174 2173 8518 
10776 5724 6515 6622 
10777 2644 2643 2645 
10778 6344 5065 6346 
10779 2759 2758 2760 
10780 629 7971 7973 
10781 2615 2614 2618 
10782 1135 1134 8436 
10783 2142 2143 2144 
10784 8276 8257 8501 
10785 2646 2645 2647 
10786 5948 5960 8303 
10787 3717 8475 8544 
10788 6004 4682 8526 
10789 2653 2649 3717 
10790 4923 4118 6055 
10791 8433 5278 8502 
10792 6017 8433 8502 
10793 2761 2760 2762 
10794 4483 3960 4652 
10795 2237 2234 8484 
10796 5426 2784 8549 
10797 1130 2756 2782 
10798 3992 4677 5382 
10799 5352 5333 7773 
10800 3926 4621 5119 
10801 5359 3871 7779 
10802 5686 7855 8486 
10803 2842 2841 2843 
10804 4232 4234 5379 
10805 3569 4122 8435 
10806 8545 4699 8557 
10807 1308 3975 3992 
10808 8444 5674 8496 
10809 3592 5314 8423 
10810 3713 3569 8435 
10811 5979 7775 8487 
10812 7917 8432 8494 
10813 1349 1348 1350 
10814 5379 7520 7521 
10815 3782 2736 8503 
10816 7764 3983 8603 
10817 2136 2138 8391 
10818 2761 2762 2764 
10819 2115 2114 2116 
10820 3585 3648 8460 
10821 3589 3592 8423 
10822 8260 5249 8481 
10823 2565 2564 7716 
10824 1123 1125 1126 
10825 4654 3958 8534 
10826 5319 5316 8460 
10827 4122 5366 8435 
10828 3648 3587 8423 
10829 2786 2146 8558 
10830 8322 1168 8477 
10831 2734 8271 8503 
10832 3773 2777 5333 
10833 8475 5315 8544 
10834 2790 4202 8418 
10835 5373 2859 8661 
10836 5382 5967 6044 
10837 4239 4100 4240 
10838 2654 4722 8620 
10839 8442 2295 8512 
10840 2759 2760 2761 
10841 5379 4234 7520 
10842 2688 5312 8492 
10843 1126 1127 2777 
10844 1119 1121 1122 
10845 1127 1128 1129 
10846 2232 2231 8490 
10847 2138 2139 2140 
10848 3527 2907 3993 
10849 4913 8444 8496 
10850 3625 3715 3716 
10851 5367 8649 8668 
10852 2269 2282 8488 
10853 1119 1117 1120 
10854 4686 5291 8493 
10855 1126 1125 1127 
10856 4069 8454 8508 
10857 5015 5014 5747 
10858 3780 4217 8619 
10859 3779 1137 8426 
10860 1129 1130 1131 
10861 3971 2136 8391 
10862 1129 1128 1130 
10863 2757 2758 2759 
10864 6012 8554 8564 
10865 5211 7611 7612 
10866 1137 1139 8426 
10867 1302 1299 7820 
10868 5997 4702 8532 
10869 2871 2869 5391 
10870 8501 8257 8542 
10871 1122 1123 8428 
10872 5371 7908 8635 
10873 7877 7732 8470 
10874 2619 2618 2620 
10875 2149 2726 2757 
10876 6586 6339 8461 
10877 5789 8486 8501 
10878 5221 4680 5437 
10879 4677 3975 6028 
10880 333 629 7973 
10881 1729 1733 8494 
10882 5119 5914 5915 
10883 3685 4461 4904 
10884 5316 3584 8460 
10885 2111 2110 2112 
10886 2148 2147 2149 
10887 2621 2620 2622 
10888 8009 8011 8012 
10889 2623 2622 3769 
10890 2146 2144 2147 
10891 4904 5065 6344 
10892 6371 5195 7657 
10893 5016 4446 5368 
10894 4723 4724 4725 
10895 1327 1326 7761 
10896 8303 5960 8452 
10897 1138 1135 8436 
10898 1144 1141 8458 
10899 2105 2104 2106 
10900 8065 8070 8073 
10901 2163 2702 8485 
10902 4229 2832 4230 
10903 2640 2832 4229 
10904 4725 5722 6225 
10905 8367 2163 8485 
10906 4229 4230 5198 
10907 1333 1336 8535 
10908 2792 2790 8418 
10909 5001 5488 5494 
10910 2139 2137 2785 
10911 1122 1121 1123 
10912 4387 2800 6238 
10913 3952 4739 5369 
10914 4734 4240 4735 
10915 5303 8367 8485 
10916 4904 4461 5065 
10917 2901 2899 2902 
10918 1118 1119 8421 
10919 2142 2140 2143 
10920 5304 8306 8538 
10921 2736 2734 8503 
10922 4723 3539 4724 
10923 7913 8512 8554 
10924 7926 7859 8497 
10925 1303 1302 8528 
10926 8450 6004 8526 
10927 5297 5299 8520 
10928 4598 4599 5110 
10929 7894 7896 8507 
10930 5720 7780 8602 
10931 7903 8488 8543 
10932 2228 2226 8506 
10933 6425 4913 8496 
10934 2761 2765 8468 
10935 2831 2828 2907 
10936 1123 1124 1125 
10937 1113 1111 1114 
10938 1139 1142 8426 
10939 3613 8410 8520 
10940 8575 5321 8599 
10941 1064 3936 3937 
10942 1078 5139 5156 
10943 2827 2825 2828 
10944 6037 8742 8750 
10945 6020 7903 8543 
10946 7820 5234 8600 
10947 6263 5318 8446 
10948 2130 2131 2132 
10949 7732 8429 8470 
10950 1140 4468 8458 
10951 1141 1140 8458 
10952 7750 7748 8677 
10953 5307 7745 8511 
10954 2144 2143 8439 
10955 5278 8358 8502 
10956 8258 4069 8508 
10957 5166 5157 7389 
10958 5368 4446 8483 
10959 2136 2137 2138 
10960 5328 2759 8468 
10961 2966 4051 8702 
10962 2933 2931 5392 
10963 3978 2785 3979 
10964 2132 2133 2134 
10965 1115 1117 1118 
10966 7916 7917 8513 
10967 5790 5789 8542 
10968 5789 8501 8542 
10969 1308 1306 3975 
10970 5329 5322 8575 
10971 5305 8511 8516 
10972 6549 6238 6623 
10973 4465 3954 4650 
10974 6346 5065 8440 
10975 2284 2336 8512 
10976 5291 8481 8493 
10977 4397 8492 8517 
10978 2173 8497 8518 
10979 8486 3505 8501 
10980 6338 6339 6585 
10981 6320 4903 6321 
10982 1119 1122 8421 
10983 5382 4677 5967 
10984 8253 5265 8515 
10985 1112 1113 3955 
10986 6566 6236 6709 
10987 4725 4724 5722 
10988 2313 8507 8546 
10989 7837 5982 8525 
10990 2816 2819 2820 
10991 3992 3975 4677 
10992 3609 8225 8521 
10993 1119 1120 1121 
10994 1123 1126 8428 
10995 6019 6020 8568 
10996 8497 7860 8518 
10997 5790 8542 8548 
10998 1118 1117 1119 
10999 4692 8515 8540 
11000 1387 1386 1388 
11001 1364 2883 7782 
11002 5980 4661 8555 
11003 747 336 7969 
11004 7917 8494 8513 
11005 8410 5297 8520 
11006 3777 3782 8555 
11007 1312 1309 7875 
11008 2310 2313 8527 
11009 1127 1129 8455 
11010 2820 3624 3625 
11011 8528 1302 8600 
11012 2867 2864 8530 
11013 2844 2843 3519 
11014 3606 3609 8521 
11015 2651 5315 8475 
11016 2648 2645 8482 
11017 2133 2131 2755 
11018 2757 5328 8499 
11019 2153 2150 8499 
11020 4735 4240 4926 
11021 2139 2785 3978 
11022 1092 1090 2833 
11023 3803 3802 4099 
11024 8502 4694 8545 
11025 3942 4616 8679 
11026 5180 2792 8418 
11027 7587 4751 7589 
11028 5401 4717 7777 
11029 1326 2821 2822 
11030 1287 1282 8480 
11031 4849 3838 8472 
11032 3978 3979 4697 
11033 3520 3519 3859 
11034 2101 2100 2102 
11035 6014 5997 8540 
11036 2817 2818 3575 
11037 3527 4118 4435 
11038 3838 3452 8472 
11039 2777 1127 8455 
11040 2138 2137 2139 
11041 6003 8576 8597 
11042 2807 3776 8573 
11043 8507 7674 8546 
11044 4226 1644 8480 
11045 2726 2147 8439 
11046 3801 3716 3802 
11047 3452 4112 8472 
11048 3232 3182 5512 
11049 2147 2144 8439 
11050 8483 3714 8552 
11051 2177 2174 8518 
11052 6339 4884 8522 
11053 2649 2647 8475 
11054 2643 4226 8482 
11055 4682 5973 8526 
11056 2875 2873 2876 
11057 3527 3993 4118 
11058 4732 3252 7885 
11059 4100 4099 8523 
11060 1116 2783 2801 
11061 2126 2127 2128 
11062 6019 8568 8578 
11063 2647 2651 8475 
11064 4735 4926 4961 
11065 8258 8508 8533 
11066 4961 6333 6334 
11067 2630 2632 8476 
11068 3717 2649 8475 
11069 4702 6027 8532 
11070 2759 2761 8468 
11071 1109 1111 1112 
11072 2588 5339 8609 
11073 7565 2940 8798 
11074 6321 4903 8644 
11075 4674 8258 8533 
11076 5131 5444 7239 
11077 7604 3971 8391 
11078 2150 2149 8499 
11079 2130 2128 2131 
11080 7645 5950 7675 
11081 1109 1107 1110 
11082 2136 2134 2137 
11083 5441 6459 6460 
11084 8068 8064 8069 
11085 4961 4926 6333 
11086 5314 5331 8514 
11087 8693 6034 8729 
11088 4435 4923 5700 
11089 2805 2803 8510 
11090 8426 8343 8541 
11091 1134 1131 8489 
11092 5330 3613 8520 
11093 1129 1132 8455 
11094 2822 2823 2824 
11095 2812 2814 5356 
11096 7665 5223 8536 
11097 7545 7544 7546 
11098 2645 2643 8482 
11099 1113 1114 1115 
11100 5348 8456 8557 
11101 3945 3944 4644 
11102 7670 7671 8537 
11103 6076 8761 8919 
11104 2831 2907 3527 
11105 5700 6236 6566 
11106 1112 1111 1113 
11107 2845 7757 8449 
11108 1644 1287 8480 
11109 5252 8477 8550 
11110 3252 3714 4130 
11111 2132 2131 2133 
11112 8143 8145 8147 
11113 5299 5715 8566 
11114 8424 5216 8664 
11115 3575 3576 3871 
11116 3539 2653 8505 
11117 6017 8502 8545 
11118 8512 2336 8554 
11119 4653 3955 5344 
11120 2823 2821 5350 
11121 1341 1340 7744 
11122 1115 1116 1117 
11123 1115 1114 1116 
11124 1313 1312 8572 
11125 8306 2670 8538 
11126 2849 3775 8617 
11127 5214 4216 8541 
11128 5380 2881 8712 
11129 2134 2133 8473 
11130 2623 3769 3958 
11131 8816 1180 8834 
11132 3507 3988 8637 
11133 2803 7815 8510 
11134 4668 8431 8519 
11135 5723 4724 8505 
11136 1105 1107 1108 
11137 6021 6019 8578 
11138 4099 3802 4884 
11139 3252 4130 7885 
11140 8477 6015 8550 
11141 4746 3859 4747 
11142 8434 8521 8579 
11143 5327 8321 8580 
11144 4435 4118 4923 
11145 5354 3997 6072 
11146 8699 8297 8726 
11147 5700 4923 6236 
11148 1131 1130 8489 
11149 3716 3715 8522 
11150 2632 2640 8476 
11151 2824 2825 2826 
11152 1103 1101 1104 
11153 2612 2614 2615 
11154 5016 5368 6516 
11155 8257 4520 8542 
11156 5956 5955 7647 
11157 5145 4644 5940 
11158 6016 6017 8545 
11159 6003 6002 8590 
11160 1102 1103 5157 
11161 758 8032 8033 
11162 2623 3958 3959 
11163 4240 4100 8523 
11164 8542 4520 8548 
11165 2826 2827 2829 
11166 6020 8543 8568 
11167 3784 8313 8543 
11168 3916 3917 4598 
11169 4716 4654 5955 
11170 5338 6338 6421 
11171 3952 5369 8654 
11172 3998 4354 5443 
11173 7672 7747 8546 
11174 2097 2096 2098 
11175 4716 5955 5956 
11176 2827 2828 2831 
11177 3640 3020 3641 
11178 8577 5355 8656 
11179 5946 4649 7334 
11180 3959 4654 4716 
11181 3480 2840 3996 
11182 8431 5292 8519 
11183 2149 2757 8499 
11184 1130 2782 8489 
11185 3983 3619 8603 
11186 4216 3779 8541 
11187 3674 3516 3675 
11188 4099 4884 5338 
11189 3978 6030 8509 
11190 5016 6516 6517 
11191 2122 2123 2124 
11192 5333 2777 8455 
11193 5941 5940 7532 
11194 2653 3717 8505 
11195 4520 6239 8548 
11196 5292 5208 8570 
11197 5338 4884 6338 
11198 8246 3983 8584 
11199 8520 5299 8566 
11200 5341 2630 8476 
11201 3959 3958 4654 
11202 3779 8426 8541 
11203 2615 2618 2619 
11204 3252 2829 3714 
11205 4363 2833 6227 
11206 2621 2622 2623 
11207 1418 2543 8790 
11208 2140 2139 8509 
11209 2128 2127 8467 
11210 8739 7696 8767 
11211 2143 2140 8509 
11212 3524 3730 3998 
11213 7707 7706 8817 
11214 2619 2620 2621 
11215 4130 4446 5014 
11216 5813 5438 5814 
11217 2336 8256 8554 
11218 8538 2670 8560 
11219 1106 2800 4387 
11220 1108 1107 1109 
11221 8225 6023 8579 
11222 1109 1110 1111 
11223 4000 4750 4752 
11224 4923 6055 8524 
11225 3955 1113 8479 
11226 8246 8575 8599 
11227 3625 3624 3715 
11228 1326 1316 2821 
11229 4648 3773 8608 
11230 7415 4654 8534 
11231 1340 2834 2835 
11232 6016 8545 8557 
11233 4661 3777 8555 
11234 6015 6567 8550 
11235 5346 8348 8594 
11236 1363 1362 1364 
11237 762 8143 8148 
11238 8515 6014 8540 
11239 4737 5426 6071 
11240 7389 5157 7390 
11241 2667 8401 8580 
11242 7937 6021 8597 
11243 8244 4203 8547 
11244 2640 4229 8476 
11245 1330 1327 7761 
11246 4724 3539 8505 
11247 2595 2594 2598 
11248 2895 2894 3533 
11249 2126 2124 2127 
11250 2822 2821 2823 
11251 2826 2825 2827 
11252 3802 3716 8522 
11253 2116 2117 2118 
11254 4642 5944 8567 
11255 5358 5359 5361 
11256 2118 2119 2120 
11257 2608 2610 5309 
11258 4652 5349 7508 
11259 8579 6023 8593 
11260 2670 5327 8560 
11261 1306 1303 8528 
11262 4130 3714 4446 
11263 7875 6032 8642 
11264 2824 2823 2825 
11265 2838 2836 3787 
11266 3776 2805 8510 
11267 3951 3766 4626 
11268 5315 5317 8544 
11269 2137 2134 8473 
11270 4387 6238 6549 
11271 8572 1312 8642 
11272 1113 1115 8479 
11273 5214 8541 8607 
11274 2092 2094 7724 
11275 8554 8256 8564 
11276 5014 4446 5016 
11277 1099 1097 1100 
11278 5342 5335 8630 
11279 5328 7738 8613 
11280 5344 8479 8605 
11281 3495 3811 4000 
11282 2785 2137 8473 
11283 5141 7262 7403 
11284 5330 8520 8566 
11285 5348 8557 8599 
11286 2131 2128 8467 
11287 8521 8225 8579 
11288 6028 8528 8600 
11289 8256 3743 8564 
11290 2139 3978 8509 
11291 8543 8313 8568 
11292 3977 6022 6036 
11293 8566 5715 8598 
11294 2799 3507 8632 
11295 2619 2621 3789 
11296 2119 2117 2778 
11297 6023 6456 8593 
11298 7718 7699 8569 
11299 6021 8578 8597 
11300 6028 3975 8528 
11301 1099 1101 1102 
11302 4099 5338 8523 
11303 6027 8627 8632 
11304 7749 8641 8677 
11305 1103 1104 1105 
11306 3668 2876 3669 
11307 2953 2951 2954 
11308 1095 1093 1096 
11309 5421 4732 7885 
11310 5412 6360 6361 
11311 5321 5348 8599 
11312 8557 4699 8599 
11313 2820 2819 3624 
11314 3624 2819 4334 
11315 7787 8480 8651 
11316 3937 5192 8591 
11317 7505 4233 8941 
11318 5234 7814 8577 
11319 7787 8651 8658 
11320 2087 2086 2088 
11321 6087 4747 8592 
11322 2599 2598 2600 
11323 5725 5723 8626 
11324 4203 5211 8547 
11325 8456 6016 8557 
11326 8313 4695 8568 
11327 122 8000 8003 
11328 7542 7544 7545 
11329 8568 4695 8578 
11330 1095 1097 1098 
11331 4652 3960 5349 
11332 5211 7612 8547 
11333 8479 1118 8605 
11334 6289 4856 6290 
11335 1105 1104 1106 
11336 2836 2834 8559 
11337 1105 1106 1107 
11338 1102 1101 1103 
11339 6027 5346 8627 
11340 4926 4240 8523 
11341 2091 2090 2092 
11342 2755 2131 8467 
11343 2122 2120 2123 
11344 5361 5423 5751 
11345 2891 2890 2894 
11346 2847 2845 8449 
11347 1082 1080 5019 
11348 2146 2148 8558 
11349 2601 2600 2602 
11350 5208 7676 8570 
11351 5332 5330 8566 
11352 5157 1103 8504 
11353 2800 1104 8551 
11354 2157 2154 8618 
11355 1373 1372 1374 
11356 1357 1360 8609 
11357 2177 8518 8594 
11358 3975 1306 8528 
11359 5285 8601 8635 
11360 8711 4711 8715 
11361 155 624 8616 
11362 8455 1132 8583 
11363 6236 4923 8524 
11364 5333 8455 8583 
11365 1351 1350 7727 
11366 2835 2836 2837 
11367 2112 2113 2114 
11368 5322 5321 8575 
11369 1115 1118 8479 
11370 1374 3964 7688 
11371 2603 2602 3766 
11372 3480 3997 5353 
11373 8514 6295 8574 
11374 8601 6030 8635 
11375 7879 7937 8576 
11376 2947 3523 3524 
11377 8458 4468 8602 
11378 8006 8009 8616 
11379 1098 1097 1099 
11380 6729 5751 6730 
11381 2812 2778 2813 
11382 2816 2817 2819 
11383 631 8028 8029 
11384 5231 8576 8590 
11385 3943 4744 5386 
11386 8321 2667 8580 
11387 2814 2813 2815 
11388 128 762 8148 
11389 4695 8334 8578 
11390 6034 8693 8739 
11391 5354 6072 6073 
11392 2816 2815 2817 
11393 3922 7573 8633 
11394 2814 2815 2816 
11395 5285 8439 8601 
11396 5344 3955 8479 
11397 6024 6026 8658 
11398 2106 2107 2108 
11399 2116 2114 2117 
11400 3575 3871 5357 
11401 5944 5943 7473 
11402 2118 2117 2119 
11403 2143 8509 8601 
11404 8026 751 8035 
11405 2082 2084 7697 
11406 1335 1334 8610 
11407 1132 8394 8583 
11408 8233 8630 8678 
11409 8541 8343 8607 
11410 8518 7860 8594 
11411 2278 7793 8668 
11412 4637 5163 5933 
11413 4037 3578 4038 
11414 1099 1100 1101 
11415 8559 8610 8748 
11416 5357 3871 5358 
11417 4884 3802 8522 
11418 1340 1338 2834 
11419 2835 2834 2836 
11420 2943 2944 2947 
11421 1046 8671 8745 
11422 1103 1105 8504 
11423 2809 2807 8573 
11424 5346 8594 8627 
11425 1089 1087 1090 
11426 5156 5139 7324 
11427 3480 3996 3997 
11428 5329 8575 8584 
11429 2108 2109 2110 
11430 5353 5354 5640 
11431 2828 2825 8565 
11432 1101 1100 8551 
11433 2099 8663 8752 
11434 2812 2813 2814 
11435 5777 8579 8593 
11436 2962 2960 5415 
11437 7819 4689 8699 
11438 3538 4441 4767 
11439 1088 1089 3944 
11440 2866 2867 3649 
11441 5340 8473 8582 
11442 2119 2778 2812 
11443 5997 8532 8655 
11444 5357 5358 5360 
11445 2839 2840 2841 
11446 1091 1093 1094 
11447 7780 8458 8602 
11448 2081 2080 2082 
11449 6031 8660 8669 
11450 5747 5014 8539 
11451 7369 9048 9069 
11452 2837 2838 2839 
11453 4650 5363 7556 
11454 8576 6003 8590 
11455 1095 1096 1097 
11456 8662 5288 8698 
11457 5332 8566 8598 
11458 5020 5019 6287 
11459 3787 2836 8559 
11460 8575 8246 8584 
11461 8509 6030 8601 
11462 6002 7741 8595 
11463 5214 7843 8649 
11464 8657 7636 8748 
11465 2909 2910 2943 
11466 5353 3997 5354 
11467 5777 8434 8579 
11468 1092 2833 4363 
11469 2871 5391 8673 
11470 2969 2971 5146 
11471 2133 2755 8582 
11472 2816 2820 8561 
11473 2829 2827 8552 
11474 7734 1291 8687 
11475 5403 4085 5404 
11476 4085 3522 7695 
11477 2077 2076 2078 
11478 2153 8499 8613 
11479 1344 1341 7744 
11480 3714 2829 8552 
11481 7773 5333 8583 
11482 8578 8334 8597 
11483 8583 8394 8619 
11484 8334 6003 8597 
11485 2111 8652 8696 
11486 2114 2113 8529 
11487 1355 1354 8628 
11488 1094 1093 1095 
11489 8348 2177 8594 
11490 8865 7741 8866 
11491 8460 3648 8574 
11492 6518 5777 8593 
11493 4699 8246 8599 
11494 8009 8013 8616 
11495 5016 6517 8539 
11496 1350 3969 3970 
11497 4705 8540 8655 
11498 5356 2814 8561 
11499 8473 2133 8582 
11500 6031 7720 8660 
11501 1054 5133 5141 
11502 4190 5104 5121 
11503 2841 2840 3480 
11504 8574 6295 8643 
11505 5361 5751 6729 
11506 8580 8401 8660 
11507 3775 2847 8449 
11508 2109 2107 2784 
11509 2823 5350 8565 
11510 8632 3507 8637 
11511 2827 2831 8552 
11512 1331 1330 8657 
11513 8785 7703 8792 
11514 3619 3849 8603 
11515 5014 5016 8539 
11516 1105 1108 8504 
11517 7390 5157 8504 
11518 8762 3789 8791 
11519 8649 7843 8668 
11520 3970 4679 4680 
11521 1316 1313 8572 
11522 3648 8514 8574 
11523 2839 2838 2840 
11524 6407 5332 8598 
11525 2112 2110 2113 
11526 2863 2865 2909 
11527 5319 8460 8574 
11528 7819 8711 8715 
11529 3998 3730 4354 
11530 8788 2754 8799 
11531 1104 1101 8551 
11532 2581 2578 7637 
11533 4710 7935 8747 
11534 1085 1083 1086 
11535 8499 5328 8613 
11536 4468 5758 8602 
11537 2102 2103 2104 
11538 2837 2836 2838 
11539 3519 2843 4023 
11540 5933 5935 7397 
11541 1085 1087 1088 
11542 2157 8618 8690 
11543 5350 8572 8642 
11544 1280 1291 8651 
11545 7532 5940 7539 
11546 4679 3969 6034 
11547 2610 2612 8556 
11548 7773 8583 8619 
11549 3534 3533 3833 
11550 7751 5198 8725 
11551 3977 2784 4737 
11552 4227 5214 8649 
11553 5367 4667 8649 
11554 5960 4648 8608 
11555 1040 2945 3922 
11556 751 141 8035 
11557 2106 2104 2107 
11558 3847 3639 3848 
11559 8343 5347 8607 
11560 4650 3954 5363 
11561 3960 2809 8573 
11562 4403 5046 5441 
11563 5350 2821 8572 
11564 8523 5338 8615 
11565 5319 8574 8643 
11566 2880 3466 8275 
11567 6357 6190 6616 
11568 1030 3925 3926 
11569 4926 8523 8615 
11570 5355 2654 8620 
11571 5938 4641 7276 
11572 8439 2143 8601 
11573 8628 7640 8774 
11574 3489 3774 8648 
11575 7687 5191 8652 
11576 2825 2823 8565 
11577 8498 5200 8760 
11578 5437 5965 6083 
11579 8603 3849 8614 
11580 8692 3722 8756 
11581 1302 7820 8600 
11582 1089 1090 1091 
11583 1088 1087 1089 
11584 5407 5408 8864 
11585 7468 7467 7469 
11586 2108 2107 2109 
11587 1345 1344 8647 
11588 6189 5779 6190 
11589 2117 2114 8529 
11590 8725 5379 8763 
11591 2612 2615 8556 
11592 4644 3944 5372 
11593 4775 2972 5446 
11594 4747 4856 5623 
11595 4229 5198 8641 
11596 8009 8012 8013 
11597 4617 5149 7453 
11598 2869 2092 7724 
11599 8532 5377 8655 
11600 1091 1090 1092 
11601 624 8006 8616 
11602 7735 8703 8723 
11603 7901 6031 8669 
11604 1091 1092 1093 
11605 7556 5363 7558 
11606 2071 2070 2072 
11607 3524 3523 3730 
11608 8290 1253 8672 
11609 1253 1251 8672 
11610 2592 2594 2595 
11611 2603 3766 3951 
11612 8884 1218 8922 
11613 8480 1282 8651 
11614 2154 2153 8618 
11615 6000 5375 8690 
11616 8594 7860 8627 
11617 3480 5353 8604 
11618 3849 8445 8614 
11619 4334 2819 8562 
11620 1078 1079 5139 
11621 5317 6262 8659 
11622 2572 5362 8667 
11623 2833 1090 8588 
11624 7739 7740 8752 
11625 5947 5946 7593 
11626 1079 1077 1080 
11627 4747 3859 4856 
11628 2814 2816 8561 
11629 3527 4435 8634 
11630 2623 3959 8581 
11631 2778 2117 8529 
11632 2817 3575 8562 
11633 2812 5356 8589 
11634 2603 3951 3952 
11635 6295 6296 8643 
11636 3638 2893 3639 
11637 5378 2855 8648 
11638 4354 3730 4903 
11639 3977 4737 6022 
11640 8394 3780 8619 
11641 3937 3936 4635 
11642 8864 5408 8866 
11643 1118 8421 8605 
11644 2579 2578 2581 
11645 4739 4649 5946 
11646 1365 1364 7782 
11647 4739 5946 5947 
11648 5173 7506 7507 
11649 2109 2784 3977 
11650 3952 4649 4739 
11651 2123 2120 8589 
11652 3011 4481 4622 
11653 3649 3650 3874 
11654 1398 3999 7614 
11655 7720 8580 8660 
11656 6030 4697 8653 
11657 2819 2817 8562 
11658 7860 4696 8627 
11659 6617 6190 8756 
11660 2821 1316 8572 
11661 2937 2935 2938 
11662 2851 2849 8617 
11663 7901 8669 8678 
11664 8627 4696 8632 
11665 5404 4085 7695 
11666 3996 2840 8596 
11667 8505 3717 8626 
11668 8590 6002 8595 
11669 4740 5351 6080 
11670 5136 4635 5929 
11671 1081 1083 1084 
11672 5657 6320 6731 
11673 1350 1348 3969 
11674 5334 7901 8678 
11675 4328 5005 8695 
11676 2595 2598 2599 
11677 2098 2099 2100 
11678 2153 8613 8618 
11679 2621 2623 8581 
11680 3952 3951 4649 
11681 8914 6080 8996 
11682 3942 3763 4616 
11683 6333 4926 8615 
11684 1445 1444 1446 
11685 5375 5376 8716 
11686 8802 6049 8829 
11687 7744 5224 8729 
11688 5309 2610 8556 
11689 4677 6028 8656 
11690 2120 2119 8589 
11691 4354 4903 5657 
11692 3466 3771 8275 
11693 2601 2602 2603 
11694 2599 2600 2601 
11695 8659 6262 8683 
11696 4660 8370 8665 
11697 7749 5341 8641 
11698 4425 6505 8553 
11699 5657 4903 6320 
11700 1068 1066 2868 
11701 5930 5929 7454 
11702 3789 2621 8581 
11703 2104 2103 8549 
11704 5723 8505 8626 
11705 2892 2889 2893 
11706 3520 4746 8777 
11707 8758 8407 8796 
11708 1085 1086 1087 
11709 4201 4200 5172 
11710 3928 4608 8812 
11711 1087 1086 8588 
11712 8143 8147 8148 
11713 4641 3942 8679 
11714 5338 6421 8615 
11715 8620 4722 8640 
11716 5335 5334 8630 
11717 3943 5386 8743 
11718 2947 2944 3523 
11719 4705 8655 8694 
11720 5437 4680 5965 
11721 3555 3885 5439 
11722 7334 4649 8611 
11723 8483 8552 8634 
11724 4696 2799 8632 
11725 5371 8635 8653 
11726 3944 1089 8563 
11727 1084 1083 1085 
11728 2838 3787 8596 
11729 3970 3969 4679 
11730 138 631 8029 
11731 5725 8626 8659 
11732 5623 4856 6289 
11733 8825 1289 8828 
11734 5349 3960 8573 
11735 1075 1073 1076 
11736 4791 4790 5680 
11737 3874 3875 4531 
11738 1381 1384 8667 
11739 1354 1351 7727 
11740 5779 8692 8756 
11741 2588 2590 5339 
11742 6588 4426 6589 
11743 6039 5364 8715 
11744 2943 2910 2944 
11745 3575 5357 8562 
11746 3523 2944 4116 
11747 7908 5285 8635 
11748 8647 1344 8729 
11749 2102 2100 2103 
11750 7324 5139 7325 
11751 3907 4602 4603 
11752 2843 2841 8604 
11753 2888 2886 2889 
11754 8869 8319 8901 
11755 2092 2093 2094 
11756 4531 4748 5063 
11757 1291 1275 8687 
11758 2094 2095 2096 
11759 5376 8699 8726 
11760 5681 5680 5770 
11761 5173 5172 7503 
11762 7452 3008 8994 
11763 3717 8544 8626 
11764 2582 2581 2583 
11765 8461 3715 8646 
11766 3951 4626 8611 
11767 1075 1077 1078 
11768 8716 5376 8726 
11769 6290 4856 8621 
11770 1089 1091 8563 
11771 5020 6287 6579 
11772 1338 1335 8610 
11773 8552 2831 8634 
11774 3687 4403 8759 
11775 8559 2834 8610 
11776 2107 2104 8549 
11777 2119 2812 8589 
11778 1082 5019 5020 
11779 2841 3480 8604 
11780 2944 2910 8624 
11781 4645 2880 8275 
11782 5367 7858 8705 
11783 2584 2583 2585 
11784 3715 3624 8646 
11785 5778 4444 5779 
11786 2909 2865 2910 
11787 1364 2882 2883 
11788 2599 2601 3804 
11789 6028 8577 8656 
11790 1397 1396 1398 
11791 1271 1277 8703 
11792 4198 2082 7697 
11793 2855 3489 8648 
11794 1079 1080 1081 
11795 5448 8813 8956 
11796 2095 2093 2802 
11797 1388 2915 7659 
11798 7577 2939 7579 
11799 3977 6036 8622 
11800 1078 1077 1079 
11801 3933 5178 5475 
11802 2884 2882 5387 
11803 8945 5228 8946 
11804 2831 3527 8634 
11805 5376 4712 8711 
11806 1408 2983 7704 
11807 5381 8662 8698 
11808 2072 2074 7685 
11809 1090 1087 8588 
11810 3974 6029 6054 
11811 2905 2868 4425 
11812 3847 3848 4505 
11813 1081 1080 1082 
11814 7465 7467 7468 
11815 8326 7612 8732 
11816 2959 3554 3555 
11817 1274 1276 8741 
11818 1071 1069 1072 
11819 8733 7758 8744 
11820 1422 2998 7642 
11821 4711 3990 8730 
11822 1081 1082 1083 
11823 6027 8632 8637 
11824 2840 2838 8596 
11825 4747 5623 8592 
11826 5310 5367 8705 
11827 3228 3230 5538 
11828 3638 3847 4286 
11829 2586 2585 3763 
11830 7831 5293 8719 
11831 1153 1156 8727 
11832 2067 2066 2068 
11833 1071 1073 1074 
11834 1058 1056 4411 
11835 2933 5392 8755 
11836 1282 1280 8651 
11837 2098 2096 2099 
11838 7812 1277 8771 
11839 7488 7778 8744 
11840 8618 6000 8690 
11841 2113 2110 8622 
11842 4667 4227 8649 
11843 3954 2851 8617 
11844 2784 2107 8549 
11845 8446 5319 8643 
11846 3638 3639 3847 
11847 4023 2843 8604 
11848 1358 1355 8628 
11849 3774 4200 4201 
11850 2927 2926 3574 
11851 7611 7613 8732 
11852 8532 6027 8637 
11853 5187 7559 8853 
11854 2061 2060 2062 
11855 7822 5384 8758 
11856 3080 3013 5450 
11857 5063 5438 5813 
11858 8345 5251 8737 
11859 4109 2938 5147 
11860 1312 7875 8642 
11861 2861 2802 2862 
11862 1091 1094 8563 
11863 1375 1374 7688 
11864 2979 2977 2980 
11865 2834 1338 8610 
11866 2110 2109 8622 
11867 8655 5377 8694 
11868 8690 5375 8716 
11869 5139 1079 8586 
11870 3774 4201 8648 
11871 2866 3649 3676 
11872 2863 2862 2864 
11873 5945 4691 6060 
11874 7390 8504 8664 
11875 1074 1073 1075 
11876 2883 2884 2885 
11877 8610 1334 8748 
11878 2900 2903 2959 
11879 6189 6190 6357 
11880 2865 2864 2866 
11881 5431 3882 5432 
11882 2892 3638 8639 
11883 8635 6030 8653 
11884 7832 8727 8737 
11885 5293 8373 8719 
11886 3624 4334 8646 
11887 6041 8746 8753 
11888 1075 1076 1077 
11889 8634 4435 8685 
11890 2892 2893 3638 
11891 7812 8771 8781 
11892 8449 7708 8684 
11893 3882 3580 7632 
11894 5372 3944 8563 
11895 7922 4705 8694 
11896 4642 4691 5943 
11897 5173 7503 7506 
11898 5940 4644 8623 
11899 5126 7192 7307 
11900 6101 5770 6519 
11901 8663 8365 8752 
11902 6037 6038 8742 
11903 3859 3519 8621 
11904 2863 2864 2865 
11905 3097 3088 5461 
11906 8660 5264 8669 
11907 4707 4708 8746 
11908 5198 4230 8725 
11909 3669 4235 4642 
11910 6026 7787 8658 
11911 5019 1080 8629 
11912 8626 8544 8659 
11913 4649 3951 8611 
11914 4201 5172 5173 
11915 5954 7505 8682 
11916 4232 5379 8725 
11917 7922 8694 8698 
11918 2088 2089 2090 
11919 8741 1657 8763 
11920 5341 8476 8641 
11921 2092 2090 2093 
11922 2923 2922 2926 
11923 2094 2093 2095 
11924 8504 1108 8664 
11925 1334 1331 8657 
11926 4104 2941 7577 
11927 2084 2085 2086 
11928 1359 1358 8691 
11929 3926 5177 8689 
11930 8534 4638 8681 
11931 5344 7758 8733 
11932 8476 4229 8641 
11933 4630 3938 5942 
11934 5391 2869 7724 
11935 2861 2862 2863 
11936 4435 5700 8685 
11937 5418 5419 8909 
11938 2885 2886 2887 
11939 8693 5393 8739 
11940 1077 1076 8629 
11941 5967 4677 8656 
11942 1067 1069 1070 
11943 1079 1081 8586 
11944 5810 5288 8662 
11945 5356 7682 8720 
11946 5288 7922 8698 
11947 4714 8565 8709 
11948 1064 1065 3936 
11949 2095 2802 2861 
11950 5264 4704 8669 
11951 2109 3977 8622 
11952 3985 6041 8750 
11953 8540 5997 8655 
11954 5963 4660 8665 
11955 2057 2056 2058 
11956 1108 8424 8664 
11957 7748 7749 8677 
11958 8401 5264 8660 
11959 3519 4023 8621 
11960 3044 3045 3046 
11961 1065 1063 1066 
11962 5203 5205 8753 
11963 4519 4411 6485 
11964 2887 2888 2890 
11965 7843 2278 8668 
11966 2888 2889 2892 
11967 7539 5940 8623 
11968 2883 2882 2884 
11969 5141 5133 7262 
11970 1364 1362 2882 
11971 8909 5419 8913 
11972 5363 3954 8617 
11973 2905 4426 6279 
11974 1071 1072 1073 
11975 2085 2083 2858 
11976 1426 7642 8706 
11977 2082 2083 2084 
11978 8669 4704 8678 
11979 4856 3859 8621 
11980 5778 5779 6189 
11981 7664 5954 8682 
11982 2896 2898 6070 
11983 2901 2902 3521 
11984 1251 1732 8672 
11985 3874 4531 4948 
11986 4116 2944 8624 
11987 5725 8659 8683 
11988 1070 1069 1071 
11989 5398 7703 8800 
11990 4704 8233 8678 
11991 6588 6589 6590 
11992 1374 3963 3964 
11993 2894 2890 3722 
11994 7612 7611 8732 
11995 4644 5372 8623 
11996 2127 2124 8731 
11997 4514 5435 6580 
11998 6034 8647 8729 
11999 1348 1345 8647 
12000 8640 6050 8848 
12001 6589 4426 8553 
12002 5191 8269 8826 
12003 2885 2884 2886 
12004 3669 2876 4235 
12005 2887 2886 2888 
12006 1368 1365 7782 
12007 7675 5950 8733 
12008 8877 3804 8915 
12009 3964 4687 6092 
12010 8000 8002 8003 
12011 1054 5141 8636 
12012 8483 8634 8685 
12013 2113 8622 8701 
12014 1061 1059 1062 
12015 2968 2966 8702 
12016 8685 5700 8722 
12017 5326 8701 8747 
12018 8297 8485 8726 
12019 4762 3574 4763 
12020 7925 8883 8884 
12021 4653 5344 8733 
12022 4749 5380 6089 
12023 8544 5317 8659 
12024 3002 3000 7359 
12025 6034 3969 8647 
12026 7454 5929 7462 
12027 4426 4425 8553 
12028 4687 3963 6049 
12029 2090 2089 8612 
12030 8742 5251 8750 
12031 1412 7451 9022 
12032 3974 2858 4740 
12033 5384 3984 8758 
12034 2931 2072 7685 
12035 7325 5139 8586 
12036 1061 1063 1064 
12037 9003 6089 9079 
12038 1224 7898 8923 
12039 5432 3882 7632 
12040 2905 4425 4426 
12041 8617 3775 8713 
12042 2590 2592 8631 
12043 6279 4426 6588 
12044 1081 1084 8586 
12045 8809 1264 8833 
12046 1080 1077 8629 
12047 8701 6036 8747 
12048 3521 3522 4085 
12049 4681 3663 8905 
12050 5326 8529 8701 
12051 2088 2086 2089 
12052 5224 7746 8693 
12053 6054 6029 7533 
12054 4903 3730 8644 
12055 5943 4691 5945 
12056 4772 3966 4773 
12057 4642 4235 4691 
12058 6515 5725 8683 
12059 5110 5459 7167 
12060 2098 2101 8766 
12061 5063 5813 6701 
12062 5170 7565 8710 
12063 1275 1273 8687 
12064 3929 4760 5429 
12065 3623 3750 4003 
12066 8622 6036 8701 
12067 5413 5411 5414 
12068 3775 8449 8684 
12069 7898 6053 8925 
12070 2861 8365 8663 
12071 5503 5687 6150 
12072 4689 8297 8699 
12073 3494 2925 3495 
12074 8923 7898 8925 
12075 8642 6032 8709 
12076 1044 1042 2912 
12077 2078 2079 2080 
12078 7806 7807 8781 
12079 7722 8556 8762 
12080 2592 2595 8631 
12081 4899 5721 5811 
12082 2576 2578 2579 
12083 2586 3763 3942 
12084 4715 2332 8778 
12085 5382 6044 8764 
12086 3833 4444 4790 
12087 2966 2964 2967 
12088 1068 2868 2905 
12089 3878 4928 4929 
12090 3638 4286 8639 
12091 5939 5938 7529 
12092 5397 7709 8811 
12093 3730 3523 8644 
12094 4611 3923 4612 
12095 1267 5289 8771 
12096 7840 7846 8792 
12097 4003 4388 5460 
12098 5377 5370 8694 
12099 7819 8699 8711 
12100 4635 3936 5390 
12101 5475 5476 5731 
12102 4744 4641 5938 
12103 5160 5937 7435 
12104 7713 7712 8791 
12105 1065 1066 1067 
12106 8925 6053 8926 
12107 1064 1063 1065 
12108 1369 1368 8738 
12109 8389 2157 8690 
12110 3663 4328 8695 
12111 7751 8725 8763 
12112 5700 6566 8722 
12113 1277 1269 8771 
12114 1407 1406 1408 
12115 4712 4711 8711 
12116 8694 5370 8698 
12117 3555 3554 3885 
12118 6361 6360 6362 
12119 4697 3979 8761 
12120 2085 2858 3974 
12121 1055 1053 1056 
12122 2873 2871 8673 
12123 2093 2090 8612 
12124 4744 5938 5939 
12125 3523 4116 8644 
12126 3969 1348 8647 
12127 1498 7365 8838 
12128 3833 3533 4444 
12129 2586 3942 3943 
12130 5131 4612 5444 
12131 1067 1068 1069 
12132 2603 3952 8654 
12133 2082 2080 2083 
12134 3943 4641 4744 
12135 2084 2083 2085 
12136 1067 1066 1068 
12137 5826 5827 5828 
12138 5370 5381 8698 
12139 1054 1055 5133 
12140 2802 2093 8612 
12141 3974 4740 6029 
12142 4714 8709 8764 
12143 3943 3942 4641 
12144 7276 4641 8679 
12145 3805 8926 8928 
12146 8691 1358 8774 
12147 3408 3754 3758 
12148 2074 2075 2076 
12149 2579 2581 2582 
12150 3775 8684 8713 
12151 5290 8407 8758 
12152 5403 5404 6224 
12153 1057 1059 1060 
12154 2099 2096 8663 
12155 1020 5115 5126 
12156 8687 1273 8703 
12157 2123 8589 8720 
12158 2910 2865 8650 
12159 2572 2574 5362 
12160 5368 8483 8685 
12161 2582 2583 2584 
12162 7636 5427 8852 
12163 2127 8731 8822 
12164 8624 2910 8650 
12165 7706 5199 8853 
12166 5339 2590 8631 
12167 1374 1372 3963 
12168 1273 1271 8703 
12169 2895 3534 8858 
12170 3993 2907 8779 
12171 2601 2603 8654 
12172 2051 2050 2052 
12173 7809 7804 8799 
12174 3699 8929 8931 
12175 8695 5005 8892 
12176 7521 7655 8749 
12177 2584 2585 2586 
12178 1034 1032 2956 
12179 1060 1059 1061 
12180 7583 5310 8705 
12181 1051 1049 1052 
12182 4790 4444 5778 
12183 3922 2945 3923 
12184 2865 2866 8650 
12185 2075 2073 2859 
12186 2552 2549 7564 
12187 4357 3675 6126 
12188 5957 4198 7697 
12189 8699 5376 8711 
12190 2096 2095 8663 
12191 5364 7819 8715 
12192 3804 2601 8654 
12193 2866 3676 8650 
12194 2047 2046 2048 
12195 2959 2903 3554 
12196 5368 8685 8722 
12197 7722 8762 8791 
12198 3964 3963 4687 
12199 4715 8785 8792 
12200 7806 8788 8799 
12201 8591 5192 8879 
12202 1061 1062 1063 
12203 7521 8741 8763 
12204 8589 5356 8720 
12205 6042 6043 8873 
12206 6092 4687 6093 
12207 5409 5212 8865 
12208 6057 6058 8940 
12209 2072 2073 2074 
12210 5350 8642 8709 
12211 8389 8690 8716 
12212 6039 8715 8730 
12213 1389 1388 7659 
12214 7889 5187 8853 
12215 5477 2993 7571 
12216 7703 3989 8800 
12217 8373 1152 8719 
12218 4413 4052 4628 
12219 4051 2967 4052 
12220 8715 4711 8730 
12221 5005 6242 8916 
12222 2619 3789 8762 
12223 1490 2478 9126 
12224 2702 8389 8716 
12225 8529 2113 8701 
12226 6058 6503 8721 
12227 8709 6032 8764 
12228 7822 8758 8796 
12229 2080 2079 8638 
12230 3972 6033 6078 
12231 3495 4000 4001 
12232 6040 6039 8772 
12233 7782 5220 8829 
12234 2702 8716 8726 
12235 2946 2912 4453 
12236 4858 4453 5799 
12237 2889 2886 8680 
12238 8719 1152 8727 
12239 7262 5133 7263 
12240 2052 2054 8491 
12241 2924 2921 2925 
12242 5363 8617 8713 
12243 4519 6487 6488 
12244 1286 8819 8836 
12245 7736 7735 8723 
12246 3936 1065 8645 
12247 3554 2903 4102 
12248 1388 2914 2915 
12249 2434 2435 2436 
12250 1152 1153 8727 
12251 1378 1375 7688 
12252 4680 4679 8767 
12253 3012 3622 3623 
12254 1058 4411 4519 
12255 2868 1066 8675 
12256 2078 2076 2079 
12257 4230 4232 8725 
12258 7796 7797 8819 
12259 3650 2867 8851 
12260 5427 5420 8881 
12261 1177 1180 8816 
12262 8565 5350 8709 
12263 1051 1053 1054 
12264 8738 1368 8829 
12265 2876 2873 8673 
12266 8556 2615 8762 
12267 2884 5387 8680 
12268 1063 1062 8675 
12269 8485 2702 8726 
12270 2962 5415 8841 
12271 2582 2584 3810 
12272 5927 4632 7199 
12273 6516 5368 8722 
12274 4519 6485 6487 
12275 3990 4416 8730 
12276 2991 2990 2992 
12277 2068 2069 2070 
12278 7709 8357 8811 
12279 7558 5363 8713 
12280 2095 2861 8663 
12281 2124 2123 8731 
12282 2952 2955 3012 
12283 5173 7507 8735 
12284 1054 1053 1055 
12285 2892 8639 8674 
12286 6018 5400 8822 
12287 1657 7751 8763 
12288 6064 6065 8828 
12289 7239 5444 7240 
12290 1362 1359 8691 
12291 1065 1067 8645 
12292 5950 4653 8733 
12293 2920 2918 2921 
12294 2924 3494 5410 
12295 5387 2882 8691 
12296 5383 7703 8785 
12297 3538 4767 8724 
12298 3019 3017 3020 
12299 7796 8825 8828 
12300 2890 2888 8674 
12301 1421 1420 1422 
12302 1415 1418 8790 
12303 4636 2566 7588 
12304 1156 8345 8737 
12305 2543 5395 8790 
12306 3676 3649 8676 
12307 1057 1056 1058 
12308 4185 5095 5105 
12309 2896 2859 2897 
12310 1057 1058 1059 
12311 6110 9168 9182 
12312 1055 1056 1057 
12313 3974 6054 8686 
12314 6465 6509 6535 
12315 5779 4444 8692 
12316 1047 1045 1048 
12317 8684 7708 8817 
12318 3722 2890 8674 
12319 1050 1051 8636 
12320 2100 2099 8793 
12321 2898 2897 2899 
12322 3649 3874 8676 
12323 6041 5384 8751 
12324 2900 2899 2901 
12325 2900 2901 2903 
12326 3533 2894 8692 
12327 8892 5005 8916 
12328 8832 1294 8862 
12329 2888 2892 8674 
12330 4629 4628 6300 
12331 2123 8720 8731 
12332 5064 5874 5875 
12333 2083 2080 8638 
12334 5077 4764 5424 
12335 2898 2899 2900 
12336 6036 6022 8768 
12337 1276 1657 8741 
12338 2550 2549 2552 
12339 4906 2956 5761 
12340 1344 7744 8729 
12341 5413 5414 5844 
12342 2072 2070 2073 
12343 1399 1398 7614 
12344 6488 6487 6489 
12345 1278 1286 8833 
12346 2086 2085 8686 
12347 2074 2073 2075 
12348 7928 8816 8834 
12349 8737 5251 8742 
12350 3926 3925 4621 
12351 7800 7802 8836 
12352 2886 2884 8680 
12353 5400 5401 8840 
12354 5119 4621 5914 
12355 8405 2754 8788 
12356 2037 2036 2038 
12357 2953 2954 3579 
12358 5147 5148 5936 
12359 2075 2859 2896 
12360 2089 2086 8686 
12361 2915 2916 2917 
12362 2858 2083 8638 
12363 1047 1049 1050 
12364 6038 7832 8742 
12365 5915 5914 7362 
12366 1051 1052 1053 
12367 3521 4085 5402 
12368 7758 7488 8744 
12369 1046 1047 8670 
12370 3928 3757 4608 
12371 5410 5411 5412 
12372 5402 4085 5403 
12373 7325 8586 8760 
12374 2041 2040 2042 
12375 8750 6041 8753 
12376 3874 4948 8676 
12377 6506 5659 6507 
12378 4710 8747 8768 
12379 5387 8691 8774 
12380 4708 5203 8746 
12381 5420 5421 8920 
12382 2896 2897 2898 
12383 4932 4355 7495 
12384 1067 1070 8645 
12385 1274 8741 8749 
12386 3068 3066 5184 
12387 7935 5326 8747 
12388 4728 3995 8844 
12389 8778 4698 8796 
12390 1066 1063 8675 
12391 2561 2563 4646 
12392 1262 1264 8809 
12393 4632 3928 8812 
12394 5392 2931 7685 
12395 2924 2925 3494 
12396 1050 1049 1051 
12397 5402 5403 5708 
12398 1072 1069 8697 
12399 5133 1055 8666 
12400 1043 1045 1046 
12401 4235 2876 8673 
12402 4531 5063 8688 
12403 6039 8730 8772 
12404 5251 3985 8750 
12405 3776 7684 8807 
12406 2948 2950 6084 
12407 2916 2914 5416 
12408 3929 5429 8902 
12409 4707 8746 8751 
12410 2894 3722 8692 
12411 2900 2959 8704 
12412 5410 3494 5411 
12413 8852 5427 8881 
12414 7533 8851 8898 
12415 2993 2992 3660 
12416 5929 4635 8700 
12417 2917 2918 2919 
12418 1012 8795 8908 
12419 1051 1054 8636 
12420 8896 4961 8972 
12421 1383 1382 8776 
12422 8820 5343 8873 
12423 4948 4531 8688 
12424 2882 1362 8691 
12425 8920 5421 8932 
12426 2062 2063 2064 
12427 2070 2069 8661 
12428 6070 2898 8704 
12429 5390 3936 8645 
12430 2064 2065 2066 
12431 8764 6044 8779 
12432 6055 8897 8907 
12433 5205 6037 8753 
12434 5412 5413 6360 
12435 8586 1084 8760 
12436 1041 1039 1042 
12437 8983 3810 9009 
12438 5063 6701 8688 
12439 6022 4737 8813 
12440 1053 1052 8708 
12441 2919 2920 2922 
12442 8730 4416 8772 
12443 5378 8648 8735 
12444 3006 3004 3009 
12445 3579 3580 3882 
12446 4411 1056 8708 
12447 2085 3974 8686 
12448 2068 2066 2069 
12449 8840 5401 8854 
12450 4444 3533 8692 
12451 5147 2938 5148 
12452 1069 1068 8697 
12453 2553 2552 2554 
12454 1006 2999 3916 
12455 2905 6279 8697 
12456 5460 4388 5472 
12457 4738 8245 8961 
12458 8302 5407 8861 
12459 1046 1045 1047 
12460 3984 5290 8758 
12461 4725 6225 8918 
12462 7462 5929 8700 
12463 5108 7113 7228 
12464 3677 8770 8860 
12465 5412 5411 5413 
12466 4679 8739 8767 
12467 6042 8888 8900 
12468 1024 1022 2958 
12469 8573 3776 8807 
12470 2058 2059 2060 
12471 3906 4583 5079 
12472 3979 6056 8761 
12473 1055 1057 8666 
12474 2065 2063 2881 
12475 3972 2881 4749 
12476 2960 2052 8491 
12477 3031 3030 3032 
12478 8731 6018 8822 
12479 6032 5382 8764 
12480 6045 5383 8785 
12481 2099 8752 8793 
12482 2555 2554 2556 
12483 8741 7521 8749 
12484 2942 4637 8798 
12485 1334 8657 8748 
12486 4989 4088 6107 
12487 1047 1048 1049 
12488 1398 3957 3999 
12489 4005 4117 5485 
12490 1084 8498 8760 
12491 3999 4709 5453 
12492 4003 3750 4388 
12493 1068 2905 8697 
12494 7809 8809 8833 
12495 2946 4858 6220 
12496 4757 5394 6099 
12497 7741 4676 8866 
12498 8735 7507 8826 
12499 4239 4734 8919 
12500 2042 2044 8587 
12501 6079 8945 8946 
12502 5379 7521 8763 
12503 6045 8778 8796 
12504 8365 7739 8752 
12505 4201 5173 8735 
12506 4238 4239 8912 
12507 5441 5046 6459 
12508 8802 5422 8921 
12509 2993 3660 7571 
12510 8648 4201 8735 
12511 2615 2619 8762 
12512 1388 1386 2914 
12513 1037 1039 1040 
12514 1037 1035 1038 
12515 7724 2097 8874 
12516 4781 3861 7631 
12517 4622 4991 5919 
12518 4635 5390 8700 
12519 1040 1041 2945 
12520 1284 1289 8825 
12521 5419 8882 8913 
12522 2926 2922 3677 
12523 2526 7278 8910 
12524 5289 8405 8788 
12525 2920 2921 2924 
12526 5959 8999 9027 
12527 8673 5391 8797 
12528 5446 2972 8986 
12529 1372 1369 8738 
12530 1047 1050 8670 
12531 6059 8582 8854 
12532 2574 2576 8707 
12533 7696 3520 8777 
12534 7525 5489 8988 
12535 1204 8319 8869 
12536 8848 6050 8897 
12537 3623 3622 3750 
12538 4403 5441 8759 
12539 6049 8738 8829 
12540 4709 3957 6079 
12541 8581 5343 8820 
12542 5399 5237 8882 
12543 1392 1389 7659 
12544 6190 5779 8756 
12545 2915 2914 2916 
12546 2946 4453 4858 
12547 1432 3024 7538 
12548 5450 3013 9034 
12549 6060 4691 8797 
12550 6049 3963 8738 
12551 2935 2933 8755 
12552 2073 2070 8661 
12553 8849 5428 8891 
12554 1269 1267 8771 
12555 5453 5959 6100 
12556 2896 6070 8736 
12557 7777 4238 8895 
12558 2557 2556 3757 
12559 6626 6523 6629 
12560 8770 5410 8860 
12561 8822 5400 8840 
12562 8752 7740 8793 
12563 4698 7822 8796 
12564 1290 1294 8832 
12565 5345 8612 8801 
12566 2919 2918 2920 
12567 1044 2912 2946 
12568 1215 1218 8884 
12569 4763 4764 4857 
12570 6321 8644 8769 
12571 2062 2060 2063 
12572 4416 5711 8772 
12573 2089 8686 8801 
12574 2859 2073 8661 
12575 2079 2076 8736 
12576 2076 2075 8736 
12577 8777 4746 8808 
12578 1431 1430 1432 
12579 2917 2916 2918 
12580 2332 4698 8778 
12581 3972 4749 6033 
12582 2031 2030 2032 
12583 5412 6361 8860 
12584 7807 7812 8781 
12585 2898 2900 8704 
12586 5414 5411 8740 
12587 2576 2579 8707 
12588 7263 5133 8666 
12589 8633 7573 8990 
12590 1056 1053 8708 
12591 4612 3923 4613 
12592 5077 5424 6478 
12593 2907 4714 8779 
12594 996 4187 4190 
12595 8747 6036 8768 
12596 6522 5494 6523 
12597 3494 3495 8740 
12598 1057 1060 8666 
12599 2754 1262 8809 
12600 3687 3064 4004 
12601 1040 1039 1041 
12602 3495 4001 8740 
12603 1409 1408 7704 
12604 5919 5921 7295 
12605 6220 4858 6600 
12606 7832 8737 8742 
12607 6617 8756 8847 
12608 5431 5432 5654 
12609 8912 4239 8919 
12610 4715 8778 8785 
12611 3046 3047 3502 
12612 9168 5388 9182 
12613 2973 2958 5784 
12614 1062 1059 8728 
12615 2531 2529 9023 
12616 2097 2098 8766 
12617 1041 1042 1043 
12618 4388 3750 4935 
12619 6128 6397 6398 
12620 5965 4680 8767 
12621 4102 2903 8714 
12622 8346 6048 8892 
12623 2027 2026 2028 
12624 2994 2989 3064 
12625 2901 3521 8714 
12626 5313 8675 8857 
12627 8559 8748 8852 
12628 6507 5659 8917 
12629 7678 8631 8877 
12630 2065 2881 3972 
12631 2054 2055 2056 
12632 8844 7872 8876 
12633 1043 1044 1045 
12634 1010 1008 2995 
12635 1043 1042 1044 
12636 2064 2063 2065 
12637 2903 2901 8714 
12638 8746 6041 8751 
12639 7726 7766 8927 
12640 4763 3574 4764 
12641 7806 8781 8788 
12642 7817 4681 8894 
12643 1286 1284 8825 
12644 5378 8735 8826 
12645 7712 7722 8791 
12646 9154 5478 9241 
12647 7846 4715 8792 
12648 4617 4624 5149 
12649 8686 6054 8801 
12650 7653 7652 8915 
12651 1059 1058 8728 
12652 5220 7702 8802 
12653 4857 5077 6368 
12654 2988 2986 2989 
12655 5408 8865 8866 
12656 5206 7726 8951 
12657 1436 7519 9014 
12658 3560 3834 4005 
12659 5362 2574 8707 
12660 1393 1392 8830 
12661 2052 2053 2054 
12662 7547 1094 9193 
12663 2058 2056 2059 
12664 4716 5956 8888 
12665 8291 5418 8904 
12666 3963 1372 8738 
12667 3993 8779 8848 
12668 7508 5349 8789 
12669 2103 2100 8793 
12670 1058 4519 8728 
12671 2586 3943 8743 
12672 1033 1035 1036 
12673 6055 4118 8897 
12674 7804 7806 8799 
12675 3033 3032 3482 
12676 7713 8820 8873 
12677 6037 8750 8753 
12678 8407 6045 8796 
12679 8644 4116 8769 
12680 4697 8761 8938 
12681 4519 6488 8728 
12682 4735 4961 8896 
12683 3989 7709 8800 
12684 7839 5262 8913 
12685 5409 8869 8901 
12686 6064 8832 8862 
12687 2940 2942 8798 
12688 1358 8628 8774 
12689 1289 1290 8832 
12690 9131 6069 9139 
12691 2055 2053 2904 
12692 4637 5933 5934 
12693 3012 2955 3622 
12694 1398 1396 3957 
12695 1030 1031 3925 
12696 7809 8799 8809 
12697 3968 6046 6086 
12698 2075 2896 8736 
12699 2584 2586 8743 
12700 4723 4725 8907 
12701 7708 7707 8817 
12702 2060 2059 8712 
12703 3622 2955 4335 
12704 1037 1038 1039 
12705 5126 5115 7192 
12706 8466 5428 8849 
12707 1036 1035 1037 
12708 4857 4764 5077 
12709 3810 2584 8743 
12710 1034 2956 4906 
12711 1221 1224 8922 
12712 2912 1042 8754 
12713 5041 4947 5504 
12714 2021 2020 2022 
12715 3074 3077 4610 
12716 4989 6107 6108 
12717 7925 8884 8922 
12718 1031 1029 1032 
12719 3999 3957 4709 
12720 5453 4709 5959 
12721 8357 1176 8811 
12722 2032 2034 8606 
12723 4714 8764 8779 
12724 7678 8877 8915 
12725 4637 5934 8798 
12726 4235 8673 8797 
12727 9087 6099 9140 
12728 1020 5126 8765 
12729 8811 1176 8816 
12730 7433 8959 9023 
12731 3521 5402 8714 
12732 8789 5349 8807 
12733 6066 6067 8987 
12734 8530 5345 8898 
12735 3084 3082 3085 
12736 7648 4656 8951 
12737 1027 1025 1028 
12738 6060 8797 8874 
12739 1176 1177 8816 
12740 2048 2049 2050 
12741 6059 8854 8895 
12742 3805 7929 8926 
12743 5411 3494 8740 
12744 1408 2982 2983 
12745 4737 6071 8813 
12746 7713 8791 8820 
12747 8881 5420 8920 
12748 5425 6074 8928 
12749 3050 3559 3560 
12750 1402 1399 7614 
12751 3938 2042 8587 
12752 2938 2935 8755 
12753 7797 7800 8819 
12754 5349 8573 8807 
12755 5396 7928 8834 
12756 3699 3553 8929 
12757 2599 3804 8877 
12758 1039 1038 8754 
12759 3502 3508 4105 
12760 8833 1286 8836 
12761 6048 8695 8892 
12762 1027 1029 1030 
12763 2948 2904 2949 
12764 3789 8581 8820 
12765 7890 6057 8937 
12766 8269 5378 8826 
12767 4691 4235 8797 
12768 6035 8466 8849 
12769 2978 2981 3050 
12770 8612 2089 8801 
12771 5417 5396 8835 
12772 2952 2953 2955 
12773 5158 7452 8845 
12774 5417 8835 8839 
12775 6072 8932 8947 
12776 5426 8549 8889 
12777 7796 8819 8825 
12778 5128 4193 5923 
12779 5396 8834 8835 
12780 4105 4131 4868 
12781 7362 5914 7369 
12782 3972 6078 8784 
12783 2950 2949 2951 
12784 4906 6331 6332 
12785 1062 8728 8857 
12786 7781 8653 8938 
12787 2952 2951 2953 
12788 8895 4238 8912 
12789 2013 2012 2014 
12790 2950 2951 2952 
12791 8467 2127 8822 
12792 6071 8939 8944 
12793 6505 5313 8974 
12794 2079 8736 8843 
12795 6065 7796 8828 
12796 4656 7763 8951 
12797 3524 3998 8956 
12798 8631 2595 8877 
12799 4906 5761 6331 
12800 3579 3882 5430 
12801 6035 8844 8876 
12802 8267 5417 8839 
12803 2983 2984 2985 
12804 2979 2980 3515 
12805 4728 8849 8891 
12806 8778 6045 8785 
12807 2984 2982 5440 
12808 5000 4999 5001 
12809 5351 8638 8843 
12810 2063 2060 8712 
12811 5015 5747 8966 
12812 6071 5426 8939 
12813 1386 1383 8776 
12814 5430 3882 5431 
12815 3275 3547 8871 
12816 6064 8828 8832 
12817 6463 6462 6464 
12818 2052 2050 2053 
12819 2054 2053 2055 
12820 8766 2101 8823 
12821 8265 8267 8846 
12822 2948 2949 2950 
12823 1264 1278 8833 
12824 1180 8317 8834 
12825 2547 2549 2550 
12826 8781 5289 8788 
12827 2069 2066 8784 
12828 8265 8846 8850 
12829 5415 2960 8491 
12830 6072 3997 8932 
12831 1966 1969 8949 
12832 3687 4088 4403 
12833 5424 4764 8773 
12834 5928 5927 7442 
12835 4621 3925 5434 
12836 8748 7636 8852 
12837 6062 6064 8862 
12838 2557 3757 3928 
12839 8830 1392 8945 
12840 8267 8839 8846 
12841 6618 6617 8958 
12842 2921 2918 8786 
12843 8264 8265 8850 
12844 2924 5410 8770 
12845 1030 1029 1031 
12846 2055 2904 2948 
12847 4345 4386 4777 
12848 8728 6488 8857 
12849 7781 8938 8962 
12850 8834 8317 8835 
12851 2044 2045 2046 
12852 7659 5228 8945 
12853 4760 4632 5927 
12854 7802 7809 8836 
12855 6061 6062 8867 
12856 5960 8608 8941 
12857 8317 2908 8835 
12858 8835 2908 8839 
12859 5430 5431 5433 
12860 8268 8264 8856 
12861 1456 3052 7596 
12862 1033 1034 1035 
12863 7522 1028 8872 
12864 2952 3012 8783 
12865 2881 2063 8712 
12866 5409 8865 8869 
12867 8264 8850 8856 
12868 2945 1041 8745 
12869 2922 2920 8770 
12870 3677 2922 8770 
12871 8973 5657 9035 
12872 8268 8856 8861 
12873 2927 4762 8999 
12874 4403 4989 5046 
12875 4760 5927 5928 
12876 2908 8316 8839 
12877 2042 2043 2044 
12878 1033 1032 1034 
12879 6459 5046 6648 
12880 2947 3524 8944 
12881 5419 1216 8883 
12882 6062 8862 8867 
12883 3687 4004 4088 
12884 8736 6070 8843 
12885 1403 1402 8893 
12886 2437 2433 7271 
12887 6061 8867 8876 
12888 2557 3928 3929 
12889 2048 2046 2049 
12890 1041 1043 8745 
12891 3929 4632 4760 
12892 5416 2914 8776 
12893 1484 7277 9293 
12894 1023 1025 1026 
12895 1423 1422 7642 
12896 8797 5391 8874 
12897 2974 2976 6091 
12898 3515 3516 3674 
12899 7872 6061 8876 
12900 3574 2926 8773 
12901 5148 2938 8755 
12902 1042 1039 8754 
12903 1031 1032 1033 
12904 4052 2967 4643 
12905 8608 7505 8941 
12906 2066 2065 8784 
12907 3929 3928 4632 
12908 2543 2545 5395 
12909 7199 4632 8812 
12910 6084 2950 8783 
12911 9121 5404 9170 
12912 2994 3064 3687 
12913 1020 1021 5115 
12914 1439 1442 8910 
12915 2550 2552 2553 
12916 2045 2043 2911 
12917 2916 5416 8786 
12918 3995 7872 8844 
12919 8839 8316 8846 
12920 8467 8822 8840 
12921 7885 5015 8947 
12922 2985 2986 2987 
12923 1368 7782 8829 
12924 5485 4117 5495 
12925 8861 5407 8864 
12926 4489 5154 6440 
12927 8896 6077 8967 
12928 5199 7889 8853 
12929 1021 1019 1022 
12930 8779 6044 8848 
12931 1006 3916 8824 
12932 5079 5886 5887 
12933 8799 2754 8809 
12934 8761 6076 8938 
12935 2956 1032 8810 
12936 8316 1192 8846 
12937 2988 2989 2994 
12938 4728 8844 8849 
12939 8689 5177 9028 
12940 2553 2554 2555 
12941 1048 1045 8782 
12942 4598 3917 4599 
12943 8846 1192 8850 
12944 6411 6412 6413 
12945 7607 9161 9181 
12946 2755 8467 8840 
12947 6042 8873 8888 
12948 4945 4033 4947 
12949 3485 2995 3542 
12950 1026 1025 1027 
12951 1027 1028 1029 
12952 5439 3885 9042 
12953 2555 2556 2557 
12954 1192 8318 8850 
12955 4743 7760 9045 
12956 2920 2924 8770 
12957 2755 8840 8854 
12958 5422 2895 8858 
12959 1043 1046 8745 
12960 5110 4599 5459 
12961 2983 2982 2984 
12962 2987 2988 2990 
12963 3651 4443 5510 
12964 8850 8318 8856 
12965 4403 4088 4989 
12966 6047 4728 8891 
12967 7263 8666 8879 
12968 5212 7741 8865 
12969 8907 4725 8918 
12970 8318 2674 8856 
12971 3000 2032 8606 
12972 2050 2049 8757 
12973 3968 2911 4757 
12974 8856 2674 8861 
12975 2017 2016 2018 
12976 2103 8793 8889 
12977 4033 3641 7551 
12978 6047 8891 8894 
12979 7425 7424 9248 
12980 4022 4344 4345 
12981 4767 4441 4768 
12982 4687 6049 8921 
12983 1412 1409 7704 
12984 4005 3834 4117 
12985 8819 1286 8825 
12986 2038 2039 2040 
12987 2674 8302 8861 
12988 2914 1386 8776 
12989 1045 1044 8782 
12990 2926 3677 8773 
12991 1294 8335 8862 
12992 8942 5369 8987 
12993 8791 3789 8820 
12994 4003 5465 9003 
12995 2065 3972 8784 
12996 6044 8640 8848 
12997 4480 5171 5682 
12998 5001 5494 6522 
12999 1029 1028 8810 
13000 8582 2755 8854 
13001 6043 7713 8873 
13002 3671 6140 9314 
13003 9016 1378 9060 
13004 1422 2997 2998 
13005 7614 6085 8993 
13006 5408 1204 8869 
13007 1408 1406 2982 
13008 4721 8268 8864 
13009 3787 8559 8852 
13010 4788 3950 4789 
13011 2918 2916 8786 
13012 4721 8864 8866 
13013 8862 8335 8867 
13014 8926 6053 8928 
13015 2500 5926 9000 
13016 2985 2984 2986 
13017 2946 6220 8782 
13018 8666 1060 8879 
13019 4676 4721 8866 
13020 2964 2962 8841 
13021 1024 2958 2973 
13022 8638 2079 8843 
13023 5456 4768 5729 
13024 4764 3574 8773 
13025 3916 2999 3917 
13026 2973 5784 6288 
13027 8335 4726 8867 
13028 1044 2946 8782 
13029 7733 8680 8930 
13030 8897 6050 8907 
13031 7192 5115 7193 
13032 7609 9098 9163 
13033 6077 8896 8972 
13034 5166 7570 9279 
13035 2867 8530 8851 
13036 7911 5409 8901 
13037 5730 5729 6462 
13038 8867 4726 8876 
13039 8828 1289 8832 
13040 2987 2986 2988 
13041 8929 6074 8931 
13042 7911 8901 8904 
13043 8894 4681 8905 
13044 2069 8784 8903 
13045 6522 6523 6626 
13046 4409 4038 6152 
13047 1446 3037 7525 
13048 2992 2990 3840 
13049 3787 8852 8881 
13050 4998 4091 4999 
13051 2948 6084 8831 
13052 4726 6035 8876 
13053 2998 3035 3087 
13054 6103 6528 6561 
13055 8854 5401 8895 
13056 5495 4117 5659 
13057 6080 5351 8950 
13058 1017 1015 1018 
13059 6066 8997 9006 
13060 5345 8801 8898 
13061 8793 7740 8889 
13062 3002 7359 8805 
13063 8904 5418 8909 
13064 5373 8903 8961 
13065 3925 1031 8780 
13066 4742 8768 8982 
13067 1017 1019 1020 
13068 8944 3524 8956 
13069 6022 8813 8982 
13070 982 5098 5108 
13071 3722 8674 8847 
13072 5472 4388 8806 
13073 3230 3651 9058 
13074 3993 8848 8897 
13075 2553 2555 3812 
13076 2059 2056 8831 
13077 2950 2952 8783 
13078 8893 1402 8993 
13079 4190 7123 8887 
13080 5237 7839 8882 
13081 4335 2955 8787 
13082 2044 2043 2045 
13083 8674 8639 8847 
13084 2042 2040 2043 
13085 8801 6054 8898 
13086 4055 3542 4056 
13087 5489 3813 8863 
13088 5399 8882 8883 
13089 8755 5392 8935 
13090 5749 6441 6442 
13091 2953 3579 8787 
13092 8675 1062 8857 
13093 2487 2496 7486 
13094 2045 2911 3968 
13095 1396 1393 8830 
13096 2537 2535 8959 
13097 2595 2599 8877 
13098 3483 3482 3820 
13099 1060 8591 8879 
13100 1216 1215 8884 
13101 8903 6078 8961 
13102 4388 4935 8806 
13103 2034 2035 2036 
13104 3674 3675 4357 
13105 3968 4757 6046 
13106 4528 4056 4529 
13107 4354 5657 8973 
13108 2053 2050 8757 
13109 5426 8889 8939 
13110 7809 8833 8836 
13111 2959 3555 8996 
13112 5495 5659 6268 
13113 5302 8754 8971 
13114 8784 6078 8903 
13115 3101 3099 3102 
13116 4965 4529 6358 
13117 6079 3957 8830 
13118 5373 8661 8903 
13119 5343 4716 8888 
13120 6273 6274 6770 
13121 2904 2053 8757 
13122 8922 1224 8923 
13123 3560 3559 3834 
13124 2955 2953 8787 
13125 2007 2006 2008 
13126 1023 1024 1025 
13127 4772 4773 6117 
13128 3090 3035 4753 
13129 5391 7724 8874 
13130 3094 3092 4769 
13131 4935 3750 8818 
13132 8596 3787 8881 
13133 1020 1019 1021 
13134 1023 1022 1024 
13135 1021 1022 1023 
13136 2032 2033 2034 
13137 5942 3938 8587 
13138 2530 2532 4634 
13139 5428 5406 8891 
13140 7592 7591 9092 
13141 6115 4761 8886 
13142 8654 5369 8942 
13143 5392 7606 8935 
13144 8928 6074 8929 
13145 6051 8346 8892 
13146 5441 6460 9015 
13147 2056 2055 8831 
13148 4731 3699 8931 
13149 6268 5659 6506 
13150 8756 3722 8847 
13151 8937 6057 8940 
13152 989 992 9361 
13153 3582 4021 4022 
13154 8891 5406 8894 
13155 1013 1011 1014 
13156 8844 6035 8849 
13157 6049 8802 8921 
13158 7351 4786 7360 
13159 1016 1017 8765 
13160 3750 3622 8818 
13161 4947 4033 7551 
13162 5410 5412 8860 
13163 1031 1033 8780 
13164 5406 7817 8894 
13165 3686 7781 8962 
13166 2035 2033 2928 
13167 1430 1427 8968 
13168 8549 2103 8889 
13169 8745 8671 8906 
13170 4008 4785 4787 
13171 3965 4745 6094 
13172 7616 8707 8983 
13173 6075 4735 8896 
13174 4731 8931 8937 
13175 2038 2036 2039 
13176 7167 5459 7168 
13177 8611 4626 8899 
13178 3686 8962 8967 
13179 6617 8847 8958 
13180 3547 4400 5516 
13181 4461 3686 8967 
13182 8808 6087 9053 
13183 5401 7777 8895 
13184 2003 2002 2004 
13185 6079 8830 8945 
13186 7470 1070 9305 
13187 3967 6042 8900 
13188 4118 3993 8897 
13189 3622 4335 8818 
13190 7600 7599 9009 
13191 5120 5151 8775 
13192 1038 1035 8821 
13193 8440 6077 8972 
13194 1032 1029 8810 
13195 3834 3559 4460 
13196 3035 2997 8875 
13197 8319 2929 8901 
13198 3115 3117 4192 
13199 8774 7640 8930 
13200 3050 2981 3559 
13201 8901 2929 8904 
13202 1013 1015 1016 
13203 6051 8892 8916 
13204 4190 4187 5104 
13205 6465 6464 6509 
13206 1000 998 3862 
13207 2929 8291 8904 
13208 4613 3923 8906 
13209 5387 8774 8930 
13210 6048 6047 8905 
13211 1455 1454 1456 
13212 1433 1432 7538 
13213 8947 5015 8966 
13214 6050 4723 8907 
13215 7370 6069 9174 
13216 3627 3029 5478 
13217 3087 3090 3091 
13218 3091 3092 3093 
13219 4730 7911 8909 
13220 3108 3106 5467 
13221 1033 1036 8780 
13222 3579 5430 8787 
13223 4730 8909 8913 
13224 5262 4730 8913 
13225 2040 2039 8803 
13226 6056 6059 8912 
13227 4357 6126 6127 
13228 1012 1013 8794 
13229 3198 3135 5491 
13230 7690 7730 9029 
13231 5115 1021 8804 
13232 7633 5952 9038 
13233 7652 7678 8915 
13234 1035 1034 8821 
13235 2958 1022 8855 
13236 3957 1396 8830 
13237 4412 3862 4907 
13238 2998 2997 3035 
13239 4989 6108 8827 
13240 1034 4906 8821 
13241 2028 2029 2030 
13242 6052 6051 8916 
13243 6054 7533 8898 
13244 8841 5415 8989 
13245 6059 8895 8912 
13246 2967 2964 8841 
13247 4739 5947 8997 
13248 5461 3088 9118 
13249 1016 1015 1017 
13250 7733 8930 8984 
13251 2055 2948 8831 
13252 8883 1216 8884 
13253 5434 3925 8780 
13254 6056 8912 8919 
13255 4034 4946 6102 
13256 7616 8983 9009 
13257 1417 1416 8948 
13258 6648 5046 8827 
13259 1017 1018 1019 
13260 8524 6055 8918 
13261 1017 1020 8765 
13262 2989 2986 8870 
13263 972 3065 3907 
13264 1218 1221 8922 
13265 8268 8861 8864 
13266 3923 2945 8906 
13267 3555 5439 8914 
13268 3967 8900 8927 
13269 5046 4989 8827 
13270 2974 2928 2975 
13271 1009 1011 1012 
13272 7924 7925 8923 
13273 5437 6083 9002 
13274 7653 8942 8987 
13275 4998 4999 5000 
13276 3907 5155 8970 
13277 3996 8920 8932 
13278 4906 6332 8821 
13279 7924 8923 8925 
13280 8882 5419 8883 
13281 1010 2995 3485 
13282 7766 3967 8927 
13283 3996 8596 8920 
13284 2976 2975 2977 
13285 5248 7924 8925 
13286 1007 1005 1008 
13287 3821 3820 4414 
13288 7594 4651 9047 
13289 3514 3815 4008 
13290 8596 8881 8920 
13291 8938 6076 8962 
13292 5248 8925 8926 
13293 5727 4907 6335 
13294 8932 5421 8947 
13295 5194 7690 9047 
13296 6081 6082 9073 
13297 7929 5248 8926 
13298 8661 2069 8903 
13299 5482 6433 6434 
13300 8946 5447 9018 
13301 4868 4131 8717 
13302 2945 8745 8906 
13303 4528 4965 5737 
13304 1019 1018 8855 
13305 1997 1996 1998 
13306 3968 6086 8880 
13307 2022 2023 2024 
13308 4415 4414 4861 
13309 8813 5448 8982 
13310 6053 5425 8928 
13311 1998 2000 7737 
13312 2024 2025 2026 
13313 2978 2979 2981 
13314 3848 3639 9012 
13315 1012 1011 1013 
13316 2978 2977 2979 
13317 3553 3805 8929 
13318 2059 8831 8957 
13319 2976 2977 2978 
13320 1021 1023 8804 
13321 4651 7723 9047 
13322 2034 2033 2035 
13323 1426 1423 7642 
13324 5148 8755 8935 
13325 3022 3581 3582 
13326 5351 8843 8950 
13327 3093 3094 3538 
13328 8973 5423 9025 
13329 6074 8374 8931 
13330 1422 1420 2997 
13331 8847 8639 8958 
13332 2032 2030 2033 
13333 2049 2046 8880 
13334 5943 5945 9004 
13335 1379 1378 9016 
13336 7359 3000 8606 
13337 2582 3810 8983 
13338 6093 4687 8921 
13339 3072 3070 3075 
13340 2577 2575 9043 
13341 6128 6398 8965 
13342 1038 8821 8971 
13343 8865 5408 8869 
13344 8889 7740 8939 
13345 7740 4720 8939 
13346 8374 7890 8937 
13347 8931 8374 8937 
13348 8843 6070 8950 
13349 8939 4720 8944 
13350 5082 4731 8940 
13351 3753 3752 4186 
13352 2043 2040 8803 
13353 2974 2975 2976 
13354 962 4183 4185 
13355 2545 2547 8842 
13356 5228 7630 8946 
13357 3997 3996 8932 
13358 4618 4592 5101 
13359 2984 5440 8870 
13360 4742 8982 9021 
13361 2911 2043 8803 
13362 3538 4091 4441 
13363 5415 7568 8989 
13364 8452 5960 8941 
13365 7653 8915 8942 
13366 1013 1016 8794 
13367 4243 4186 4592 
13368 3755 7437 8960 
13369 3027 3025 4758 
13370 3087 3035 3090 
13371 6055 8907 8918 
13372 2035 2928 2974 
13373 4617 3764 4624 
13374 1013 1014 1015 
13375 3515 3674 4041 
13376 1432 3023 3024 
13377 4753 3035 8875 
13378 8707 2579 8983 
13379 6353 4931 6354 
13380 8761 6056 8919 
13381 3804 8654 8942 
13382 2046 2045 8880 
13383 3091 3090 3092 
13384 8873 5343 8888 
13385 8653 4697 8938 
13386 3004 3002 8805 
13387 3809 7733 8984 
13388 1406 1403 8893 
13389 2994 8759 8859 
13390 1413 1412 9022 
13391 6047 8894 8905 
13392 4643 2967 8841 
13393 1494 3151 7365 
13394 5380 8712 8957 
13395 7763 5206 8951 
13396 3018 3021 3022 
13397 4720 2947 8944 
13398 2990 2988 8859 
13399 1003 1005 1006 
13400 8831 6084 8957 
13401 8680 5387 8930 
13402 7344 9104 9152 
13403 1003 1001 1004 
13404 8930 7640 8984 
13405 2522 2521 2523 
13406 1006 1007 2999 
13407 3840 2990 8859 
13408 5440 8893 8993 
13409 2978 3050 8885 
13410 1514 2443 9196 
13411 4335 8787 8964 
13412 3485 4055 5449 
13413 2547 2550 8842 
13414 4528 4529 4965 
13415 4740 6080 9019 
13416 1023 1026 8804 
13417 2988 2994 8859 
13418 2028 2026 2029 
13419 4055 4056 4528 
13420 6080 8914 9019 
13421 6131 4861 6132 
13422 5421 7885 8947 
13423 5438 4748 9041 
13424 3485 3542 4055 
13425 986 984 3038 
13426 9048 7574 9069 
13427 6078 6033 8985 
13428 8821 6332 8971 
13429 1028 1025 8872 
13430 4777 4386 4978 
13431 3093 3092 3094 
13432 7193 5115 8804 
13433 5440 2982 8893 
13434 7911 8904 8909 
13435 6091 2976 8885 
13436 4599 3917 4600 
13437 2030 2029 8837 
13438 2526 5134 7278 
13439 2025 2023 2913 
13440 1022 1019 8855 
13441 2986 2984 8870 
13442 5132 7590 9069 
13443 5729 4768 5798 
13444 4357 6127 6128 
13445 3019 3020 3640 
13446 1437 1436 9014 
13447 8787 5430 8964 
13448 5423 8973 9035 
13449 4441 4091 4998 
13450 4738 8961 8985 
13451 1006 1005 1007 
13452 1009 1010 1011 
13453 5395 2545 8842 
13454 4345 4344 4386 
13455 3809 8984 9002 
13456 3538 3094 4091 
13457 1025 1024 8872 
13458 2995 1008 8924 
13459 5737 4965 6560 
13460 1465 1464 1466 
13461 4752 9091 9099 
13462 1459 1462 9000 
13463 3009 3004 8805 
13464 6128 6396 6397 
13465 3840 8859 9015 
13466 8245 5373 8961 
13467 2524 2523 3752 
13468 6071 8944 8956 
13469 2045 3968 8880 
13470 5681 6101 9052 
13471 5936 5148 8954 
13472 3024 3025 3026 
13473 7925 8922 8923 
13474 6356 6550 6551 
13475 1009 1008 1010 
13476 1002 1003 8824 
13477 3011 4622 8994 
13478 2018 2019 2020 
13479 6076 6075 8962 
13480 6128 6127 6396 
13481 3965 2913 3966 
13482 996 997 4187 
13483 1007 1008 1009 
13484 976 974 3049 
13485 8962 6075 8967 
13486 6087 8592 9085 
13487 1024 2973 8872 
13488 1392 7659 8945 
13489 5464 3089 9151 
13490 2557 3929 8902 
13491 997 995 998 
13492 5462 8469 9113 
13493 3805 8928 8929 
13494 4745 3966 4772 
13495 2024 2023 2025 
13496 6354 4931 9097 
13497 6073 6072 8966 
13498 3469 3072 8500 
13499 6070 8704 8950 
13500 7779 4742 9021 
13501 1993 1992 1994 
13502 5313 8857 8974 
13503 8860 6361 8981 
13504 3023 1430 8968 
13505 8857 6488 8974 
13506 5149 4624 5932 
13507 4620 2507 5120 
13508 4731 8937 8940 
13509 8639 4286 8958 
13510 2982 1406 8893 
13511 2022 2020 2023 
13512 3147 3149 3915 
13513 1427 1426 8968 
13514 3224 3877 3904 
13515 5097 7004 7150 
13516 3640 3641 4033 
13517 3026 3027 3028 
13518 3059 3058 3060 
13519 7779 9021 9025 
13520 6066 8987 8997 
13521 4961 6334 8972 
13522 4005 5487 9087 
13523 1446 3036 3037 
13524 6080 8950 8996 
13525 2555 2557 8902 
13526 4643 8841 8989 
13527 5443 4354 8973 
13528 3014 3016 5454 
13529 5434 8780 8990 
13530 2049 8880 8995 
13531 4022 4021 4344 
13532 6072 8947 8966 
13533 3812 2555 8902 
13534 2033 2030 8837 
13535 1447 1446 7525 
13536 8712 2059 8957 
13537 3028 3029 3030 
13538 7235 5923 7327 
13539 6280 7522 9082 
13540 5439 9041 9096 
13541 5359 7779 9025 
13542 1987 1986 1988 
13543 4745 4772 6069 
13544 2974 6091 8934 
13545 2928 2033 8837 
13546 999 1001 1002 
13547 2039 2036 8934 
13548 9002 6083 9012 
13549 5751 5423 9035 
13550 1003 1006 8824 
13551 4709 6079 9018 
13552 3965 3966 4745 
13553 2503 2501 9152 
13554 5434 7574 9048 
13555 6081 9084 9090 
13556 5148 8935 8954 
13557 5385 8995 9045 
13558 8813 6071 8956 
13559 2025 2913 3965 
13560 3916 4598 9127 
13561 2976 2978 8885 
13562 1432 1430 3023 
13563 1005 1004 8924 
13564 1003 1004 1005 
13565 5934 5933 9010 
13566 5659 4117 8917 
13567 7570 7717 9271 
13568 4007 4390 5514 
13569 8780 1036 8990 
13570 9377 4787 9430 
13571 7661 6029 9019 
13572 8915 3804 8942 
13573 9031 5386 9073 
13574 6488 6489 8974 
13575 8995 6086 9045 
13576 1426 8706 8968 
13577 2979 3515 8890 
13578 6067 7653 8987 
13579 7354 5916 7355 
13580 1002 1001 1003 
13581 5385 8757 8995 
13582 4117 3834 8917 
13583 9246 6122 9321 
13584 6089 5380 9039 
13585 2036 2035 8934 
13586 7640 5445 8984 
13587 8982 5448 9021 
13588 5430 5433 8964 
13589 3024 3023 3025 
13590 4775 5446 6122 
13591 2014 2015 2016 
13592 3646 3645 3878 
13593 1988 1990 7762 
13594 8754 1038 8971 
13595 7208 3222 9383 
13596 3012 3623 9079 
13597 3039 3038 3040 
13598 3030 3029 3627 
13599 3615 3837 4007 
13600 4386 4344 5752 
13601 7587 5416 8991 
13602 5462 9131 9139 
13603 1480 3121 7416 
13604 5932 4624 7433 
13605 8880 6086 8995 
13606 2579 2582 8983 
13607 5108 5098 7113 
13608 2020 2019 8868 
13609 2981 2979 8890 
13610 3028 3027 3029 
13611 3834 4460 8917 
13612 1436 1433 7538 
13613 4769 3092 8943 
13614 5891 4603 7243 
13615 993 991 994 
13616 8859 8759 9015 
13617 3582 3581 4021 
13618 8773 3677 8981 
13619 2010 2011 2012 
13620 1420 1417 8948 
13621 4999 4091 8952 
13622 3026 3025 3027 
13623 2483 2487 7486 
13624 4412 4907 5727 
13625 5156 7471 9369 
13626 4412 5727 5728 
13627 1000 3862 4412 
13628 5424 8773 8981 
13629 8984 5445 9002 
13630 9053 6087 9085 
13631 4185 7020 9007 
13632 8768 6022 8982 
13633 3090 4753 8943 
13634 8916 6242 9011 
13635 3061 3060 3645 
13636 1036 8633 8990 
13637 4768 4441 8953 
13638 4618 5101 7124 
13639 8776 1382 8991 
13640 5104 4187 5452 
13641 5447 2927 8999 
13642 8961 6078 8985 
13643 3008 3011 8994 
13644 2018 2016 2019 
13645 989 987 990 
13646 3094 4769 8952 
13647 993 995 996 
13648 4490 3861 4781 
13649 4945 4947 5041 
13650 5369 4739 8997 
13651 4706 3078 4761 
13652 1450 7525 8988 
13653 8743 5386 9031 
13654 6075 8896 8967 
13655 6102 4946 6103 
13656 8875 2997 8948 
13657 9228 5494 9273 
13658 1517 1516 1518 
13659 6093 7634 9099 
13660 5445 5437 9002 
13661 4021 3581 4539 
13662 1454 1451 9055 
13663 5931 4761 6114 
13664 3964 6092 9083 
13665 4243 4592 4618 
13666 5104 5452 5909 
13667 4622 5919 5920 
13668 4622 5920 8994 
13669 1008 1005 8924 
13670 3901 4582 5706 
13671 2011 2009 2996 
13672 996 995 997 
13673 3677 8860 8981 
13674 3848 9012 9053 
13675 3753 4186 4243 
13676 9041 5439 9042 
13677 997 998 999 
13678 3482 3032 4057 
13679 3515 4041 8890 
13680 2035 2974 8934 
13681 3022 3021 3581 
13682 7473 5943 9004 
13683 3041 3040 3042 
13684 989 991 992 
13685 3962 6088 6109 
13686 4441 4998 8953 
13687 8981 6361 9049 
13688 6068 9016 9060 
13689 3157 3155 3158 
13690 2999 1007 8908 
13691 3228 5538 9030 
13692 8991 1382 9016 
13693 3753 4243 4244 
13694 1007 1009 8908 
13695 2023 2020 8868 
13696 4061 3558 7073 
13697 3037 3078 3813 
13698 8169 8167 8171 
13699 1978 1980 7649 
13700 982 5108 8963 
13701 6079 8946 9018 
13702 1983 1982 1984 
13703 3961 6066 9006 
13704 999 1000 1001 
13705 8704 2959 8996 
13706 999 998 1000 
13707 2008 2009 2010 
13708 3623 4003 9003 
13709 5728 5727 6219 
13710 6361 6362 9049 
13711 3965 6094 8976 
13712 6132 6419 6420 
13713 7369 5914 9048 
13714 3066 1998 7737 
13715 3860 3063 3861 
13716 7599 7616 9009 
13717 1479 1478 1480 
13718 1014 1011 8936 
13719 2014 2012 2015 
13720 5909 5452 7434 
13721 3077 3408 8571 
13722 6298 5473 6299 
13723 3043 3042 3044 
13724 4975 4410 7130 
13725 7628 7686 9107 
13726 1402 7614 8993 
13727 8950 8704 8996 
13728 3915 5114 5905 
13729 1457 1456 7596 
13730 1977 1976 1978 
13731 2515 2517 5458 
13732 3129 3128 3132 
13733 4606 4614 5123 
13734 7193 8804 9028 
13735 9003 5465 9075 
13736 4187 997 8911 
13737 4621 5434 9048 
13738 5416 8776 8991 
13739 9309 6090 9323 
13740 5072 5535 6774 
13741 1441 1440 9040 
13742 8679 4616 9017 
13743 4855 6355 6356 
13744 3764 2537 8959 
13745 3639 3809 9012 
13746 4749 6089 9075 
13747 2997 1420 8948 
13748 5933 7397 9010 
13749 7516 7515 9130 
13750 2004 2005 2006 
13751 2039 8934 9036 
13752 2524 3752 3753 
13753 4752 4750 9091 
13754 3112 3110 3113 
13755 3092 3090 8943 
13756 4744 5939 9084 
13757 1011 1010 8936 
13758 8757 2049 8995 
13759 3932 3049 3933 
13760 2029 2026 8976 
13761 5478 3029 8977 
13762 934 3905 3906 
13763 7600 9031 9073 
13764 9095 3812 9130 
13765 2535 2531 9023 
13766 4414 3820 4880 
13767 1010 3485 8936 
13768 2913 2023 8868 
13769 3068 5184 8978 
13770 2519 2521 2522 
13771 3083 3086 3136 
13772 7530 4647 9119 
13773 1446 1444 3036 
13774 5041 5504 5797 
13775 992 991 993 
13776 8999 4762 9027 
13777 1440 1437 9014 
13778 3033 3483 9137 
13779 7289 3145 9242 
13780 8804 1026 9028 
13781 5394 8803 9036 
13782 1382 1379 9016 
13783 993 994 995 
13784 3813 4706 4776 
13785 5798 4768 8953 
13786 2026 2025 8976 
13787 1009 1012 8908 
13788 5182 7628 9119 
13789 3062 3057 3063 
13790 5380 8957 9039 
13791 3041 3043 3468 
13792 1466 3935 8734 
13793 5448 5443 9021 
13794 3961 9006 9029 
13795 4091 3094 8952 
13796 983 981 984 
13797 8957 6084 9039 
13798 4647 7683 9119 
13799 5424 8981 9049 
13800 982 983 5098 
13801 4929 4928 4938 
13802 2500 2502 5926 
13803 3671 4474 6140 
13804 6029 4740 9019 
13805 3204 3203 3205 
13806 3136 3614 3615 
13807 3027 4758 8977 
13808 9021 5443 9025 
13809 3813 4776 8863 
13810 7730 3961 9029 
13811 3907 3065 4602 
13812 2522 2523 2524 
13813 3674 4357 8965 
13814 3014 2996 3015 
13815 1416 1413 9022 
13816 3485 5449 8936 
13817 4041 3674 8965 
13818 3862 998 8975 
13819 7541 9109 9110 
13820 3640 4033 4034 
13821 3018 3019 3021 
13822 3016 3015 3017 
13823 995 994 8975 
13824 3037 3036 3078 
13825 9168 6110 9200 
13826 7550 9298 9324 
13827 4869 4868 6273 
13828 8934 6091 9036 
13829 7600 9009 9031 
13830 4754 8870 9061 
13831 2000 2001 2002 
13832 5863 5768 6583 
13833 3018 3017 3019 
13834 772 8118 8119 
13835 985 987 988 
13836 2509 2506 9104 
13837 1998 1999 2000 
13838 3810 8743 9031 
13839 6103 4946 6467 
13840 988 987 989 
13841 3768 2618 9109 
13842 1026 8689 9028 
13843 3809 9002 9012 
13844 986 3038 3039 
13845 5959 4709 9018 
13846 1456 3051 3052 
13847 2522 2524 4002 
13848 2010 2009 2011 
13849 4613 8906 9046 
13850 4034 6102 8998 
13851 4034 4033 4945 
13852 948 5087 5097 
13853 6103 6467 6528 
13854 2626 7541 9110 
13855 3016 3017 3018 
13856 997 999 8911 
13857 5451 6068 9060 
13858 2614 2613 9110 
13859 989 990 991 
13860 2617 2626 9110 
13861 4357 6128 8965 
13862 4930 4136 5473 
13863 3658 4563 4564 
13864 6132 4861 6419 
13865 3055 3053 4771 
13866 3084 3085 3577 
13867 681 8170 8172 
13868 2478 5455 9126 
13869 6086 6046 9067 
13870 4869 6275 6276 
13871 3408 3758 8571 
13872 7634 7633 9038 
13873 7113 5098 7274 
13874 7660 7661 9096 
13875 5657 6731 9035 
13876 2008 2006 2009 
13877 2011 2996 3014 
13878 2025 3965 8976 
13879 4706 4761 5931 
13880 6052 8916 9011 
13881 7267 6090 9347 
13882 979 977 980 
13883 4624 3764 8959 
13884 3014 3015 3016 
13885 3079 3081 6113 
13886 8987 5369 8997 
13887 4034 4945 4946 
13888 4748 7660 9041 
13889 8759 5441 9015 
13890 1969 1968 1970 
13891 4405 4406 4800 
13892 3072 3075 8500 
13893 9038 5952 9129 
13894 3813 3078 4706 
13895 5123 5918 7237 
13896 4952 4121 4953 
13897 4640 2577 9043 
13898 2004 2002 2005 
13899 4743 9045 9067 
13900 5438 9041 9042 
13901 7490 2513 9008 
13902 5536 3133 7386 
13903 3191 3193 4588 
13904 3029 3027 8977 
13905 4121 3566 7422 
13906 2504 2507 4620 
13907 5503 4938 5687 
13908 7760 5385 9045 
13909 3039 3040 3041 
13910 3046 3502 3836 
13911 3043 3044 3048 
13912 7575 8924 9102 
13913 7553 8842 9095 
13914 4610 3077 8571 
13915 7723 5194 9047 
13916 5478 9154 9173 
13917 2006 2005 8969 
13918 3577 3578 4037 
13919 3041 3042 3043 
13920 3018 3022 9005 
13921 7355 5916 8775 
13922 9312 4640 9327 
13923 5916 5120 8775 
13924 4603 4602 8992 
13925 1450 1447 7525 
13926 2001 1999 2972 
13927 998 995 8975 
13928 8906 8671 9046 
13929 8671 7409 9046 
13930 8993 6085 9061 
13931 9019 8914 9096 
13932 4759 8985 9120 
13933 4490 4959 5031 
13934 8908 8795 9051 
13935 1098 1099 9122 
13936 4193 1988 7762 
13937 1102 5166 9122 
13938 5914 4621 9048 
13939 1973 1972 1974 
13940 6084 8783 9039 
13941 3202 3200 3203 
13942 979 981 982 
13943 4013 3113 5102 
13944 4600 3917 9051 
13945 8803 2039 9036 
13946 2029 8976 9072 
13947 4490 4781 4959 
13948 6089 9003 9075 
13949 4620 5120 5916 
13950 4007 3837 4390 
13951 9012 6083 9053 
13952 5452 4187 8911 
13953 5454 3016 9005 
13954 982 981 983 
13955 5952 5681 9052 
13956 1866 1868 1869 
13957 3651 5510 9058 
13958 5453 6100 9114 
13959 4105 4868 4869 
13960 999 1002 8911 
13961 5405 9072 9113 
13962 3860 3861 4490 
13963 966 964 4053 
13964 3052 3053 3054 
13965 1467 1466 8734 
13966 985 986 987 
13967 7433 4624 8959 
13968 2418 2427 7326 
13969 5905 5907 7159 
13970 4185 4183 5095 
13971 6478 5424 9049 
13972 978 979 8963 
13973 6089 9039 9079 
13974 3141 3139 4188 
13975 1004 1001 9001 
13976 9083 6092 9091 
13977 985 984 986 
13978 1994 1995 1996 
13979 3062 3860 4384 
13980 5451 9060 9083 
13981 5405 8837 9072 
13982 3051 1454 9055 
13983 4454 4511 6343 
13984 3962 2972 4775 
13985 9027 6106 9179 
13986 5443 8973 9025 
13987 983 984 985 
13988 6099 5394 9108 
13989 2553 3812 9095 
13990 8872 2973 9082 
13991 9072 6094 9113 
13992 1493 1492 1494 
13993 5463 8585 9159 
13994 4064 4404 4405 
13995 3133 3132 3532 
13996 3275 8871 9071 
13997 9191 6112 9208 
13998 6081 9073 9084 
13999 6434 6433 6435 
14000 4398 5618 6174 
14001 975 977 978 
14002 9052 6101 9147 
14003 5098 983 8980 
14004 4000 4752 9129 
14005 4754 9061 9114 
14006 8101 564 8103 
14007 3108 5467 9150 
14008 2000 1999 2001 
14009 916 9203 9274 
14010 6083 8808 9053 
14011 9009 3810 9031 
14012 3841 3114 7350 
14013 3675 3516 9139 
14014 5184 3066 7737 
14015 8976 6094 9072 
14016 973 971 974 
14017 4765 8379 9207 
14018 3917 2999 9051 
14019 976 3049 3932 
14020 1998 1996 1999 
14021 1963 1962 1964 
14022 1001 1000 9001 
14023 3054 3055 3056 
14024 3062 3063 3860 
14025 7574 5132 9069 
14026 8842 2550 9095 
14027 4004 3064 9128 
14028 3050 3560 9140 
14029 6095 6096 9188 
14030 7608 2019 9098 
14031 4342 4053 4885 
14032 5031 4959 6529 
14033 7471 7662 9363 
14034 5089 6813 7097 
14035 4767 5456 9154 
14036 3052 3051 3053 
14037 7661 9019 9096 
14038 6082 7600 9073 
14039 4037 4038 4409 
14040 4412 5728 9001 
14041 3615 3614 3837 
14042 1000 4412 9001 
14043 979 980 981 
14044 1378 7688 9060 
14045 1451 1450 9055 
14046 3185 3183 5500 
14047 4869 6273 6275 
14048 2015 2012 9024 
14049 3548 4398 9222 
14050 3056 3057 3058 
14051 4620 5916 6104 
14052 2012 2011 9024 
14053 4440 7575 9177 
14054 2513 2515 9008 
14055 5752 4344 9013 
14056 2999 8908 9051 
14057 978 977 979 
14058 3014 5454 9024 
14059 3019 3640 8998 
14060 5440 8993 9061 
14061 7439 5486 9184 
14062 4344 4021 9013 
14063 1460 1457 7596 
14064 9091 6092 9099 
14065 3848 9053 9085 
14066 2009 2006 8969 
14067 4605 4575 5092 
14068 3962 4775 6088 
14069 4390 3837 4931 
14070 2001 2972 3962 
14071 9040 1440 9144 
14072 2996 2009 8969 
14073 4788 4789 6134 
14074 1456 1454 3051 
14075 2485 2484 2488 
14076 4021 4539 9013 
14077 4953 4121 7422 
14078 3038 984 9032 
14079 5903 5904 7246 
14080 969 967 970 
14081 3021 3019 8998 
14082 4758 3025 9094 
14083 7500 9269 9338 
14084 1988 1989 1990 
14085 3016 3018 9005 
14086 3070 3068 8978 
14087 3264 7182 7183 
14088 6104 5916 7354 
14089 9061 6085 9114 
14090 3749 3748 4182 
14091 981 980 9032 
14092 1990 1991 1992 
14093 9045 6086 9067 
14094 1004 9001 9102 
14095 2517 2519 9020 
14096 3932 5474 6110 
14097 4602 5466 5903 
14098 3056 3055 3057 
14099 3058 3057 3062 
14100 4138 4139 4140 
14101 9211 6133 9348 
14102 4390 4931 5698 
14103 7361 970 9124 
14104 983 985 8980 
14105 4930 5473 6298 
14106 979 982 8963 
14107 1416 9022 9103 
14108 3621 4063 4064 
14109 9060 7688 9083 
14110 6356 6355 6550 
14111 3878 4136 4928 
14112 5698 4931 6353 
14113 4248 4182 4575 
14114 7522 8872 9082 
14115 6033 4749 9075 
14116 6101 6519 9176 
14117 3106 1978 7649 
14118 4861 4414 9026 
14119 92 681 8172 
14120 8870 5440 9061 
14121 1996 1995 8986 
14122 972 973 3065 
14123 969 971 972 
14124 4741 3934 6112 
14125 1842 1844 1845 
14126 2548 2546 9169 
14127 3054 3053 3055 
14128 1466 3934 3935 
14129 4602 5903 8992 
14130 7688 3964 9083 
14131 4606 3760 4614 
14132 4930 6298 6541 
14133 5687 6575 6576 
14134 5386 4744 9084 
14135 633 8115 8116 
14136 3949 4766 6120 
14137 1444 1441 9040 
14138 2019 2016 9098 
14139 8886 3036 9040 
14140 5783 6254 6255 
14141 3136 3086 3614 
14142 3878 3645 4136 
14143 3932 3933 5474 
14144 9141 5429 9188 
14145 4505 3848 9085 
14146 398 673 7998 
14147 673 7997 7998 
14148 7243 4603 8992 
14149 5472 9121 9170 
14150 3640 4034 8998 
14151 5486 5477 9201 
14152 7553 9095 9130 
14153 7591 4440 9092 
14154 4602 3065 5466 
14155 3935 4741 6137 
14156 9106 8824 9127 
14157 1991 1989 3013 
14158 9075 5465 9120 
14159 8837 2029 9072 
14160 5483 5481 5484 
14161 9001 5728 9102 
14162 8783 3012 9079 
14163 1994 1992 1995 
14164 2515 5458 9008 
14165 4380 5008 6123 
14166 3513 3131 3514 
14167 4052 4643 9133 
14168 3614 3086 4333 
14169 4757 6099 9135 
14170 2489 2488 2490 
14171 9039 8783 9079 
14172 5097 7151 9100 
14173 3889 4561 5058 
14174 3049 974 9066 
14175 4414 4880 9026 
14176 3560 4005 9087 
14177 2973 6288 9082 
14178 4646 7527 9161 
14179 7762 1993 9116 
14180 2011 3014 9024 
14181 3953 6081 9090 
14182 5903 5466 5904 
14183 9087 5487 9135 
14184 973 974 975 
14185 7274 5098 8980 
14186 4750 5451 9091 
14187 3075 3070 8978 
14188 9147 6101 9176 
14189 972 971 973 
14190 1984 1985 1986 
14191 975 974 976 
14192 3906 5137 9111 
14193 6150 5687 9080 
14194 2491 2490 2492 
14195 2519 2522 9020 
14196 1461 1460 9123 
14197 3133 3532 7386 
14198 7607 2559 9161 
14199 962 963 4183 
14200 5394 9036 9108 
14201 1487 1490 9126 
14202 975 976 977 
14203 6467 4946 9033 
14204 5108 7228 9229 
14205 952 950 3095 
14206 2493 2492 3748 
14207 3653 4503 4504 
14208 8585 5442 9194 
14209 4945 5041 9033 
14210 3962 6109 9065 
14211 1450 8988 9055 
14212 6419 4861 9026 
14213 6436 6435 6437 
14214 5458 2517 9020 
14215 1999 1996 8986 
14216 9036 6091 9108 
14217 8740 4001 9147 
14218 4946 4945 9033 
14219 3083 3084 3086 
14220 3036 1444 9040 
14221 3079 3013 3080 
14222 4752 9038 9129 
14223 2005 2002 9065 
14224 984 981 9032 
14225 985 988 8980 
14226 2522 4002 9020 
14227 3502 4105 9054 
14228 3912 4802 5497 
14229 5442 8724 9241 
14230 3081 3080 3082 
14231 1959 1958 1960 
14232 1572 2390 9396 
14233 2561 4646 9161 
14234 3083 3082 3084 
14235 8970 5155 9257 
14236 4928 4136 4930 
14237 3081 3082 3083 
14238 4855 6356 9112 
14239 1481 1480 7416 
14240 9161 7527 9181 
14241 6092 6093 9099 
14242 963 961 964 
14243 5477 7571 9235 
14244 4588 5890 5898 
14245 2550 2553 9095 
14246 1002 8824 9106 
14247 3104 3620 3621 
14248 1988 1986 1989 
14249 5473 4136 9089 
14250 3953 9090 9107 
14251 1978 1979 1980 
14252 7555 1390 9181 
14253 969 970 971 
14254 5118 8878 9250 
14255 2972 1999 8986 
14256 1990 1989 1991 
14257 3023 8968 9094 
14258 1466 1464 3934 
14259 9445 4006 9458 
14260 900 3896 3897 
14261 7686 3953 9107 
14262 2002 2001 9065 
14263 3079 3080 3081 
14264 3060 3058 9037 
14265 3063 3057 9056 
14266 5123 4614 5918 
14267 564 89 8103 
14268 965 967 968 
14269 5452 8911 9106 
14270 2016 2015 9098 
14271 971 970 9066 
14272 1980 1981 1982 
14273 7434 9106 9127 
14274 4869 6276 9054 
14275 6094 4745 9131 
14276 1503 1502 1504 
14277 5918 4614 7344 
14278 959 957 960 
14279 5687 4938 6575 
14280 9114 6100 9128 
14281 968 967 969 
14282 3055 4771 9056 
14283 4759 9120 9167 
14284 3100 3103 3104 
14285 4539 3581 9115 
14286 1953 1952 1954 
14287 6095 9199 9213 
14288 3083 3136 9070 
14289 5097 5087 7004 
14290 1991 3013 3079 
14291 8914 5439 9096 
14292 3884 4551 5047 
14293 5451 9083 9091 
14294 2618 2614 9109 
14295 5528 9407 9450 
14296 3514 4008 4009 
14297 6282 5828 6283 
14298 9235 7571 9253 
14299 2613 2617 9110 
14300 3130 3127 3131 
14301 3025 3023 9094 
14302 5923 4193 7762 
14303 7541 7542 9186 
14304 8968 8706 9094 
14305 959 961 962 
14306 3935 3934 4741 
14307 9184 5486 9201 
14308 924 5075 5089 
14309 1504 3175 9136 
14310 8902 5429 9141 
14311 6137 4741 6138 
14312 6113 3081 9070 
14313 8469 5405 9113 
14314 5462 9113 9131 
14315 3062 4384 9037 
14316 4455 5748 5749 
14317 8911 1002 9106 
14318 2502 2504 9062 
14319 7695 4759 9167 
14320 3836 3502 9054 
14321 8948 1416 9103 
14322 5095 4183 6097 
14323 9109 7541 9186 
14324 4037 4409 4855 
14325 1949 1948 1950 
14326 4800 4406 4976 
14327 8924 1004 9102 
14328 4855 4409 5702 
14329 4855 5702 6355 
14330 6085 5453 9114 
14331 6033 9075 9120 
14332 1470 1467 8734 
14333 1986 1985 9034 
14334 4510 5003 5780 
14335 7580 2540 9172 
14336 3058 3062 9037 
14337 6103 6561 9166 
14338 3126 3124 3127 
14339 4105 4869 9054 
14340 5926 2502 9062 
14341 4539 9115 9166 
14342 938 936 3118 
14343 1094 1095 9193 
14344 966 4053 4342 
14345 4342 4885 5635 
14346 7596 5176 9208 
14347 9073 5386 9084 
14348 1984 1982 1985 
14349 955 953 956 
14350 3101 3102 3565 
14351 1981 1979 3034 
14352 9123 1460 9208 
14353 6356 6551 9249 
14354 7519 7518 9258 
14355 3021 8998 9115 
14356 5095 6097 6098 
14357 6091 8885 9108 
14358 7695 9167 9170 
14359 3130 3513 5480 
14360 962 961 963 
14361 2001 3962 9065 
14362 4770 9067 9197 
14363 7464 9209 9210 
14364 4490 5031 9068 
14365 7434 5452 9106 
14366 973 975 9050 
14367 4405 4404 4406 
14368 3065 973 9050 
14369 5825 5060 5826 
14370 4384 3860 9068 
14371 7683 5182 9119 
14372 1974 1975 1976 
14373 5506 7866 9281 
14374 3096 3098 5490 
14375 3134 3095 4514 
14376 8998 6102 9115 
14377 9103 7439 9184 
14378 4001 9052 9147 
14379 6099 9087 9135 
14380 3057 3055 9056 
14381 6099 9108 9140 
14382 6107 9221 9231 
14383 5920 5919 9143 
14384 4007 5519 9246 
14385 1099 1102 9122 
14386 3765 2598 9209 
14387 4771 3053 9162 
14388 3949 3034 3950 
14389 8886 9040 9144 
14390 4248 4575 4605 
14391 5508 4060 5509 
14392 5404 7695 9170 
14393 1480 3120 3121 
14394 6463 6465 9215 
14395 2606 7464 9210 
14396 4745 6069 9131 
14397 3860 4490 9068 
14398 8875 8948 9103 
14399 4248 4605 6144 
14400 3189 3187 3194 
14401 2594 2593 9210 
14402 2504 4620 9062 
14403 6224 5404 9121 
14404 963 964 965 
14405 974 971 9066 
14406 2597 2606 9210 
14407 5388 9032 9182 
14408 955 957 958 
14409 4766 3950 4788 
14410 9301 4244 9328 
14411 7515 7553 9130 
14412 5483 5484 6222 
14413 3175 3271 9290 
14414 3749 4182 4248 
14415 5510 4443 5511 
14416 4857 6368 9239 
14417 7516 9141 9188 
14418 6069 4772 9174 
14419 7516 9130 9141 
14420 965 964 966 
14421 7549 7595 9236 
14422 3064 4754 9128 
14423 965 966 967 
14424 1978 1976 1979 
14425 2005 9065 9148 
14426 9471 4806 9583 
14427 5169 7549 9261 
14428 5058 5859 5860 
14429 7518 4196 9285 
14430 4620 6104 9062 
14431 1980 1979 1981 
14432 980 977 9081 
14433 5480 5481 5482 
14434 4001 4000 9129 
14435 3581 3021 9115 
14436 1989 1986 9034 
14437 975 978 9050 
14438 3061 3646 9256 
14439 4760 5928 9199 
14440 5687 6576 9080 
14441 5102 5103 5908 
14442 3079 6113 9105 
14443 4793 5464 6142 
14444 4758 9094 9159 
14445 2493 3748 3749 
14446 3122 3120 5492 
14447 3645 3060 9089 
14448 4064 4063 4404 
14449 3081 3083 9070 
14450 4756 9168 9200 
14451 3130 3131 3513 
14452 6630 6523 9228 
14453 4766 4788 6090 
14454 949 947 950 
14455 9120 5465 9167 
14456 8824 3916 9127 
14457 1495 1494 7365 
14458 959 960 961 
14459 2452 2449 7322 
14460 3565 3566 4121 
14461 5896 4594 6825 
14462 4938 4928 9076 
14463 3121 3122 3123 
14464 4004 9128 9179 
14465 3949 3950 4766 
14466 8985 6033 9120 
14467 2575 2573 9230 
14468 5480 3513 5481 
14469 958 957 959 
14470 5467 3106 7649 
14471 5506 9309 9323 
14472 2493 3749 4006 
14473 9159 8585 9194 
14474 2482 2484 2485 
14475 4333 3086 9074 
14476 3215 3213 5537 
14477 6144 4605 6145 
14478 3906 3905 4583 
14479 1981 3034 3949 
14480 6155 5511 6156 
14481 2443 5469 9196 
14482 4628 4052 9133 
14483 3013 1989 9034 
14484 1475 1474 9175 
14485 3084 3577 9074 
14486 5047 5845 5846 
14487 1995 1992 9105 
14488 8812 4608 9142 
14489 5436 8969 9148 
14490 976 3932 9081 
14491 910 3181 3891 
14492 948 949 5087 
14493 6299 5473 9218 
14494 4931 3837 9097 
14495 977 976 9081 
14496 5482 5483 6433 
14497 1074 1075 9226 
14498 1078 5156 9226 
14499 4196 3033 9137 
14500 3704 9155 9227 
14501 3086 3084 9074 
14502 4183 963 9077 
14503 9179 6106 9221 
14504 4060 3541 7379 
14505 5466 3065 9050 
14506 3760 2509 9104 
14507 9065 6109 9148 
14508 3123 3124 3125 
14509 4136 3645 9089 
14510 5436 9148 9207 
14511 4406 4404 5805 
14512 7049 9529 9554 
14513 4930 6541 9076 
14514 3932 6110 9081 
14515 3516 5462 9139 
14516 3185 5500 9304 
14517 9113 6094 9131 
14518 1970 1971 1972 
14519 84 633 8116 
14520 1966 1967 1968 
14521 5079 4583 5886 
14522 5489 8863 9262 
14523 2485 2488 2489 
14524 7443 4636 9261 
14525 961 960 9101 
14526 4053 964 9101 
14527 2491 2492 2493 
14528 6107 4088 9221 
14529 3837 3614 9097 
14530 1992 1991 9105 
14531 6046 4757 9135 
14532 3125 3126 3128 
14533 3621 3620 4063 
14534 5059 4143 5060 
14535 9148 6109 9207 
14536 2506 2503 9152 
14537 1976 1975 9063 
14538 4928 4930 9076 
14539 1511 1514 9196 
14540 3030 3627 9206 
14541 5482 5481 5483 
14542 2489 2490 2491 
14543 9115 6102 9166 
14544 2450 2449 2452 
14545 1906 1909 9198 
14546 3912 5497 9282 
14547 4031 4134 5546 
14548 955 956 957 
14549 1939 1938 1940 
14550 9359 7551 9398 
14551 980 9081 9182 
14552 4754 9114 9128 
14553 5887 5886 7161 
14554 3614 4333 9097 
14555 5102 3113 5103 
14556 7004 5087 7206 
14557 7428 5388 9168 
14558 951 953 954 
14559 5919 7295 9143 
14560 4628 9133 9146 
14561 3060 9037 9089 
14562 3891 7254 9185 
14563 1943 1942 1944 
14564 6300 4628 9146 
14565 3629 4030 4031 
14566 9094 8706 9159 
14567 6310 6311 6312 
14568 3132 3128 3704 
14569 954 953 955 
14570 4763 4857 9231 
14571 4600 9051 9165 
14572 1974 1972 1975 
14573 3911 3745 4566 
14574 9390 6142 9459 
14575 9413 4625 9432 
14576 4952 4953 6267 
14577 5414 8740 9147 
14578 3134 5745 6532 
14579 3475 3229 4794 
14580 3293 3291 3294 
14581 3897 5117 9192 
14582 5826 5828 6282 
14583 3236 3234 3237 
14584 9098 2015 9163 
14585 9137 3483 9160 
14586 4479 3118 4480 
14587 1852 1854 1855 
14588 8885 3050 9140 
14589 3126 3127 3130 
14590 6123 5008 6402 
14591 3812 8902 9141 
14592 4057 3032 9206 
14593 4806 3173 8955 
14594 2478 2480 5455 
14595 1480 1478 3120 
14596 3768 9109 9186 
14597 9108 8885 9140 
14598 1909 9238 9450 
14599 4636 7588 9261 
14600 6575 4938 9076 
14601 1494 3150 3151 
14602 963 965 9077 
14603 6402 5008 6403 
14604 1789 1793 1794 
14605 945 943 946 
14606 9155 5480 9227 
14607 1484 1481 7416 
14608 3673 4455 9287 
14609 3151 3177 3178 
14610 1464 1461 9123 
14611 8875 9103 9184 
14612 5482 6434 9227 
14613 9135 5487 9197 
14614 3104 3103 3620 
14615 3121 3120 3122 
14616 7327 5923 9116 
14617 9201 5477 9235 
14618 3125 3124 3126 
14619 4063 3620 4475 
14620 1964 1965 1966 
14621 6112 3934 9123 
14622 1991 3079 9105 
14623 7570 9271 9279 
14624 1967 1965 3088 
14625 9081 6110 9182 
14626 6112 9123 9208 
14627 3660 2992 9243 
14628 5414 9147 9176 
14629 5484 5481 9125 
14630 8724 4767 9154 
14631 3123 3122 3124 
14632 1440 9014 9144 
14633 2559 2561 9161 
14634 1631 1629 1632 
14635 3577 4037 9112 
14636 3212 3628 3629 
14637 1979 1976 9063 
14638 3513 3514 9125 
14639 3514 4009 9125 
14640 5124 7289 9178 
14641 8969 2005 9148 
14642 3134 4514 5745 
14643 5465 5460 9167 
14644 5716 5682 5806 
14645 941 939 942 
14646 3940 6105 6129 
14647 4614 3760 9104 
14648 2489 2491 3814 
14649 1970 1968 1971 
14650 3949 6120 9132 
14651 9005 4242 9247 
14652 3329 3327 3330 
14653 2453 2452 2454 
14654 9051 8795 9165 
14655 6115 8886 9144 
14656 5516 4400 5517 
14657 3227 3177 4779 
14658 964 961 9101 
14659 4625 2548 9169 
14660 952 3095 3134 
14661 8795 7313 9165 
14662 6097 4183 9077 
14663 8706 5463 9159 
14664 949 950 951 
14665 4706 5931 9211 
14666 1518 3161 7336 
14667 3909 3908 4586 
14668 3660 9228 9273 
14669 1995 9105 9190 
14670 6532 5745 6624 
14671 9167 5460 9170 
14672 3110 3108 9150 
14673 1960 1961 1962 
14674 9194 5442 9241 
14675 5488 8952 9253 
14676 970 967 9124 
14677 3177 3150 9153 
14678 4823 3921 4824 
14679 2455 2454 2456 
14680 4037 4855 9112 
14681 3417 3415 7019 
14682 9154 5456 9173 
14683 951 950 952 
14684 5087 949 9093 
14685 2540 7511 9172 
14686 945 947 948 
14687 965 968 9077 
14688 5071 6756 6941 
14689 5524 3863 5525 
14690 5509 4060 7379 
14691 7575 9102 9177 
14692 7344 4614 9104 
14693 948 947 949 
14694 5460 5472 9170 
14695 6160 5517 6161 
14696 1542 7142 9499 
14697 941 943 944 
14698 3034 1979 9063 
14699 1985 1982 9132 
14700 951 952 953 
14701 9128 6100 9179 
14702 9102 5728 9177 
14703 5446 8986 9190 
14704 928 926 4477 
14705 6102 6103 9166 
14706 6095 9188 9199 
14707 3100 3101 3103 
14708 1528 4012 7431 
14709 9191 5493 9278 
14710 3157 3158 3540 
14711 3195 3194 3908 
14712 3934 1464 9123 
14713 5844 5414 9176 
14714 7609 9163 9247 
14715 9105 6113 9190 
14716 2457 2456 3745 
14717 3098 3099 3100 
14718 3100 3099 3101 
14719 2414 2418 7326 
14720 3098 3097 3099 
14721 1390 7607 9181 
14722 4772 6117 9174 
14723 1982 1981 9132 
14724 3258 9198 9407 
14725 1502 1499 9244 
14726 9074 3577 9112 
14727 9130 3812 9141 
14728 5466 9050 9189 
14729 1527 1526 1528 
14730 3053 3051 9162 
14731 967 966 9124 
14732 4770 9197 9259 
14733 5625 4851 5627 
14734 5923 7762 9116 
14735 3156 3159 3212 
14736 3904 4571 4580 
14737 9231 4857 9239 
14738 4587 4586 5892 
14739 940 941 9086 
14740 9585 6555 9630 
14741 966 4342 9124 
14742 2015 9024 9163 
14743 1933 1932 1934 
14744 6096 7516 9188 
14745 1966 1965 1967 
14746 1505 1504 9136 
14747 6118 9280 9289 
14748 5176 7491 9191 
14749 7632 4770 9259 
14750 7542 7545 9186 
14751 6118 6119 9280 
14752 9050 978 9189 
14753 5476 7361 9302 
14754 944 943 945 
14755 4613 7421 9306 
14756 3171 3170 3548 
14757 4345 4777 9307 
14758 3096 3088 3097 
14759 5728 6219 9177 
14760 3746 3893 4180 
14761 6046 9135 9197 
14762 9189 8963 9229 
14763 3178 3227 3228 
14764 1964 1962 1965 
14765 9249 6551 9283 
14766 978 8963 9189 
14767 3219 3217 3220 
14768 3565 4121 4380 
14769 949 951 9093 
14770 6299 9218 9266 
14771 5481 3513 9125 
14772 5488 9253 9273 
14773 945 946 947 
14774 4380 4121 4952 
14775 5059 5825 6725 
14776 5619 3342 7117 
14777 4753 8875 9184 
14778 935 933 936 
14779 3096 3097 3098 
14780 1489 1488 9220 
14781 6100 9027 9179 
14782 5490 3098 9134 
14783 3100 3104 9134 
14784 5059 5060 5825 
14785 3095 950 9145 
14786 9024 5454 9163 
14787 1954 1955 1956 
14788 4380 4952 5008 
14789 3151 3150 3177 
14790 4022 4345 9297 
14791 7632 9259 9263 
14792 1095 1098 9193 
14793 4380 6123 9157 
14794 6126 7370 9352 
14795 3051 9055 9162 
14796 9258 7518 9285 
14797 1494 1492 3150 
14798 5893 5892 7128 
14799 1981 3949 9132 
14800 1956 1957 1958 
14801 3169 3168 3170 
14802 1967 3088 3096 
14803 3512 3274 4795 
14804 4753 9184 9201 
14805 4478 4477 5753 
14806 941 944 9086 
14807 9032 980 9182 
14808 934 935 3905 
14809 947 946 9145 
14810 4758 9159 9194 
14811 3152 3154 6130 
14812 5432 7632 9263 
14813 3178 3177 3227 
14814 1566 7089 9590 
14815 941 942 943 
14816 6109 6088 9232 
14817 1962 1961 9118 
14818 5089 5075 6813 
14819 4778 7528 9362 
14820 8379 5436 9207 
14821 1929 1928 1930 
14822 937 939 940 
14823 5654 5432 9268 
14824 3113 3110 9150 
14825 5429 4760 9199 
14826 924 5089 9158 
14827 6255 6256 6257 
14828 4765 9207 9232 
14829 940 939 941 
14830 9163 5454 9247 
14831 3127 3124 9164 
14832 1960 1958 1961 
14833 9262 8863 9286 
14834 3230 3475 3651 
14835 4004 9179 9221 
14836 3032 3030 9206 
14837 4779 3177 9153 
14838 3228 3229 3230 
14839 2598 2594 9209 
14840 938 3118 4479 
14841 5432 9263 9268 
14842 3130 5480 9155 
14843 1944 1946 9064 
14844 2593 2597 9210 
14845 1957 1955 3089 
14846 7206 5087 9093 
14847 7424 5458 9248 
14848 8977 4758 9194 
14849 9055 8988 9162 
14850 5904 9189 9229 
14851 3582 4022 9289 
14852 9221 6106 9231 
14853 3272 3176 4782 
14854 1498 1495 7365 
14855 8986 1995 9190 
14856 7464 7465 9296 
14857 3651 4143 4443 
14858 5474 3933 9264 
14859 4634 7436 9298 
14860 5716 6511 6512 
14861 5525 3863 7333 
14862 5904 5466 9189 
14863 3940 3089 4793 
14864 8943 4753 9201 
14865 931 929 932 
14866 3128 3126 9155 
14867 3540 3541 4060 
14868 1985 9132 9237 
14869 5450 9237 9281 
14870 3941 6095 9213 
14871 6122 5446 9272 
14872 3147 3915 9242 
14873 3704 3128 9155 
14874 9209 7464 9296 
14875 5546 4134 5557 
14876 4776 4706 9211 
14877 3175 3176 3271 
14878 6937 4247 6938 
14879 7315 6463 9215 
14880 4480 5682 5716 
14881 7264 5505 9328 
14882 1745 1744 1746 
14883 3122 5492 9164 
14884 6140 4474 6141 
14885 4803 5479 6157 
14886 9297 4345 9307 
14887 1478 1475 9175 
14888 9067 6046 9197 
14889 9197 5487 9259 
14890 3863 3205 7333 
14891 1070 1071 9305 
14892 1485 1484 9293 
14893 1538 3240 7275 
14894 4443 4143 5059 
14895 7161 5886 7163 
14896 1504 3174 3175 
14897 4038 3578 9323 
14898 3651 3475 4143 
14899 3271 3272 3273 
14900 1950 1951 1952 
14901 9237 6120 9281 
14902 7550 2528 9298 
14903 2480 2482 9149 
14904 5494 5488 9273 
14905 5670 6634 6635 
14906 3230 3229 3475 
14907 3568 3844 4014 
14908 3136 3615 9321 
14909 951 954 9093 
14910 3098 3100 9134 
14911 4031 4030 4134 
14912 3126 3130 9155 
14913 1537 1536 1538 
14914 950 947 9145 
14915 5450 9034 9237 
14916 1460 7596 9208 
14917 4612 4613 9306 
14918 4114 3740 6186 
14919 3406 3618 9371 
14920 4558 3892 4559 
14921 5743 5551 5744 
14922 3228 3227 3229 
14923 2530 4634 9298 
14924 7472 4002 9301 
14925 9132 6120 9237 
14926 3248 3247 3250 
14927 6156 5511 6497 
14928 7230 5140 9337 
14929 5492 3120 9175 
14930 931 933 934 
14931 7499 1975 9269 
14932 2409 5498 9343 
14933 5103 3113 9150 
14934 4088 4004 9221 
14935 6097 9077 9257 
14936 9469 6157 9548 
14937 1075 1078 9226 
14938 3223 3221 9267 
14939 935 936 937 
14940 9298 7436 9324 
14941 3629 3628 4030 
14942 4014 4391 5561 
14943 1509 1508 7374 
14944 5716 5806 6511 
14945 2573 5320 9230 
14946 2482 2485 9149 
14947 7485 1424 9324 
14948 3941 9213 9236 
14949 8201 775 8206 
14950 6403 5008 9183 
14951 9421 5389 9428 
14952 9358 1470 9392 
14953 1954 1952 1955 
14954 6523 5494 9228 
14955 7182 3268 9466 
14956 5072 4559 5535 
14957 3183 1944 9064 
14958 4771 9162 9262 
14959 937 936 938 
14960 5473 9089 9218 
14961 890 5061 5071 
14962 5502 9056 9286 
14963 9015 6460 9300 
14964 1968 1967 9180 
14965 956 953 9171 
14966 6106 4763 9231 
14967 1965 1962 9118 
14968 4583 3905 5499 
14969 7283 932 9313 
14970 3940 4793 6105 
14971 914 912 3179 
14972 5897 5896 7233 
14973 1956 1955 1957 
14974 7595 3941 9236 
14975 1971 1968 9180 
14976 2457 3745 3911 
14977 3124 3122 9164 
14978 1580 7189 9276 
14979 9289 4022 9297 
14980 3096 5490 9180 
14981 9089 9037 9218 
14982 934 933 935 
14983 937 938 939 
14984 1946 1947 1948 
14985 6630 9228 9243 
14986 2447 2449 2450 
14987 1957 3089 3940 
14988 4802 4594 5896 
14989 4741 6112 9278 
14990 3900 4812 5521 
14991 3118 936 9205 
14992 3618 4421 4826 
14993 3101 3565 9157 
14994 4134 4030 4895 
14995 63 8121 8124 
14996 3753 4244 9301 
14997 4802 5896 5897 
14998 3103 3101 9157 
14999 4398 6174 9222 
15000 5140 7208 9534 
15001 1923 1922 1924 
15002 2457 3911 3912 
15003 3912 4594 4802 
15004 4479 4480 9138 
15005 9228 3660 9243 
15006 8963 5108 9229 
15007 6124 9342 9387 
15008 927 929 930 
15009 5888 5889 7034 
15010 6108 6107 9239 
15011 4769 9235 9253 
15012 3088 1965 9118 
15013 3145 3147 9242 
15014 9077 968 9257 
15015 953 952 9171 
15016 1947 1945 3105 
15017 4002 2524 9301 
15018 3273 3274 3275 
15019 3912 3911 4594 
15020 4769 8943 9235 
15021 2461 2462 2463 
15022 924 925 5075 
15023 9257 5155 9277 
15024 8943 9201 9235 
15025 7393 5926 9270 
15026 2992 3840 9243 
15027 3891 3181 3892 
15028 904 902 3196 
15029 1696 1695 1697 
15030 9037 4384 9218 
15031 5455 2480 9149 
15032 5458 9020 9248 
15033 5060 4143 9187 
15034 2450 2452 2453 
15035 3475 4794 9187 
15036 3556 3173 4806 
15037 1826 1828 1829 
15038 5508 5509 6235 
15039 925 923 926 
15040 3174 1502 9244 
15041 5578 3251 7248 
15042 3120 1478 9175 
15043 930 929 931 
15044 3134 6532 9171 
15045 7374 7375 7376 
15046 2443 2445 5469 
15047 9111 5137 9374 
15048 1499 1498 9244 
15049 3212 3159 3628 
15050 2453 2454 2455 
15051 1975 1972 9269 
15052 9246 5519 9316 
15053 8977 9194 9241 
15054 5478 8977 9241 
15055 3915 5905 5906 
15056 3628 3159 4115 
15057 3615 4007 9246 
15058 952 3134 9171 
15059 9207 6109 9232 
15060 9188 5429 9199 
15061 2455 2456 2457 
15062 7588 5169 9261 
15063 876 3888 3889 
15064 4775 6122 9316 
15065 5493 3061 9256 
15066 1952 1951 9151 
15067 3275 3512 3547 
15068 921 919 922 
15069 1498 8838 9244 
15070 3905 935 9156 
15071 9247 4242 9280 
15072 3547 4399 4400 
15073 4952 6267 9183 
15074 9253 7571 9273 
15075 5008 4952 9183 
15076 3271 3176 3272 
15077 6161 5517 6162 
15078 3251 3250 3462 
15079 5454 9005 9247 
15080 931 932 933 
15081 3927 6111 6139 
15082 3175 3174 3176 
15083 1944 1945 1946 
15084 3262 3260 3269 
15085 1950 1948 1951 
15086 6174 5618 6418 
15087 6107 9231 9239 
15088 1504 1502 3174 
15089 5487 5485 9259 
15090 9218 4384 9266 
15091 9034 1985 9237 
15092 5480 5482 9227 
15093 775 73 8206 
15094 9150 5467 9292 
15095 3273 3272 3274 
15096 8952 4769 9253 
15097 5446 9190 9272 
15098 1924 1926 8979 
15099 1519 1518 7336 
15100 9112 6356 9249 
15101 3270 3567 3568 
15102 928 4477 4478 
15103 5467 7364 9292 
15104 3565 4380 9157 
15105 7052 6125 9656 
15106 1508 1505 9136 
15107 1518 3160 3161 
15108 933 932 9205 
15109 9522 4953 9578 
15110 9259 5485 9263 
15111 968 8970 9257 
15112 9162 8988 9262 
15113 1967 3096 9180 
15114 4400 4399 5699 
15115 3915 5906 9242 
15116 7472 9301 9328 
15117 5511 4443 9217 
15118 9020 4002 9248 
15119 4478 5753 5755 
15120 3152 3105 3153 
15121 6494 5642 6495 
15122 6813 5075 6814 
15123 9365 5504 9368 
15124 3886 3179 5642 
15125 4794 3229 9216 
15126 1562 3278 7225 
15127 9190 6113 9272 
15128 4480 5716 9138 
15129 3933 5475 9264 
15130 921 923 924 
15131 3547 3512 4399 
15132 5499 9156 9315 
15133 5485 5495 9263 
15134 1940 1941 1942 
15135 9484 6158 9557 
15136 3704 7426 9299 
15137 7228 7430 9531 
15138 935 937 9156 
15139 6112 9191 9278 
15140 3154 3153 3155 
15141 5059 6725 9217 
15142 5736 6542 6543 
15143 3275 3274 3512 
15144 9074 9112 9249 
15145 4011 4265 4266 
15146 9263 5495 9268 
15147 3227 4779 9216 
15148 3765 9209 9296 
15149 6354 9097 9283 
15150 7471 9363 9369 
15151 7475 4244 9342 
15152 3201 3206 3270 
15153 1492 1489 9220 
15154 9186 7545 9271 
15155 4333 9074 9249 
15156 1919 1918 1920 
15157 927 928 929 
15158 9153 3150 9220 
15159 3768 9186 9271 
15160 9144 9014 9258 
15161 3225 3220 3226 
15162 2453 2455 3816 
15163 5495 6268 9268 
15164 4422 4351 5646 
15165 1955 1952 9151 
15166 6442 6441 6443 
15167 5854 5070 6783 
15168 3940 6129 9234 
15169 1551 1550 1552 
15170 3156 3155 3157 
15171 9014 7519 9258 
15172 3156 3157 3159 
15173 6115 9144 9258 
15174 4443 5059 9217 
15175 927 926 928 
15176 4143 3475 9187 
15177 3697 3226 3901 
15178 9474 6144 9489 
15179 6774 5535 6775 
15180 924 923 925 
15181 3154 3155 3156 
15182 920 921 9158 
15183 7717 3768 9271 
15184 1552 3254 7396 
15185 8988 5489 9262 
15186 6120 4766 9309 
15187 3152 3153 3154 
15188 2546 2544 9351 
15189 3166 3164 3167 
15190 1913 1912 1914 
15191 1936 1937 1938 
15192 1961 1958 9234 
15193 1947 3105 3152 
15194 1946 1945 1947 
15195 3897 3896 4572 
15196 4584 2437 7271 
15197 9156 940 9315 
15198 925 926 927 
15199 2459 2460 2461 
15200 3172 3167 3173 
15201 5926 9062 9270 
15202 7571 3660 9273 
15203 5716 6512 9138 
15204 3089 1955 9151 
15205 4244 4243 9342 
15206 1972 1971 9269 
15207 936 933 9205 
15208 5475 5731 9275 
15209 5064 4572 5874 
15210 4333 9249 9283 
15211 5056 5851 6726 
15212 5706 4582 5885 
15213 4384 9068 9266 
15214 1937 1935 3119 
15215 4784 7531 9424 
15216 5883 4581 6760 
15217 3172 3556 3671 
15218 7545 7546 9279 
15219 4169 4170 4556 
15220 6115 9258 9285 
15221 5875 5874 7044 
15222 7609 9247 9280 
15223 3132 3704 9299 
15224 5500 3183 9064 
15225 5506 9281 9309 
15226 5502 9286 9335 
15227 5698 9365 9368 
15228 9124 4342 9302 
15229 4475 3620 9294 
15230 942 939 9219 
15231 917 919 920 
15232 9280 4242 9289 
15233 9264 5475 9275 
15234 917 915 918 
15235 6630 9243 9300 
15236 3540 4060 5507 
15237 1944 1942 1945 
15238 7866 5450 9281 
15239 6119 7609 9280 
15240 1958 1957 9234 
15241 2416 2415 2419 
15242 3197 3199 6146 
15243 8121 8123 8124 
15244 7374 1508 7375 
15245 9243 3840 9300 
15246 921 922 923 
15247 937 940 9156 
15248 916 917 9202 
15249 5504 4947 9359 
15250 3263 3262 9319 
15251 3150 1492 9220 
15252 5507 4060 5508 
15253 9062 6104 9270 
15254 7376 7375 9059 
15255 6098 6097 9277 
15256 6497 5511 9217 
15257 3229 3227 9216 
15258 7631 5502 9335 
15259 4337 4338 4339 
15260 4810 5501 6168 
15261 6113 9070 9272 
15262 3202 3203 3204 
15263 5103 9150 9292 
15264 4420 3196 4489 
15265 5507 5508 5703 
15266 3671 4343 4474 
15267 3156 3212 9240 
15268 7419 5922 9377 
15269 920 919 921 
15270 3251 3462 7248 
15271 1529 1528 7431 
15272 5021 4472 5107 
15273 6114 6115 9285 
15274 4771 9262 9286 
15275 5471 9502 9566 
15276 921 924 9158 
15277 6130 3154 9240 
15278 1940 1938 1941 
15279 913 915 916 
15280 4475 9294 9341 
15281 1512 1509 7374 
15282 5499 3905 9156 
15283 5071 6942 9310 
15284 1599 1598 1600 
15285 3161 3162 3163 
15286 7241 7240 9327 
15287 6122 9246 9316 
15288 9270 6104 9291 
15289 6405 5596 6406 
15290 939 938 9219 
15291 6138 4741 9278 
15292 6122 9272 9321 
15293 4268 4269 4373 
15294 4780 9232 9357 
15295 1934 1935 1936 
15296 1942 1941 9204 
15297 3927 3119 4803 
15298 938 4479 9219 
15299 1471 1470 9358 
15300 4242 3582 9289 
15301 2432 2434 4597 
15302 3162 3160 5513 
15303 3103 9157 9294 
15304 1561 1560 1562 
15305 3900 5521 9394 
15306 5075 925 9212 
15307 3908 3194 4246 
15308 7375 1508 9136 
15309 3172 3173 3556 
15310 5561 4391 5575 
15311 3163 3164 3165 
15312 1513 1512 9318 
15313 1957 3940 9234 
15314 7465 7468 9296 
15315 4795 3274 9254 
15316 1488 1485 9293 
15317 923 922 9252 
15318 1909 1908 1910 
15319 7361 9124 9302 
15320 1576 3302 7189 
15321 4766 6090 9309 
15322 4455 5749 9287 
15323 9157 6123 9294 
15324 9056 4771 9286 
15325 4474 4343 5652 
15326 6104 7354 9291 
15327 3899 3742 4552 
15328 3272 4782 9254 
15329 3671 3556 4343 
15330 3165 3166 3168 
15331 6117 6118 9297 
15332 911 909 912 
15333 4477 926 9252 
15334 6090 4788 9347 
15335 1930 1931 1932 
15336 9097 4333 9283 
15337 4031 5547 9390 
15338 3213 1924 8979 
15339 4014 3844 4391 
15340 5749 5748 6441 
15341 2528 2530 9298 
15342 2420 2419 2421 
15343 6097 9257 9277 
15344 5093 3396 7041 
15345 6118 9289 9297 
15346 4016 4017 5579 
15347 916 915 917 
15348 1071 1074 9305 
15349 5444 4612 9306 
15350 2524 3753 9301 
15351 1961 9234 9332 
15352 925 927 9212 
15353 3187 3185 9304 
15354 5010 4276 5011 
15355 3840 9015 9300 
15356 9271 7545 9279 
15357 3568 3567 3844 
15358 1545 1548 9343 
15359 6117 9297 9307 
15360 7631 9335 9348 
15361 3152 6130 9265 
15362 5444 9306 9312 
15363 1937 3119 3927 
15364 917 918 919 
15365 7240 5444 9312 
15366 3620 3103 9294 
15367 894 892 3210 
15368 3548 4103 4398 
15369 9286 8863 9335 
15370 1518 1516 3160 
15371 1556 7396 9303 
15372 3161 3160 3162 
15373 4556 4557 5069 
15374 3215 5537 9214 
15375 2422 2421 2423 
15376 9352 4777 9355 
15377 5514 4390 9368 
15378 917 920 9202 
15379 3157 3540 9233 
15380 1780 1786 9511 
15381 3431 3881 4089 
15382 3532 3132 9299 
15383 4012 4774 5549 
15384 1951 1948 9265 
15385 1948 1947 9265 
15386 1586 3333 7164 
15387 1936 1935 1937 
15388 3204 3205 3863 
15389 6127 6126 9355 
15390 3886 6494 6496 
15391 3927 4803 6111 
15392 3700 3269 3701 
15393 1528 3919 4012 
15394 4115 3159 9233 
15395 1945 1942 9204 
15396 4342 5635 9302 
15397 3165 3164 3166 
15398 2445 2447 9251 
15399 3166 3167 3172 
15400 5908 5103 9311 
15401 3105 1945 9204 
15402 932 929 9313 
15403 1522 1519 7336 
15404 3154 3156 9240 
15405 4774 3919 6143 
15406 907 905 908 
15407 5843 6761 6762 
15408 3673 3331 4015 
15409 1894 1896 7352 
15410 3889 5109 9336 
15411 9281 6120 9309 
15412 5461 9332 9362 
15413 3578 5506 9323 
15414 4787 9418 9430 
15415 9136 3175 9290 
15416 6088 4775 9316 
15417 9332 6129 9362 
15418 914 3179 3886 
15419 4895 4030 9260 
15420 9234 6129 9332 
15421 910 911 3181 
15422 1639 1649 9501 
15423 4030 3628 9260 
15424 929 928 9313 
15425 3628 4115 9260 
15426 5549 5912 6169 
15427 2424 2423 3742 
15428 4398 4920 5618 
15429 3274 3272 9254 
15430 1934 1932 1935 
15431 3159 3157 9233 
15432 1424 7550 9324 
15433 3285 3284 3286 
15434 1926 1927 1928 
15435 927 930 9212 
15436 6814 5075 9212 
15437 3163 3162 3164 
15438 4391 3844 4924 
15439 6133 6131 9415 
15440 7338 9401 9412 
15441 4559 3892 4560 
15442 5461 9118 9332 
15443 3548 3170 4103 
15444 2447 2450 9251 
15445 928 4478 9313 
15446 6444 6443 6577 
15447 926 923 9252 
15448 1539 1538 7275 
15449 907 909 910 
15450 5503 6150 9388 
15451 6188 6481 6482 
15452 1927 1925 3135 
15453 3617 3727 4016 
15454 6143 9421 9428 
15455 5655 3701 5881 
15456 3886 5642 6494 
15457 6539 5881 7036 
15458 9070 3136 9321 
15459 9316 5519 9357 
15460 9174 6117 9307 
15461 9294 6123 9341 
15462 5052 6680 6759 
15463 3895 4820 5542 
15464 5510 6155 9404 
15465 1924 1925 1926 
15466 1903 1902 1904 
15467 5505 7472 9328 
15468 1932 1931 9245 
15469 9272 9070 9321 
15470 4600 7329 9410 
15471 3249 3246 3331 
15472 9185 7254 9465 
15473 2398 3733 9438 
15474 911 912 913 
15475 5618 4920 6266 
15476 3245 3243 3246 
15477 4398 4103 4920 
15478 5514 9359 9398 
15479 1930 1928 1931 
15480 9596 5509 9646 
15481 9318 1512 9384 
15482 910 909 911 
15483 5469 2445 9251 
15484 903 905 906 
15485 9269 1971 9338 
15486 913 914 915 
15487 6634 5671 6636 
15488 1947 3152 9265 
15489 3270 3206 3567 
15490 5526 9030 9416 
15491 9415 6131 9423 
15492 6406 5596 9397 
15493 6158 9484 9521 
15494 6131 6132 9423 
15495 852 3883 3884 
15496 1523 1522 9350 
15497 913 912 914 
15498 5103 9292 9311 
15499 2457 3912 9282 
15500 3342 3474 7117 
15501 7240 9312 9327 
15502 3540 5507 9233 
15503 6414 6413 6415 
15504 1899 1898 1900 
15505 940 9086 9315 
15506 7338 9149 9401 
15507 900 901 3896 
15508 3924 6121 6153 
15509 2402 2400 9078 
15510 3567 3206 4325 
15511 4783 3902 4798 
15512 9304 5500 9385 
15513 7351 5492 9344 
15514 6132 6420 9427 
15515 906 905 907 
15516 5913 4798 6158 
15517 988 989 9361 
15518 5071 5061 6756 
15519 2455 2457 9282 
15520 901 899 902 
15521 8863 4776 9335 
15522 3816 2455 9282 
15523 3319 3616 3617 
15524 9423 6132 9427 
15525 1528 1526 3919 
15526 9605 6125 9618 
15527 3927 6139 9295 
15528 904 3196 4420 
15529 3197 3135 3198 
15530 9134 4245 9389 
15531 4783 5913 7082 
15532 5683 7283 9422 
15533 7266 5540 9447 
15534 9118 1961 9332 
15535 2463 2464 2466 
15536 4782 3176 9360 
15537 5549 4774 5912 
15538 1822 1824 1825 
15539 4012 3919 4774 
15540 907 908 909 
15541 3201 3202 3206 
15542 3376 3378 9622 
15543 3696 3266 5122 
15544 3199 3198 3200 
15545 3201 3200 3202 
15546 1941 1938 9295 
15547 3179 912 9308 
15548 1920 1921 1922 
15549 1532 1529 7431 
15550 3217 3215 9214 
15551 1938 1937 9295 
15552 5912 9473 9506 
15553 3199 3200 3201 
15554 4243 4618 9342 
15555 9335 4776 9348 
15556 5069 5864 5865 
15557 3235 3238 3319 
15558 1935 1932 9245 
15559 1951 9265 9354 
15560 3194 3187 9304 
15561 3119 1935 9245 
15562 5601 3287 7207 
15563 897 899 900 
15564 5464 9151 9354 
15565 1927 3135 3197 
15566 4029 4028 4850 
15567 3236 3237 3550 
15568 9307 4777 9352 
15569 9425 7323 9440 
15570 7375 9136 9290 
15571 1538 3239 3240 
15572 3901 3902 4582 
15573 6116 9358 9392 
15574 6410 4988 6411 
15575 3935 6137 9406 
15576 1488 9293 9367 
15577 4420 5661 6149 
15578 897 895 898 
15579 6891 637 7029 
15580 4788 6134 9347 
15581 5670 5671 6634 
15582 909 908 9308 
15583 9059 7375 9290 
15584 1926 1925 1927 
15585 5010 5011 6191 
15586 3197 3198 3199 
15587 3673 4276 4455 
15588 2390 5515 9396 
15589 1924 1922 1925 
15590 9568 6168 9625 
15591 7044 5874 7049 
15592 866 4555 5056 
15593 4780 9357 9398 
15594 6123 6402 9341 
15595 7500 9338 9389 
15596 4420 4489 5661 
15597 1516 1513 9318 
15598 3204 3863 5523 
15599 6088 9316 9357 
15600 3738 9585 9630 
15601 6135 9426 9436 
15602 5523 5524 5670 
15603 4599 4600 9410 
15604 5523 3863 5524 
15605 9175 1474 9344 
15606 1893 1892 1894 
15607 5540 5536 9461 
15608 5533 7306 9412 
15609 9265 6130 9354 
15610 5876 4573 6733 
15611 5670 5524 5671 
15612 1569 1572 9396 
15613 9344 1474 9358 
15614 3201 3270 9317 
15615 4405 4800 9451 
15616 2544 5217 9351 
15617 6135 6136 9426 
15618 3673 4015 4276 
15619 3394 3393 3395 
15620 9192 5117 9505 
15621 7551 4780 9398 
15622 2413 2415 2416 
15623 880 878 3255 
15624 4572 3896 5527 
15625 1575 1574 1576 
15626 1971 9180 9338 
15627 3241 3239 5534 
15628 4787 4785 9418 
15629 4256 4259 4260 
15630 9623 7184 9654 
15631 3550 3551 3739 
15632 6146 3199 9317 
15633 911 913 9274 
15634 4799 7496 9512 
15635 1620 2356 2459 
15636 3181 911 9274 
15637 4455 5010 5748 
15638 900 899 901 
15639 9350 1522 9421 
15640 6138 7420 9430 
15641 1937 3927 9295 
15642 3240 3241 3242 
15643 9314 6140 9373 
15644 5537 3213 8979 
15645 903 904 905 
15646 6129 6105 9381 
15647 3901 3226 3902 
15648 3167 3164 9330 
15649 903 902 904 
15650 4777 4978 9355 
15651 4064 4405 9443 
15652 2424 3742 3899 
15653 3231 3233 6159 
15654 3306 3304 5559 
15655 3224 3904 9383 
15656 6152 7267 9515 
15657 1916 1917 1918 
15658 5884 5883 7131 
15659 1533 1532 9386 
15660 5500 7292 9385 
15661 3249 3331 3673 
15662 6839 9844 9869 
15663 3172 3671 9314 
15664 3168 3166 9314 
15665 901 902 903 
15666 5579 4017 5595 
15667 1922 1921 9284 
15668 9180 5490 9338 
15669 4776 9211 9348 
15670 4504 4503 4900 
15671 3889 3888 4561 
15672 3196 902 9339 
15673 5513 3160 9318 
15674 4778 9362 9381 
15675 1474 1471 9358 
15676 9470 6283 9569 
15677 4812 4581 5883 
15678 2424 3899 3900 
15679 6527 5667 6692 
15680 9296 7468 9363 
15681 7336 5389 9421 
15682 4246 3194 9304 
15683 3765 9296 9363 
15684 6557 6697 9630 
15685 1920 1918 1921 
15686 1914 1915 1916 
15687 2416 2419 2420 
15688 7253 9402 9464 
15689 5492 9175 9344 
15690 6794 6852 6853 
15691 5538 9058 9492 
15692 1553 1552 7396 
15693 4783 4798 5913 
15694 4812 5883 5884 
15695 3242 3243 3244 
15696 3924 3180 4810 
15697 2489 3814 9401 
15698 3900 4581 4812 
15699 7528 5461 9362 
15700 5504 9359 9368 
15701 1917 1915 3180 
15702 3171 4815 9473 
15703 4947 7551 9359 
15704 9030 5538 9453 
15705 6870 654 6871 
15706 2397 2396 2400 
15707 4455 4276 5010 
15708 3220 3217 9214 
15709 893 895 896 
15710 913 916 9274 
15711 2420 2421 2422 
15712 7662 3765 9363 
15713 3162 5513 9330 
15714 912 909 9308 
15715 3245 3246 3249 
15716 3894 3734 4545 
15717 7370 9174 9352 
15718 890 891 5061 
15719 3900 3899 4581 
15720 4096 4447 4834 
15721 9441 3816 9483 
15722 1596 2367 9518 
15723 5470 9382 9424 
15724 2422 2423 2424 
15725 3244 3245 3247 
15726 3166 3172 9314 
15727 4901 4900 5782 
15728 3287 3286 3490 
15729 4582 3902 4783 
15730 6814 9212 9374 
15731 5058 4561 5859 
15732 6411 6413 6414 
15733 3400 7204 9393 
15734 4016 3727 4017 
15735 5536 7386 9490 
15736 891 889 892 
15737 4585 4580 5888 
15738 918 915 9329 
15739 4014 5565 9469 
15740 4987 4374 4988 
15741 9149 2485 9401 
15742 3342 3341 3474 
15743 9338 5490 9389 
15744 1910 1911 1912 
15745 5513 9318 9384 
15746 9359 5514 9368 
15747 3250 3247 3679 
15748 9382 6139 9424 
15749 9151 1951 9354 
15750 3160 1516 9318 
15751 7285 9650 9670 
15752 1798 1799 1800 
15753 5797 5504 9365 
15754 3621 4064 9436 
15755 7314 3814 9445 
15756 7282 7281 9483 
15757 3174 9244 9360 
15758 2409 2411 5498 
15759 3895 5542 9482 
15760 3340 3339 3341 
15761 7468 7469 9369 
15762 896 895 897 
15763 5518 6116 9392 
15764 9357 5519 9398 
15765 5860 5859 6985 
15766 5499 7323 9425 
15767 6142 5464 9414 
15768 897 898 899 
15769 3197 6146 9346 
15770 9232 6088 9357 
15771 1941 9295 9382 
15772 9212 930 9374 
15773 3884 5099 9395 
15774 1538 1536 3239 
15775 5470 9204 9382 
15776 5749 6442 9476 
15777 9342 4618 9387 
15778 4390 5698 9368 
15779 9490 7386 9510 
15780 9443 4405 9451 
15781 3164 3162 9330 
15782 3135 1925 9284 
15783 3310 3308 3311 
15784 5783 5782 6254 
15785 5516 6160 9471 
15786 899 898 9339 
15787 3176 3174 9360 
15788 3199 3201 9317 
15789 7314 9445 9458 
15790 9447 5540 9461 
15791 1931 1928 9346 
15792 915 914 9329 
15793 1925 1922 9284 
15794 5885 4582 9326 
15795 5575 4391 9334 
15796 9244 8838 9360 
15797 1552 3253 3254 
15798 5906 5905 9399 
15799 3240 3239 3241 
15800 5595 4017 5596 
15801 1585 1584 1586 
15802 3535 3359 4817 
15803 3244 3243 3245 
15804 3618 4826 9371 
15805 3886 6496 9329 
15806 3896 901 9320 
15807 887 885 888 
15808 3212 3629 9459 
15809 887 889 890 
15810 9174 9307 9352 
15811 7183 7182 9322 
15812 3254 3297 3343 
15813 4020 4095 4096 
15814 4823 4824 6177 
15815 7420 7419 9377 
15816 3924 4810 6121 
15817 1542 1539 7275 
15818 914 3886 9329 
15819 6756 5061 6757 
15820 4308 4310 4311 
15821 6819 5616 9847 
15822 3242 3241 3243 
15823 4246 9304 9385 
15824 7374 7376 9384 
15825 2401 2400 2402 
15826 4391 4924 9334 
15827 3617 3616 3727 
15828 3256 3255 3257 
15829 5532 5531 9458 
15830 9220 1488 9367 
15831 3739 3740 4114 
15832 4325 3206 9356 
15833 4247 1894 7352 
15834 1928 1927 9346 
15835 9295 6139 9382 
15836 1889 1888 1890 
15837 5736 6405 6542 
15838 3357 3297 4807 
15839 1560 1557 9433 
15840 1917 3180 3924 
15841 930 9111 9374 
15842 1885 1884 1886 
15843 2403 2402 2404 
15844 3571 3257 4454 
15845 6313 6312 6314 
15846 1914 1912 1915 
15847 4924 3844 9340 
15848 5595 5596 5736 
15849 3206 3202 9356 
15850 2420 2422 3817 
15851 9377 5922 9462 
15852 1906 1907 1908 
15853 883 881 884 
15854 1526 1523 9350 
15855 3202 3204 9356 
15856 9367 7266 9447 
15857 7431 6151 9468 
15858 7163 5886 9425 
15859 9386 1532 9468 
15860 3222 3224 9383 
15861 1904 1905 1906 
15862 3170 3168 9373 
15863 4103 3170 9373 
15864 3844 3567 9340 
15865 5736 5596 6405 
15866 3297 3253 9370 
15867 1916 1915 1917 
15868 2493 4006 9445 
15869 6143 3919 9350 
15870 5643 9308 9444 
15871 4583 5499 9425 
15872 901 903 9320 
15873 870 868 4431 
15874 9436 4064 9443 
15875 9561 6972 9854 
15876 4179 4178 6230 
15877 3168 9314 9373 
15878 2405 2404 3734 
15879 1907 1905 3182 
15880 3733 5899 9438 
15881 1563 1562 7225 
15882 890 889 891 
15883 3814 2491 9445 
15884 818 4107 4510 
15885 9274 9203 9391 
15886 891 892 893 
15887 9348 6133 9415 
15888 3567 4325 9340 
15889 9153 9220 9367 
15890 4782 9360 9416 
15891 9406 6137 9418 
15892 3343 3357 3358 
15893 883 885 886 
15894 7060 724 7062 
15895 893 892 894 
15896 1910 1908 1911 
15897 7294 9251 9441 
15898 5518 9392 9406 
15899 9362 6129 9381 
15900 5670 6635 9435 
15901 9363 7468 9369 
15902 3904 4580 4585 
15903 3727 3616 4437 
15904 1912 1911 9331 
15905 893 894 895 
15906 4783 7082 9326 
15907 902 899 9339 
15908 4410 3657 7203 
15909 5922 5503 9388 
15910 3319 3238 3616 
15911 4008 4787 9462 
15912 4798 3902 9372 
15913 6143 9350 9421 
15914 3904 4585 9383 
15915 4618 7124 9387 
15916 3366 3364 3367 
15917 4560 3892 9391 
15918 3287 3490 7207 
15919 1927 3197 9346 
15920 4582 4783 9326 
15921 3920 4801 6163 
15922 4877 4431 5759 
15923 903 906 9320 
15924 6934 710 6935 
15925 908 905 9345 
15926 882 883 9325 
15927 6255 6254 6256 
15928 4793 6142 9456 
15929 7631 9348 9415 
15930 4114 6186 6187 
15931 5519 5514 9398 
15932 9389 4245 9426 
15933 1470 8734 9392 
15934 5899 5848 5900 
15935 9204 1941 9382 
15936 3629 4031 9390 
15937 905 904 9345 
15938 3204 5523 9356 
15939 886 885 887 
15940 9313 4478 9422 
15941 9416 9030 9453 
15942 9388 6150 9485 
15943 7385 4006 9474 
15944 9593 3817 9613 
15945 9390 5547 9456 
15946 3919 1526 9350 
15947 5490 9134 9389 
15948 6378 6379 6380 
15949 7169 7168 9432 
15950 5527 3896 9320 
15951 904 4420 9345 
15952 1931 9346 9417 
15953 887 888 889 
15954 3231 3182 3232 
15955 4585 5888 5902 
15956 6198 5556 6199 
15957 1547 1546 9419 
15958 6791 1770 9959 
15959 5033 5034 5035 
15960 9418 6137 9430 
15961 3644 4019 4020 
15962 3892 3181 9391 
15963 7125 5101 9532 
15964 3254 3253 3297 
15965 5464 9354 9414 
15966 1900 1901 1902 
15967 5479 9245 9417 
15968 1930 1933 9484 
15969 3358 3359 3360 
15970 1512 7374 9384 
15971 5905 7159 9399 
15972 877 875 878 
15973 3657 3311 3658 
15974 3246 3243 9376 
15975 3233 3232 3234 
15976 2453 3816 9441 
15977 4542 4543 5831 
15978 3235 3236 3238 
15979 879 881 882 
15980 9354 6130 9414 
15981 3571 5029 5732 
15982 842 5040 5052 
15983 3396 3395 3557 
15984 9932 6982 9942 
15985 1904 1902 1905 
15986 4248 6144 9474 
15987 3924 6153 9379 
15988 4006 3749 9474 
15989 4420 6149 9345 
15990 882 881 883 
15991 3181 9274 9391 
15992 3235 3234 3236 
15993 3233 3234 3235 
15994 5085 4550 5086 
15995 1552 1550 3253 
15996 5061 891 9349 
15997 3562 3367 3563 
15998 4018 4835 5554 
15999 876 877 3888 
16000 9360 8838 9416 
16001 1562 3277 3278 
16002 9392 8734 9406 
16003 4987 6410 6484 
16004 3312 3314 8933 
16005 1906 1905 1907 
16006 4987 4988 6410 
16007 6139 6111 9448 
16008 2485 2489 9401 
16009 3226 3220 9372 
16010 883 886 9325 
16011 6481 6272 6582 
16012 6147 6148 9555 
16013 3550 3739 4101 
16014 6726 5851 6940 
16015 3736 3735 4159 
16016 1921 1918 9379 
16017 3343 3297 3357 
16018 4836 5608 6185 
16019 9251 2450 9441 
16020 3396 3557 7041 
16021 3231 3232 3233 
16022 6195 9843 9878 
16023 9346 6146 9417 
16024 8734 3935 9406 
16025 1896 1897 1898 
16026 5555 4358 5556 
16027 3360 3535 3653 
16028 4807 3297 9370 
16029 1915 1912 9331 
16030 6286 5872 6833 
16031 1879 1878 1880 
16032 1894 1895 1896 
16033 1907 3182 3231 
16034 883 884 885 
16035 9428 5541 9491 
16036 5459 4599 9410 
16037 7306 7338 9412 
16038 2448 2446 9523 
16039 3501 3746 9466 
16040 880 3255 3256 
16041 3701 3269 5528 
16042 6188 6482 9431 
16043 5056 4555 5851 
16044 6150 9080 9526 
16045 3653 4374 4503 
16046 3281 3279 4809 
16047 1897 1895 3207 
16048 3180 1915 9331 
16049 908 9345 9444 
16050 3293 3294 3478 
16051 5459 9410 9413 
16052 7168 5459 9413 
16053 3358 3357 3359 
16054 3249 9287 9366 
16055 5562 7427 9592 
16056 6354 9283 9400 
16057 3241 5534 9376 
16058 4784 9424 9448 
16059 3478 3479 4043 
16060 873 871 874 
16061 891 893 9349 
16062 3247 3245 9366 
16063 9058 5510 9404 
16064 3679 9366 9476 
16065 3679 3247 9366 
16066 3314 4565 8933 
16067 7385 9474 9489 
16068 4564 4563 5872 
16069 4325 9356 9435 
16070 4781 7631 9415 
16071 3571 4454 5029 
16072 7283 9313 9422 
16073 4796 9623 9654 
16074 4103 9373 9454 
16075 9153 9367 9447 
16076 1918 1917 9379 
16077 1774 1773 1776 
16078 4785 5518 9418 
16079 2411 2413 9364 
16080 1536 1533 9386 
16081 4781 9415 9423 
16082 1606 4554 9560 
16083 3235 3319 9380 
16084 1556 1553 7396 
16085 3902 3226 9372 
16086 5389 7316 9428 
16087 7531 5470 9424 
16088 9461 5536 9490 
16089 3317 3315 9455 
16090 6985 5859 6989 
16091 4249 9330 9446 
16092 4837 4445 4954 
16093 3256 3257 3571 
16094 9283 6551 9400 
16095 3245 3249 9366 
16096 9426 4245 9436 
16097 9125 4009 9485 
16098 4959 4781 9423 
16099 3360 3359 3535 
16100 9404 6155 9496 
16101 1902 1901 9353 
16102 6159 3233 9380 
16103 3653 3535 4374 
16104 4503 4374 4987 
16105 7500 9389 9426 
16106 1900 1898 1901 
16107 8838 5526 9416 
16108 6140 6141 9454 
16109 6136 7500 9426 
16110 1880 1882 9288 
16111 6352 9730 9800 
16112 9503 5497 9555 
16113 873 875 876 
16114 1875 1874 1876 
16115 4959 9423 9427 
16116 3260 3258 9407 
16117 9678 3549 9725 
16118 828 4119 4129 
16119 1543 1542 9499 
16120 7294 9441 9483 
16121 5491 9460 9512 
16122 9485 6150 9526 
16123 3920 3207 3921 
16124 5782 4900 6374 
16125 6529 4959 9427 
16126 2413 2416 9364 
16127 3278 3279 3280 
16128 5534 3239 9386 
16129 3296 3643 3644 
16130 9345 6149 9444 
16131 5886 4583 9425 
16132 893 896 9349 
16133 4787 9377 9462 
16134 3657 3658 7203 
16135 9356 5523 9435 
16136 5534 9386 9468 
16137 3512 4795 9496 
16138 3220 9214 9372 
16139 3277 1560 9433 
16140 5888 7034 9420 
16141 5827 9187 9510 
16142 6757 5061 9349 
16143 5073 7273 9554 
16144 879 880 881 
16145 3292 3295 3296 
16146 5081 6937 9860 
16147 4114 6187 6188 
16148 6692 5667 9475 
16149 4805 9381 9520 
16150 4478 5755 9422 
16151 9529 7255 9554 
16152 6130 9240 9414 
16153 876 875 877 
16154 3243 3241 9376 
16155 2405 3734 3894 
16156 6137 6138 9430 
16157 1747 1746 1748 
16158 4834 4447 5022 
16159 6188 6272 6481 
16160 2394 2396 2397 
16161 4561 3888 5543 
16162 4040 4039 4448 
16163 7201 5569 9637 
16164 5877 5876 7087 
16165 4804 9071 9573 
16166 6142 9390 9456 
16167 5562 9605 9618 
16168 867 865 868 
16169 5496 7411 9532 
16170 1917 3924 9379 
16171 4826 4421 4944 
16172 5614 5612 5615 
16173 4801 3921 4823 
16174 4339 4340 4341 
16175 6188 6187 6272 
16176 879 878 880 
16177 7082 5913 9545 
16178 3323 3299 4972 
16179 4820 4573 5876 
16180 9460 6153 9512 
16181 9245 1931 9417 
16182 1577 1576 7189 
16183 6142 9414 9459 
16184 4245 3621 9436 
16185 5573 4944 5739 
16186 6157 5479 9498 
16187 9453 5538 9492 
16188 869 871 872 
16189 4820 5876 5877 
16190 7323 7155 9440 
16191 877 878 879 
16192 2405 3894 3895 
16193 1894 1892 1895 
16194 1921 9379 9460 
16195 4096 4095 4447 
16196 6270 4975 7130 
16197 1522 7336 9421 
16198 6310 6312 6313 
16199 2424 3900 9394 
16200 3895 4573 4820 
16201 7168 9413 9432 
16202 6309 4980 6310 
16203 3280 3281 3282 
16204 6526 5667 6527 
16205 1890 1891 1892 
16206 4592 5496 9532 
16207 5518 9406 9418 
16208 3895 3894 4573 
16209 856 854 3299 
16210 3884 3883 4551 
16211 5498 2411 9364 
16212 5491 9284 9460 
16213 4018 5554 9576 
16214 5566 4954 5567 
16215 2397 2400 2401 
16216 9373 6140 9454 
16217 5672 6591 6592 
16218 5902 5888 9420 
16219 6134 6135 9443 
16220 1896 1895 1897 
16221 1609 1608 1610 
16222 4260 4261 4262 
16223 3231 6159 9405 
16224 5647 5646 6248 
16225 4546 5837 5839 
16226 1905 1902 9353 
16227 2390 2392 5515 
16228 1911 1908 9405 
16229 2401 2402 2403 
16230 3282 3283 3284 
16231 3239 1536 9386 
16232 1562 1560 3277 
16233 1897 3207 3920 
16234 873 874 875 
16235 2422 2424 9394 
16236 3286 3284 3549 
16237 5047 4551 5845 
16238 1557 1556 9433 
16239 1575 1578 9457 
16240 4801 4823 6125 
16241 2403 2404 2405 
16242 2396 2398 9438 
16243 9384 7376 9446 
16244 5827 9510 9535 
16245 3270 3568 9548 
16246 3182 1905 9353 
16247 3304 1880 9288 
16248 2491 2493 9445 
16249 6135 9436 9443 
16250 5596 4017 9397 
16251 872 871 873 
16252 3233 3235 9380 
16253 3920 3921 4801 
16254 6155 6156 9550 
16255 2450 2453 9441 
16256 4988 4374 9403 
16257 3377 3375 3379 
16258 4016 5584 9568 
16259 6313 6314 6446 
16260 5846 5845 6812 
16261 3817 2422 9394 
16262 1869 1868 1870 
16263 954 955 9488 
16264 4774 6143 9491 
16265 4979 4113 4980 
16266 4297 4296 4298 
16267 9379 6153 9460 
16268 4017 3727 9397 
16269 4973 4972 6271 
16270 2400 2396 9438 
16271 6938 4247 7352 
16272 9366 9287 9476 
16273 6134 9443 9451 
16274 3278 3277 3279 
16275 9424 6139 9448 
16276 2375 2374 2378 
16277 4813 7259 9676 
16278 866 867 4555 
16279 6158 4798 9507 
16280 5861 4562 6686 
16281 3306 5559 9514 
16282 2385 2384 3726 
16283 3535 4817 9403 
16284 4840 5626 6207 
16285 1777 1776 1779 
16286 6166 7035 9785 
16287 3683 4589 4590 
16288 5527 9320 9465 
16289 4311 4312 4313 
16290 4779 9153 9447 
16291 1908 1907 9405 
16292 5523 5670 9435 
16293 4020 4019 4095 
16294 875 874 9402 
16295 3288 3290 5552 
16296 5527 7255 9529 
16297 5513 9384 9446 
16298 3888 877 9378 
16299 1576 3301 3302 
16300 6147 9564 9575 
16301 1566 1563 7225 
16302 4782 9416 9453 
16303 3255 878 9402 
16304 3887 3726 4538 
16305 4313 4314 4315 
16306 1601 1600 7106 
16307 3499 3405 4832 
16308 5531 7314 9458 
16309 3727 4437 9397 
16310 4009 9388 9485 
16311 9336 5109 9599 
16312 3282 3281 3283 
16313 4817 3359 9411 
16314 9320 906 9465 
16315 5904 9229 9531 
16316 9454 6141 9486 
16317 7346 4565 9635 
16318 3269 3260 9407 
16319 3302 3356 3398 
16320 870 4431 4877 
16321 9282 5497 9503 
16322 4779 9447 9461 
16323 3280 3279 3281 
16324 1892 1891 9375 
16325 9916 7201 9952 
16326 9071 8871 9583 
16327 9900 6211 9913 
16328 5851 4555 6154 
16329 5022 4447 5667 
16330 6105 4793 9456 
16331 6557 6558 6696 
16332 9308 908 9444 
16333 863 861 864 
16334 3357 4807 9411 
16335 3434 3436 9870 
16336 5543 9378 9517 
16337 3733 5848 5899 
16338 6193 5739 6261 
16339 1550 1547 9419 
16340 3268 3501 9466 
16341 7426 6436 9569 
16342 6951 712 6952 
16343 5741 4853 5742 
16344 863 865 866 
16345 1556 9303 9433 
16346 9254 4782 9453 
16347 2401 2403 3818 
16348 5022 5667 6526 
16349 3403 3356 4814 
16350 4900 4503 9429 
16351 4795 9404 9496 
16352 4920 4103 9454 
16353 9370 3253 9419 
16354 667 6928 6929 
16355 9330 5513 9446 
16356 4009 4008 9462 
16357 6877 652 6878 
16358 1584 1581 9536 
16359 846 844 3303 
16360 5557 9522 9578 
16361 2363 6956 9757 
16362 2379 2378 2382 
16363 4987 6484 9429 
16364 3356 3301 9452 
16365 9347 6134 9451 
16366 877 879 9378 
16367 866 865 867 
16368 4095 4019 4915 
16369 1883 1881 3211 
16370 1890 1888 1891 
16371 2367 5544 9518 
16372 1886 1887 1888 
16373 1861 1860 1862 
16374 3398 3403 3404 
16375 867 868 869 
16376 906 9185 9465 
16377 1598 1595 9567 
16378 2383 2382 2384 
16379 9240 3212 9459 
16380 4510 5781 9495 
16381 9216 4779 9461 
16382 8979 1929 9557 
16383 1907 3231 9405 
16384 859 857 860 
16385 1882 1883 1884 
16386 859 861 862 
16387 9378 882 9517 
16388 5742 4853 9639 
16389 5541 3171 9473 
16390 4065 3563 4066 
16391 4503 4987 9429 
16392 6436 6437 9470 
16393 5828 5827 9535 
16394 4803 6157 9540 
16395 1865 1864 1866 
16396 3746 5080 9466 
16397 8955 4249 9528 
16398 9521 3914 9545 
16399 9414 9240 9459 
16400 3568 4014 9469 
16401 869 868 870 
16402 869 870 871 
16403 1880 1881 1882 
16404 9456 5547 9520 
16405 9402 874 9464 
16406 8871 5516 9471 
16407 9469 5565 9540 
16408 3679 7252 9538 
16409 884 881 9408 
16410 3644 3643 4019 
16411 3477 3303 6466 
16412 1587 1586 7164 
16413 3746 4180 5080 
16414 1755 1756 1757 
16415 1895 1892 9375 
16416 3908 4246 9539 
16417 9435 6635 9481 
16418 4374 3535 9403 
16419 1672 1673 1674 
16420 3749 4248 9474 
16421 642 6908 6909 
16422 9284 1921 9460 
16423 7281 7294 9483 
16424 3826 4821 4840 
16425 1911 9405 9508 
16426 4843 4844 6201 
16427 5528 7074 9694 
16428 9471 6160 9580 
16429 4829 4449 4830 
16430 5479 9417 9498 
16431 4949 4392 4950 
16432 9496 6155 9550 
16433 878 875 9402 
16434 6757 9349 9505 
16435 6158 9507 9557 
16436 7282 9503 9555 
16437 3207 1895 9375 
16438 881 880 9408 
16439 1593 1596 9518 
16440 6143 9428 9491 
16441 9198 1909 9450 
16442 3359 3357 9411 
16443 1623 1622 1624 
16444 7298 7356 9591 
16445 3920 6163 9442 
16446 5828 9535 9541 
16447 5602 9735 9773 
16448 3253 1550 9419 
16449 6283 5828 9541 
16450 7049 5874 9529 
16451 4568 4569 4870 
16452 4160 4159 4263 
16453 794 3433 3434 
16454 1532 7431 9468 
16455 880 3256 9408 
16456 7282 9483 9503 
16457 1901 1898 9442 
16458 9417 6146 9498 
16459 9573 9071 9583 
16460 1800 1801 1802 
16461 5528 3269 9407 
16462 6901 655 6902 
16463 6153 6121 9533 
16464 4572 5527 9529 
16465 4802 5897 9564 
16466 6195 3444 9877 
16467 4920 9454 9486 
16468 3296 3295 3643 
16469 879 882 9378 
16470 5501 9331 9508 
16471 863 864 865 
16472 3529 3850 4024 
16473 3643 3295 4364 
16474 862 861 863 
16475 4024 4383 4843 
16476 3681 3682 4083 
16477 9452 9527 9683 
16478 3487 3338 5602 
16479 4431 868 9437 
16480 3329 3330 3681 
16481 9349 896 9505 
16482 6374 4900 9429 
16483 3288 3211 3289 
16484 4101 3739 9431 
16485 5484 9125 9485 
16486 1898 1897 9442 
16487 6743 5086 6768 
16488 7382 7385 9489 
16489 7234 4604 9601 
16490 4341 4517 4518 
16491 5613 6554 6555 
16492 1886 1884 1887 
16493 865 864 9437 
16494 1571 1570 9527 
16495 5543 3888 9378 
16496 5130 7298 9601 
16497 643 6918 6919 
16498 7175 7173 9654 
16499 3739 4114 9431 
16500 3302 3301 3356 
16501 4249 9446 9528 
16502 9405 6159 9508 
16503 1661 6978 9974 
16504 1929 1930 9484 
16505 9473 4815 9506 
16506 9446 7376 9528 
16507 3290 3289 3291 
16508 853 851 854 
16509 4604 7347 9601 
16510 1576 1574 3301 
16511 4794 9490 9510 
16512 4325 9435 9481 
16513 6786 6784 6787 
16514 4979 6309 6625 
16515 3913 5577 6171 
16516 3404 3405 3406 
16517 3250 3679 9538 
16518 5052 5040 6680 
16519 9451 4800 9515 
16520 4560 9391 9519 
16521 4555 867 9409 
16522 6591 5743 6593 
16523 3658 4252 4563 
16524 4794 9216 9490 
16525 1855 1854 1856 
16526 6266 4920 9486 
16527 5832 5834 5835 
16528 5550 4043 5551 
16529 6555 6556 6557 
16530 3398 3356 3403 
16531 9216 9461 9490 
16532 855 857 858 
16533 4979 4980 6309 
16534 4295 4294 4296 
16535 4799 9512 9533 
16536 6160 6161 9608 
16537 4158 4452 4963 
16538 4262 4272 4273 
16539 9340 4325 9481 
16540 3292 3291 3293 
16541 4808 9376 9547 
16542 5559 3304 9288 
16543 1586 3332 3333 
16544 1880 1878 1881 
16545 4805 9520 9574 
16546 3292 3293 3295 
16547 4399 3512 9496 
16548 1546 1543 9499 
16549 4795 9254 9492 
16550 3556 4806 9580 
16551 9254 9453 9492 
16552 9287 5749 9476 
16553 852 853 3883 
16554 3290 3291 3292 
16555 5484 9485 9526 
16556 1882 1881 1883 
16557 7496 5491 9512 
16558 867 869 9409 
16559 859 860 861 
16560 3842 3486 4271 
16561 4814 3356 9452 
16562 4114 6188 9431 
16563 5912 4774 9491 
16564 7422 4805 9574 
16565 856 3299 3323 
16566 1700 1699 1701 
16567 4379 4526 4527 
16568 4798 9372 9507 
16569 6833 5872 6835 
16570 4607 9489 9543 
16571 896 9192 9505 
16572 1876 1877 1878 
16573 1611 1610 7043 
16574 6105 9456 9520 
16575 3323 4972 4973 
16576 5913 9521 9545 
16577 1749 1748 1750 
16578 858 857 859 
16579 3404 3403 3405 
16580 7023 826 9717 
16581 1883 3211 3288 
16582 3411 3409 5597 
16583 9510 7386 9535 
16584 3288 3289 3290 
16585 3913 3276 4836 
16586 3318 4169 9570 
16587 3443 3528 3529 
16588 3406 3499 3618 
16589 849 847 850 
16590 1897 3920 9442 
16591 4811 9448 9597 
16592 3336 3334 4819 
16593 5887 9195 9504 
16594 3478 4043 5550 
16595 1757 1758 1759 
16596 9214 5537 9507 
16597 9187 4794 9510 
16598 5672 5551 5743 
16599 1873 1871 3276 
16600 1580 1577 7189 
16601 3618 4113 4421 
16602 9372 9214 9507 
16603 6204 6203 6769 
16604 1600 3351 3352 
16605 3816 9282 9503 
16606 7422 9574 9578 
16607 4565 3316 9570 
16608 4876 4875 6987 
16609 6146 9317 9498 
16610 874 9463 9464 
16611 1849 1848 1850 
16612 3658 3311 4252 
16613 1567 1566 9590 
16614 4914 6394 6395 
16615 868 865 9437 
16616 6157 9498 9548 
16617 2392 2394 9449 
16618 9391 9203 9519 
16619 6157 9469 9540 
16620 7217 9364 9593 
16621 9203 7103 9519 
16622 4591 2448 9523 
16623 5568 5567 5633 
16624 4968 6167 6366 
16625 4953 7422 9578 
16626 1715 1716 1717 
16627 6714 5855 9855 
16628 9730 4035 9800 
16629 849 851 852 
16630 5512 9549 9592 
16631 4421 4113 4979 
16632 6267 4953 9522 
16633 3618 3499 4113 
16634 2385 3726 3887 
16635 3406 3405 3499 
16636 7076 6769 7077 
16637 832 830 3344 
16638 5574 7190 9633 
16639 1901 9442 9549 
16640 842 5052 9479 
16641 4083 5611 5612 
16642 874 871 9463 
16643 1603 1606 9560 
16644 869 872 9409 
16645 1626 6675 10148 
16646 9331 1911 9508 
16647 9484 1933 9521 
16648 5550 5551 5672 
16649 6222 5484 9526 
16650 4464 4061 7073 
16651 9817 4591 9834 
16652 2394 2397 9449 
16653 9549 6163 9592 
16654 7267 9347 9515 
16655 7214 7213 9613 
16656 1872 1873 1874 
16657 5672 5743 6591 
16658 3333 3334 3335 
16659 1815 1814 1816 
16660 7208 9383 9534 
16661 4563 4252 4796 
16662 1878 1877 9439 
16663 4554 6204 9560 
16664 3740 3551 9618 
16665 6168 5501 9589 
16666 5739 4944 6347 
16667 5564 9088 9636 
16668 6154 4555 9409 
16669 1870 1871 1872 
16670 852 851 853 
16671 2383 2384 2385 
16672 9383 4585 9534 
16673 3332 1584 9536 
16674 7376 9059 9528 
16675 5874 4572 9529 
16676 2371 2374 2375 
16677 6749 7010 7011 
16678 1866 1869 9681 
16679 7246 5904 9531 
16680 3424 3425 3443 
16681 9468 6151 9547 
16682 5512 9353 9549 
16683 1876 1874 1877 
16684 6749 6748 7010 
16685 5101 4592 9532 
16686 4399 9496 9550 
16687 2385 3887 4018 
16688 9507 5537 9557 
16689 3292 3296 9480 
16690 4129 4119 5028 
16691 9590 7080 9683 
16692 853 854 855 
16693 7386 3532 9535 
16694 4551 3883 5558 
16695 6454 10067 10099 
16696 5549 6169 9598 
16697 843 841 844 
16698 9395 5099 9697 
16699 1751 1750 1752 
16700 871 870 9463 
16701 9381 6105 9520 
16702 9520 5547 9574 
16703 845 847 848 
16704 4957 4050 5563 
16705 9512 6153 9533 
16706 5515 2392 9449 
16707 7217 9593 9613 
16708 2405 3895 9482 
16709 1845 1844 1846 
16710 842 843 5040 
16711 855 854 856 
16712 9442 6163 9549 
16713 3308 3306 9514 
16714 6898 6853 9856 
16715 6283 9541 9569 
16716 855 856 857 
16717 4843 4383 4844 
16718 6147 9555 9564 
16719 9535 3532 9541 
16720 870 4877 9463 
16721 5035 5036 5037 
16722 3400 3401 3424 
16723 6667 5824 6668 
16724 9580 6160 9608 
16725 3474 4050 4358 
16726 5862 6748 6749 
16727 3509 3372 4047 
16728 5552 3290 9480 
16729 4936 4927 5738 
16730 4887 4888 4967 
16731 8815 5092 9672 
16732 3462 3250 9538 
16733 3352 3381 3382 
16734 4383 3850 4905 
16735 6887 722 6889 
16736 3335 3336 3337 
16737 3319 3617 9625 
16738 7250 1891 9579 
16739 882 9325 9517 
16740 1841 1840 1842 
16741 849 850 851 
16742 4586 3908 9539 
16743 4315 4316 4318 
16744 1581 1580 9536 
16745 2471 3826 9604 
16746 4293 4292 4294 
16747 3913 4836 5577 
16748 4447 4095 9475 
16749 4806 9471 9580 
16750 2367 2369 5544 
16751 2272 1791 2274 
16752 9347 9451 9515 
16753 3211 1881 9439 
16754 788 5870 5871 
16755 2375 2378 2379 
16756 6164 6165 9689 
16757 4018 4562 4835 
16758 2403 2405 9482 
16759 5667 4447 9475 
16760 3371 3344 3372 
16761 6144 6145 9543 
16762 4835 5861 5862 
16763 3326 3328 3400 
16764 4438 3868 4439 
16765 4808 9547 9598 
16766 9483 3816 9503 
16767 848 847 849 
16768 5553 7194 9871 
16769 4024 3850 4383 
16770 3351 1598 9567 
16771 2379 2382 2383 
16772 3337 3338 3339 
16773 1881 1878 9439 
16774 3818 2403 9482 
16775 8955 9528 9573 
16776 6205 4841 6206 
16777 6148 7282 9555 
16778 1873 3276 3913 
16779 5078 5856 7317 
16780 1586 1584 3332 
16781 1866 1867 1868 
16782 4015 3331 9610 
16783 6111 4803 9540 
16784 822 820 3368 
16785 5862 5861 6748 
16786 7255 5073 9554 
16787 4095 4915 9475 
16788 4980 4113 9494 
16789 7135 5580 9673 
16790 4510 4107 5003 
16791 1870 1868 1871 
16792 1580 9276 9536 
16793 4835 4562 5861 
16794 3532 9299 9541 
16795 5872 4563 9493 
16796 4018 3887 4562 
16797 4809 3279 9572 
16798 4585 5902 9534 
16799 3333 3332 3334 
16800 5772 6563 6644 
16801 3529 3528 3850 
16802 5628 5629 6217 
16803 3499 4832 9494 
16804 5555 6198 9778 
16805 1590 1587 7164 
16806 2420 3817 9593 
16807 3293 3478 9516 
16808 4364 3295 9516 
16809 3384 3368 3385 
16810 5575 9596 9646 
16811 5699 4399 9550 
16812 1704 1703 1705 
16813 846 3303 3477 
16814 5534 9468 9547 
16815 5856 6716 7317 
16816 6199 6200 6597 
16817 839 837 840 
16818 3528 3425 4127 
16819 9506 9223 9671 
16820 6680 5040 6681 
16821 1689 1690 1691 
16822 851 850 9502 
16823 4586 9539 9556 
16824 3561 5628 9558 
16825 1859 1857 3298 
16826 5892 4586 9556 
16827 3299 854 9502 
16828 1608 1605 9609 
16829 3339 3338 3487 
16830 3295 3293 9516 
16831 9317 3270 9548 
16832 4832 3405 9513 
16833 3290 3292 9480 
16834 3337 3336 3338 
16835 3288 5552 9509 
16836 3425 3401 9537 
16837 4487 6789 9715 
16838 9364 2416 9593 
16839 3883 853 9467 
16840 1887 1884 9509 
16841 1872 1871 1873 
16842 3474 3341 4050 
16843 5780 5003 6633 
16844 9498 9317 9548 
16845 3335 3334 3336 
16846 5614 5615 6293 
16847 6680 6681 6779 
16848 4957 6234 6553 
16849 3403 4814 9513 
16850 1884 1883 9509 
16851 3464 3845 4028 
16852 7486 2496 9675 
16853 1546 9499 9584 
16854 4915 4019 9500 
16855 4846 4442 4847 
16856 3447 3448 3449 
16857 9547 6151 9598 
16858 1780 1779 1784 
16859 4944 4421 9524 
16860 3382 3446 3447 
16861 9540 5565 9597 
16862 6381 6305 6572 
16863 3311 3308 9514 
16864 9709 6415 9816 
16865 4299 4298 4300 
16866 1891 1888 9579 
16867 5580 5578 9699 
16868 4285 4282 4292 
16869 9489 6144 9543 
16870 7157 7486 9675 
16871 835 833 836 
16872 4810 6168 9617 
16873 5497 4802 9564 
16874 9353 1901 9549 
16875 6884 648 6885 
16876 9452 3301 9527 
16877 2379 2383 3819 
16878 9376 5534 9547 
16879 5537 8979 9557 
16880 4019 3643 9500 
16881 5783 6255 9678 
16882 1862 1863 1864 
16883 1691 1692 1693 
16884 4375 4263 4376 
16885 3316 3318 9570 
16886 3449 3511 3647 
16887 9088 5530 9553 
16888 3643 4364 9500 
16889 1574 1571 9527 
16890 839 841 842 
16891 1868 1867 9478 
16892 3415 3413 3416 
16893 4169 5548 9570 
16894 4563 4796 9493 
16895 843 844 845 
16896 6703 6702 6763 
16897 1858 1859 1860 
16898 853 855 9467 
16899 3647 4362 4445 
16900 5892 9556 9571 
16901 3443 3425 3528 
16902 4957 5563 6234 
16903 4979 6625 9524 
16904 7128 5892 9571 
16905 1674 1675 1676 
16906 4273 4274 4275 
16907 3346 1821 7040 
16908 3617 4016 9568 
16909 5547 5546 9574 
16910 845 844 846 
16911 1866 1864 1867 
16912 4513 4271 4874 
16913 3438 3439 3440 
16914 9059 4804 9573 
16915 4597 7224 9650 
16916 4421 4979 9524 
16917 4169 4556 5548 
16918 3478 5550 9516 
16919 9502 850 9566 
16920 3918 6147 9575 
16921 1604 7107 9609 
16922 842 841 843 
16923 9299 7426 9569 
16924 9528 9059 9573 
16925 1595 1594 9567 
16926 9568 5584 9617 
16927 845 846 847 
16928 3424 3401 3425 
16929 9574 5546 9578 
16930 838 839 9479 
16931 4113 3499 9494 
16932 5501 9508 9589 
16933 7285 2430 9650 
16934 3324 3298 3325 
16935 1610 3386 3387 
16936 6835 5872 9493 
16937 835 837 838 
16938 9541 9299 9569 
16939 9508 6159 9589 
16940 6163 4801 9605 
16941 1853 1851 3320 
16942 1883 3288 9509 
16943 3446 3381 4181 
16944 4822 3827 6702 
16945 3326 3325 3327 
16946 1858 1861 9667 
16947 3459 3458 3460 
16948 5546 5557 9578 
16949 3511 3448 4838 
16950 3352 3351 3381 
16951 3328 3327 3329 
16952 5588 5589 5590 
16953 1600 1598 3351 
16954 3405 3403 9513 
16955 5832 5835 7096 
16956 6199 5556 6200 
16957 5578 7248 9726 
16958 860 857 9525 
16959 1819 1818 1820 
16960 4268 4267 4269 
16961 1856 1857 1858 
16962 854 851 9502 
16963 4811 9597 9638 
16964 9669 3818 9718 
16965 5040 843 9487 
16966 4266 4265 4267 
16967 1615 1614 9680 
16968 721 6997 7000 
16969 4062 5843 9622 
16970 4554 6203 6204 
16971 3400 3328 3401 
16972 3277 9433 9572 
16973 7202 4171 9611 
16974 5529 7321 9672 
16975 6307 5695 6308 
16976 1862 1860 1863 
16977 2432 4597 9650 
16978 4343 3556 9580 
16979 4161 5768 5863 
16980 838 837 839 
16981 5831 5832 7096 
16982 5069 5865 6773 
16983 829 827 830 
16984 1835 1834 1836 
16985 828 829 4119 
16986 3329 3681 3738 
16987 9650 7224 9670 
16988 4967 4968 7287 
16989 3301 1574 9527 
16990 855 858 9467 
16991 4874 4271 9497 
16992 4358 4050 4957 
16993 3276 1871 9478 
16994 3397 3392 5617 
16995 3303 844 9546 
16996 6284 4874 6378 
16997 3918 9575 9591 
16998 7236 1520 9670 
16999 4964 4439 6546 
17000 4498 4321 4499 
17001 5672 6592 9606 
17002 7379 4811 9638 
17003 9527 1570 9683 
17004 856 3323 9525 
17005 6366 6367 6451 
17006 8955 9573 9583 
17007 3279 3277 9572 
17008 4502 4501 4887 
17009 4252 3311 9514 
17010 7204 7205 9708 
17011 3366 3367 3562 
17012 1650 1643 1651 
17013 4575 5529 9672 
17014 6667 6668 6669 
17015 5559 7184 9623 
17016 7149 7148 9718 
17017 5562 9592 9605 
17018 5570 4847 5571 
17019 1871 1868 9478 
17020 6164 9703 9716 
17021 5602 3338 9542 
17022 4806 8955 9583 
17023 2475 2474 2476 
17024 4532 4408 4533 
17025 6347 4944 9524 
17026 2471 2470 2474 
17027 4954 4445 4955 
17028 1787 1785 1788 
17029 7356 3918 9591 
17030 1888 1887 9579 
17031 6557 6556 6558 
17032 1591 1590 9666 
17033 2296 2274 2297 
17034 3913 6171 9551 
17035 4871 6322 6323 
17036 1852 1853 1854 
17037 1863 9586 9708 
17038 9726 7248 9748 
17039 839 840 841 
17040 7427 5512 9592 
17041 5543 7197 9652 
17042 857 856 9525 
17043 6111 9540 9597 
17044 3420 3463 3464 
17045 5520 9631 9676 
17046 4277 4092 4994 
17047 9598 6169 9610 
17048 6597 6200 6599 
17049 1877 1874 9551 
17050 5558 3883 9467 
17051 4046 4866 5588 
17052 9673 5580 9699 
17053 9632 5521 9689 
17054 1633 1632 1634 
17055 3326 3327 3328 
17056 1570 1567 9590 
17057 3423 3561 9558 
17058 4066 4172 4173 
17059 7379 9638 9646 
17060 6154 9409 9599 
17061 4047 4927 4936 
17062 2467 2466 2470 
17063 5835 5836 6717 
17064 4850 4028 9477 
17065 839 842 9479 
17066 3336 4819 9542 
17067 3561 4428 5628 
17068 9433 9303 9572 
17069 3387 3388 3389 
17070 1806 1807 1808 
17071 843 845 9487 
17072 4502 5695 6307 
17073 4010 3416 4011 
17074 6154 7210 9653 
17075 835 836 837 
17076 831 833 834 
17077 1856 1854 1857 
17078 3373 1856 9667 
17079 9117 4309 9682 
17080 4968 6366 7287 
17081 9631 6171 9676 
17082 6555 6554 6556 
17083 6666 6667 6670 
17084 4127 3425 9537 
17085 1859 3298 3324 
17086 841 840 9546 
17087 9225 5585 9700 
17088 4373 4269 5067 
17089 4818 9533 9692 
17090 1858 1857 1859 
17091 3324 3325 3326 
17092 9419 1546 9584 
17093 1706 1705 1707 
17094 9409 872 9599 
17095 6204 6769 7076 
17096 2416 2420 9593 
17097 4083 5612 5613 
17098 832 3344 3371 
17099 4939 4128 6210 
17100 1874 1873 9551 
17101 5509 7379 9646 
17102 6957 1781 9728 
17103 834 833 835 
17104 1604 1601 7106 
17105 4275 4287 4288 
17106 3341 3339 9559 
17107 3382 3381 3446 
17108 6235 5509 9596 
17109 3447 3446 3448 
17110 3449 3448 3511 
17111 4500 4499 4501 
17112 3371 3372 3509 
17113 3365 3419 3420 
17114 4318 4319 4348 
17115 3634 4326 4389 
17116 3390 3388 4833 
17117 8230 1196 9693 
17118 1193 1194 9693 
17119 4831 4830 4872 
17120 1708 1707 1709 
17121 4343 9580 9608 
17122 3647 3511 4362 
17123 9555 5497 9564 
17124 6159 9380 9589 
17125 1850 1851 1852 
17126 6151 5549 9598 
17127 3461 3460 3517 
17128 5823 5824 6666 
17129 1846 1847 1848 
17130 5572 5571 6301 
17131 5563 4050 9559 
17132 794 3434 9732 
17133 6213 5018 6700 
17134 1620 2459 9628 
17135 6168 9589 9625 
17136 5640 7949 10376 
17137 6168 9568 9617 
17138 3339 3487 9559 
17139 850 9565 9566 
17140 6203 6202 9977 
17141 4914 6395 9640 
17142 1854 1853 9530 
17143 5613 5614 6554 
17144 6989 5859 9652 
17145 872 9336 9599 
17146 2369 2371 9544 
17147 9584 7135 9673 
17148 825 823 826 
17149 5633 5567 6712 
17150 1829 9945 9953 
17151 1710 1709 1711 
17152 1753 1752 1754 
17153 792 790 4098 
17154 4364 9516 9606 
17155 7347 5130 9601 
17156 5613 6555 9585 
17157 1717 1719 1720 
17158 6125 4823 9656 
17159 4349 4351 4422 
17160 818 819 4107 
17161 4561 5543 9652 
17162 4801 6125 9605 
17163 9514 5559 9623 
17164 808 806 3399 
17165 4123 3417 7019 
17166 9370 9419 9584 
17167 3338 3336 9542 
17168 9394 5521 9632 
17169 5613 5612 5614 
17170 6681 5040 9487 
17171 845 848 9487 
17172 4144 4146 5852 
17173 7177 9449 9669 
17174 825 827 828 
17175 3440 3441 3442 
17176 1873 3913 9551 
17177 6666 5824 6667 
17178 9516 5550 9606 
17179 1617 1620 9628 
17180 4840 4821 5626 
17181 9597 5565 9638 
17182 4502 4887 5695 
17183 3389 3390 3391 
17184 3454 9892 9908 
17185 1796 9868 10022 
17186 9448 6111 9597 
17187 1635 1634 1638 
17188 4957 6553 9577 
17189 3386 1608 9609 
17190 850 847 9565 
17191 4028 3845 4432 
17192 844 841 9546 
17193 4826 5573 9735 
17194 4981 4326 4982 
17195 4307 4306 4308 
17196 1877 9551 9631 
17197 1829 1828 1830 
17198 4389 4981 5013 
17199 2385 4018 9576 
17200 4383 4905 9563 
17201 4288 4289 4365 
17202 1759 1760 1761 
17203 5520 9439 9631 
17204 828 827 829 
17205 6202 7245 9965 
17206 1624 3427 7116 
17207 4837 5566 9784 
17208 5028 4119 5576 
17209 5851 6154 9653 
17210 3387 3386 3388 
17211 3518 3517 3723 
17212 4809 9572 9636 
17213 3281 4809 9674 
17214 4138 4087 4139 
17215 5028 5576 5823 
17216 4148 4151 4250 
17217 4301 4300 4302 
17218 3421 3399 4893 
17219 1850 1848 1851 
17220 2371 2375 9544 
17221 5653 4893 5746 
17222 5652 4343 9608 
17223 7213 7217 9613 
17224 5037 5038 5053 
17225 4050 3341 9559 
17226 1852 1851 1853 
17227 829 830 831 
17228 3391 3392 3393 
17229 6304 6305 6381 
17230 1836 1838 9472 
17231 5556 4358 9577 
17232 3331 4808 9610 
17233 9553 7343 9674 
17234 4844 4383 9563 
17235 1639 1638 1642 
17236 7232 7272 9737 
17237 9592 6163 9605 
17238 6836 9842 9860 
17239 831 830 832 
17240 5583 6490 6492 
17241 6285 6284 6408 
17242 831 832 833 
17243 5600 4470 9843 
17244 5587 9044 9762 
17245 3409 1836 9472 
17246 5112 7232 9767 
17247 3434 3433 3435 
17248 3361 3363 5586 
17249 4270 6761 9973 
17250 821 823 824 
17251 3557 4128 4442 
17252 4812 5884 9703 
17253 4365 4366 4367 
17254 3562 3563 4065 
17255 1605 1604 9609 
17256 1846 1844 1847 
17257 3551 5562 9618 
17258 1839 1837 3321 
17259 2383 2385 9576 
17260 3464 3463 3845 
17261 5544 2369 9544 
17262 6304 4982 6305 
17263 5823 5576 5824 
17264 2446 2444 9724 
17265 3823 3832 4039 
17266 847 846 9565 
17267 526 6 598 
17268 846 3477 9565 
17269 3378 4062 9622 
17270 7214 9632 9689 
17271 4432 3845 4853 
17272 1842 1843 1844 
17273 4015 9610 9671 
17274 819 817 820 
17275 5011 9721 9729 
17276 9551 6171 9631 
17277 6447 6352 6448 
17278 3436 3435 3437 
17279 6174 6418 9744 
17280 822 3368 3384 
17281 4176 4178 4179 
17282 6379 9497 9881 
17283 3842 4271 4513 
17284 1610 1608 3386 
17285 4173 4174 4892 
17286 4500 4501 4502 
17287 3701 5528 9694 
17288 3298 1857 9530 
17289 3393 3392 3397 
17290 2275 2289 2328 
17291 2401 3818 9669 
17292 4967 7287 7288 
17293 3391 3390 3392 
17294 6121 4810 9617 
17295 4873 4872 4916 
17296 1825 1824 1826 
17297 3389 3388 3390 
17298 4280 4278 6197 
17299 4513 6284 6285 
17300 3826 4840 9604 
17301 1848 1847 9562 
17302 6206 4841 9754 
17303 1857 1854 9530 
17304 1792 2273 2275 
17305 2389 9621 9736 
17306 5740 4853 5741 
17307 3344 830 9582 
17308 1736 1737 1738 
17309 9931 6257 9935 
17310 815 813 816 
17311 4822 6702 6703 
17312 6172 6173 9803 
17313 825 826 827 
17314 3819 2383 9576 
17315 4119 829 9552 
17316 5843 7188 9622 
17317 1805 1806 9835 
17318 3350 3348 3430 
17319 4028 4432 9477 
17320 6171 5577 9706 
17321 3463 3419 4141 
17322 4358 4957 9577 
17323 4377 4376 4378 
17324 827 826 9582 
17325 4367 4368 4369 
17326 3324 9393 9586 
17327 9572 9303 9636 
17328 1838 1839 1840 
17329 4432 4853 5740 
17330 4875 4089 7057 
17331 9671 9223 9721 
17332 1712 1711 1714 
17333 3351 9567 9658 
17334 5843 6762 7188 
17335 7132 4584 9767 
17336 5011 4276 9721 
17337 9537 3401 9581 
17338 1808 1809 1810 
17339 824 823 825 
17340 3381 3351 9658 
17341 5550 5672 9606 
17342 1775 1782 5560 
17343 7080 5605 9791 
17344 4981 4982 6304 
17345 9701 7173 9842 
17346 9449 2397 9669 
17347 6652 6932 10437 
17348 4846 5570 9852 
17349 9896 7056 9911 
17350 1860 1859 9586 
17351 4422 5646 5647 
17352 2471 2474 2475 
17353 1863 1860 9586 
17354 7214 9613 9632 
17355 4809 9553 9674 
17356 4389 4326 4981 
17357 3817 9394 9632 
17358 4252 9514 9623 
17359 3724 3723 4086 
17360 4337 4140 4338 
17361 4556 5069 9627 
17362 4808 9598 9610 
17363 4939 6297 6365 
17364 2463 2466 2467 
17365 5633 6712 6713 
17366 4939 6210 6297 
17367 798 796 3402 
17368 9380 3319 9625 
17369 3328 3329 9581 
17370 3636 2297 3637 
17371 4329 3854 4330 
17372 4894 3873 5656 
17373 3329 3738 9581 
17374 7343 5574 9633 
17375 3573 3728 3729 
17376 3411 5597 9684 
17377 9589 9380 9625 
17378 4819 3334 9664 
17379 815 817 818 
17380 3681 4083 9585 
17381 9586 9393 9708 
17382 3557 3395 4128 
17383 2467 2470 2471 
17384 4865 4045 5607 
17385 6200 5556 9577 
17386 4816 7056 9896 
17387 6794 1731 6852 
17388 6784 6783 7223 
17389 3634 3842 4326 
17390 9222 6174 9729 
17391 2272 2274 2296 
17392 3401 3328 9581 
17393 3729 4381 4859 
17394 4297 4298 4299 
17395 2459 2461 5599 
17396 5565 5561 9638 
17397 9699 5578 9726 
17398 6604 5796 6605 
17399 1842 1840 1843 
17400 4498 4499 4500 
17401 4917 4916 5818 
17402 4508 6181 6258 
17403 9370 9584 9673 
17404 1625 1624 7116 
17405 3286 3549 9710 
17406 1672 1669 1673 
17407 9579 1887 9662 
17408 5003 4107 5581 
17409 6555 6557 9630 
17410 2351 4542 9764 
17411 9617 5584 9692 
17412 3284 3283 9725 
17413 2471 2475 3826 
17414 6209 4292 9660 
17415 3361 3321 3362 
17416 1821 1820 1822 
17417 4584 7271 9767 
17418 3829 4026 4027 
17419 4796 4252 9623 
17420 4590 5045 5062 
17421 9638 5561 9646 
17422 4830 4449 9690 
17423 6351 4864 6352 
17424 4497 4321 4498 
17425 9630 6697 9760 
17426 3872 3402 3873 
17427 3420 3419 3463 
17428 4369 4370 4494 
17429 9044 5545 9802 
17430 9823 7078 9857 
17431 1614 1611 7043 
17432 5605 5601 9807 
17433 3481 3457 5641 
17434 818 817 819 
17435 2459 5599 9628 
17436 4307 4309 4320 
17437 2365 3497 3498 
17438 3634 3486 3842 
17439 3363 3362 3364 
17440 5569 9530 9637 
17441 2430 2432 9650 
17442 3320 1851 9562 
17443 5545 9371 9836 
17444 829 831 9552 
17445 3853 2366 3854 
17446 5561 5575 9646 
17447 5875 9255 9641 
17448 6859 6858 9827 
17449 7177 9669 9718 
17450 6670 6667 9587 
17451 3826 3827 4821 
17452 5548 4556 9627 
17453 4494 4862 4863 
17454 4513 4874 6284 
17455 1836 1837 1838 
17456 9303 5564 9636 
17457 6736 9747 9835 
17458 9633 7190 9725 
17459 3365 3364 3366 
17460 1652 1651 1653 
17461 3738 3681 9585 
17462 4307 4308 4309 
17463 4089 3881 4546 
17464 9117 9682 9785 
17465 821 820 822 
17466 9439 1877 9631 
17467 4821 3827 4822 
17468 3431 3430 3881 
17469 4304 4306 4307 
17470 5069 6773 9627 
17471 1859 3324 9586 
17472 6412 9403 9748 
17473 6667 6669 9587 
17474 821 822 823 
17475 3498 3828 3829 
17476 819 820 821 
17477 1851 1848 9562 
17478 830 827 9582 
17479 7184 7175 9654 
17480 4442 4128 4939 
17481 5859 4561 9652 
17482 4813 9676 9706 
17483 4887 4967 9629 
17484 4320 4309 4321 
17485 1821 1822 7040 
17486 4838 3448 9603 
17487 9740 5542 9803 
17488 3446 4181 9603 
17489 4508 3832 6180 
17490 4498 4500 4962 
17491 4083 5613 9585 
17492 4295 4296 4297 
17493 1853 3320 9637 
17494 5594 9713 9719 
17495 5522 7218 9910 
17496 3455 3428 4168 
17497 4816 9823 9857 
17498 6940 5851 9653 
17499 811 809 812 
17500 9606 6592 9665 
17501 1715 1714 1716 
17502 3484 2283 4848 
17503 4568 4518 4569 
17504 2288 3572 3573 
17505 529 528 614 
17506 5736 6543 9765 
17507 811 813 814 
17508 3438 3437 3439 
17509 1624 3426 3427 
17510 3365 3366 3419 
17511 4823 6177 9656 
17512 4279 4281 4283 
17513 4320 4321 4497 
17514 836 833 9600 
17515 4269 4267 4270 
17516 1594 1591 9666 
17517 1761 1762 1763 
17518 2389 4279 9621 
17519 3370 3486 3634 
17520 4818 9692 9750 
17521 4434 5054 6691 
17522 7333 4818 9750 
17523 804 805 4092 
17524 7251 9662 9742 
17525 3655 3442 3720 
17526 3826 2475 3827 
17527 3562 4065 5591 
17528 1798 1794 1799 
17529 1755 1754 1756 
17530 3368 820 9624 
17531 554 553 611 
17532 4107 819 9588 
17533 7962 8016 10670 
17534 1765 1766 1767 
17535 3823 2328 3832 
17536 1654 1653 1663 
17537 6399 5043 6400 
17538 5695 4887 9629 
17539 5717 5592 6281 
17540 9480 4257 9742 
17541 3363 3364 3365 
17542 4011 4264 4265 
17543 5042 4470 5043 
17544 4179 6230 6231 
17545 5024 4537 5033 
17546 4311 4313 4317 
17547 1839 3321 3361 
17548 1833 1831 3345 
17549 6839 4317 9844 
17550 5671 5524 9770 
17551 5647 6248 6249 
17552 1838 1837 1839 
17553 4301 4302 5582 
17554 815 816 817 
17555 6528 6467 10222 
17556 1664 1663 1668 
17557 5591 5592 5717 
17558 4469 4291 4470 
17559 9610 6169 9671 
17560 4293 4294 4295 
17561 5769 6986 9749 
17562 1618 1615 9680 
17563 4565 9570 9635 
17564 814 813 815 
17565 5601 7207 9832 
17566 5591 4065 5592 
17567 4089 4546 7057 
17568 1767 1768 1769 
17569 9530 1853 9637 
17570 5092 4575 9672 
17571 1520 7285 9670 
17572 9806 5568 9930 
17573 4451 5032 5684 
17574 6164 9689 9703 
17575 4066 4173 9661 
17576 7259 5520 9676 
17577 9729 6174 9744 
17578 1763 1764 1765 
17579 9773 6193 9833 
17580 7190 5783 9678 
17581 3361 3362 3363 
17582 537 536 640 
17583 1775 5560 9561 
17584 831 834 9552 
17585 9613 3817 9632 
17586 4497 4498 9607 
17587 6412 9748 9781 
17588 7333 9750 9758 
17589 5052 6759 9821 
17590 3370 3369 3486 
17591 1836 1834 1837 
17592 9899 5862 9918 
17593 832 3371 9600 
17594 1789 1788 1793 
17595 5576 4119 9552 
17596 1869 6782 9681 
17597 1832 1833 1834 
17598 4364 9606 9665 
17599 833 832 9600 
17600 1757 1756 1758 
17601 5597 3409 9472 
17602 3428 3426 9643 
17603 1619 1618 9734 
17604 807 809 810 
17605 5018 4994 9626 
17606 1759 1758 1760 
17607 6681 9487 9697 
17608 3448 3446 9603 
17609 4339 4338 4340 
17610 9682 4317 9785 
17611 5617 3392 9615 
17612 4560 7115 9815 
17613 3355 3353 7165 
17614 6121 9617 9692 
17615 1742 1743 1744 
17616 4967 7288 9629 
17617 2397 2401 9669 
17618 2355 4164 9715 
17619 3332 9536 9664 
17620 817 816 9624 
17621 4349 4422 9668 
17622 1830 1831 1832 
17623 6165 7214 9689 
17624 5525 7333 9758 
17625 3427 3428 3429 
17626 5821 6737 6738 
17627 4065 4066 9661 
17628 7186 5522 9888 
17629 544 543 641 
17630 1806 1804 1807 
17631 9811 6185 9873 
17632 7093 7092 9828 
17633 527 526 6677 
17634 4284 4450 4451 
17635 3423 9558 9711 
17636 4448 4039 9594 
17637 6603 6604 6606 
17638 6178 6179 9794 
17639 10489 6615 10607 
17640 6994 5621 9885 
17641 7072 7054 9857 
17642 5583 6492 9741 
17643 9570 5548 9635 
17644 4124 3467 4291 
17645 5013 4981 9619 
17646 4285 4292 4293 
17647 3390 4833 9615 
17648 3283 3281 9674 
17649 4181 3381 9658 
17650 4807 9370 9673 
17651 4299 4300 4301 
17652 5588 4866 5589 
17653 2289 3369 3370 
17654 6970 6973 9883 
17655 3334 3332 9664 
17656 805 803 806 
17657 4341 4340 4517 
17658 3421 4893 5653 
17659 9791 5605 9807 
17660 9487 848 9697 
17661 5795 5796 6603 
17662 5871 5870 7024 
17663 540 539 651 
17664 534 533 647 
17665 4348 4349 9668 
17666 4039 3832 4508 
17667 9832 7207 9848 
17668 1771 1769 9561 
17669 6172 9808 9822 
17670 9843 6195 9877 
17671 6169 9506 9671 
17672 6258 6181 6705 
17673 5525 9758 9765 
17674 9765 6543 9770 
17675 9500 4364 9665 
17676 6726 7178 9982 
17677 551 550 649 
17678 1196 1193 9693 
17679 5049 6500 9805 
17680 3380 4845 5630 
17681 1887 9509 9662 
17682 4301 5582 5583 
17683 2296 3636 6176 
17684 7185 4473 9805 
17685 9734 1618 9829 
17686 4315 4318 4324 
17687 9793 3819 9828 
17688 2275 2273 2289 
17689 5653 5746 6306 
17690 6210 4128 9644 
17691 6186 7052 9876 
17692 811 812 813 
17693 4508 6180 6181 
17694 7252 6444 9816 
17695 9536 9276 9664 
17696 9676 6171 9706 
17697 3283 9633 9725 
17698 4807 9673 9699 
17699 4011 3416 4264 
17700 4981 6304 9619 
17701 5881 3701 9694 
17702 801 799 802 
17703 4279 4283 9621 
17704 9482 5542 9740 
17705 3393 3397 9644 
17706 2296 2297 3636 
17707 4265 4264 4816 
17708 2289 2273 3369 
17709 810 809 811 
17710 1834 1833 9602 
17711 6798 5644 9964 
17712 3429 3455 3456 
17713 4173 4892 5023 
17714 5800 4527 5802 
17715 819 821 9588 
17716 2328 2289 9679 
17717 1800 1799 1801 
17718 3440 3439 3441 
17719 1689 1676 1690 
17720 6490 5604 6491 
17721 5023 4892 6317 
17722 3456 3457 3458 
17723 1856 1858 9667 
17724 5868 4876 6987 
17725 3392 3390 9615 
17726 4449 4448 9690 
17727 548 547 653 
17728 9509 5552 9662 
17729 848 9395 9697 
17730 4847 4442 9612 
17731 5621 5619 9895 
17732 4087 4086 9640 
17733 3395 3393 9644 
17734 4024 6192 9811 
17735 5023 6317 6565 
17736 6668 5824 9752 
17737 801 803 804 
17738 4982 4326 9616 
17739 5588 5590 9663 
17740 6301 5571 6303 
17741 531 530 661 
17742 4326 3842 9616 
17743 6563 6564 6675 
17744 808 3399 3421 
17745 5609 7186 9850 
17746 1701 1702 1703 
17747 1717 1716 1719 
17748 3636 3637 4459 
17749 4422 5647 5648 
17750 6800 5636 9917 
17751 5521 4812 9703 
17752 6178 9794 9804 
17753 4251 4408 4532 
17754 1570 9590 9683 
17755 4015 9671 9721 
17756 3365 3420 9647 
17757 4870 4569 4871 
17758 5772 5773 6563 
17759 2352 2350 9747 
17760 598 6 786 
17761 3825 4254 4530 
17762 9901 6632 9906 
17763 1826 1827 1828 
17764 6787 6784 7223 
17765 5693 4830 9690 
17766 1624 1622 3426 
17767 7036 5881 9707 
17768 9411 4807 9699 
17769 4379 4378 4526 
17770 1697 1698 1699 
17771 9533 6121 9692 
17772 1830 1828 1831 
17773 5881 9694 9707 
17774 5583 5582 5604 
17775 1769 1768 1775 
17776 6199 6598 9812 
17777 3644 4020 9804 
17778 9692 5584 9750 
17779 9662 5552 9742 
17780 701 6687 10107 
17781 6563 5773 6564 
17782 3427 3426 3428 
17783 1602 9560 9695 
17784 6603 5796 6604 
17785 1767 1766 1768 
17786 5838 4827 6211 
17787 3366 3562 9620 
17788 4096 4834 9819 
17789 1832 1831 1833 
17790 820 817 9624 
17791 6351 6352 6447 
17792 5586 3363 9647 
17793 4168 3428 9643 
17794 6413 6412 9781 
17795 3842 4513 9616 
17796 552 551 6461 
17797 821 824 9588 
17798 4994 5598 5795 
17799 1736 1726 1737 
17800 1720 1719 1724 
17801 6633 5003 9649 
17802 542 541 662 
17803 3413 3411 9684 
17804 3321 1837 9602 
17805 1775 1768 1781 
17806 4872 4830 5693 
17807 4853 3845 9639 
17808 6444 6577 9709 
17809 4498 4962 9607 
17810 4141 3419 9620 
17811 6323 6322 6652 
17812 1628 1625 7116 
17813 5581 4107 9588 
17814 4020 4096 9809 
17815 1816 1817 1818 
17816 3910 6164 9716 
17817 5583 5604 6490 
17818 1674 1673 1675 
17819 3442 3441 9698 
17820 826 823 9717 
17821 1840 1839 9648 
17822 804 803 805 
17823 4939 6365 9612 
17824 4442 4939 9612 
17825 4819 9664 9762 
17826 2461 2463 9702 
17827 7148 7177 9718 
17828 1843 1840 9648 
17829 3490 3286 9710 
17830 5619 7117 9914 
17831 4513 6285 9616 
17832 1691 1690 1692 
17833 6217 5629 6218 
17834 4508 6258 9594 
17835 1765 1764 1766 
17836 4865 5607 6226 
17837 5589 5694 5772 
17838 4892 4174 9733 
17839 9721 9223 9729 
17840 6380 6379 9685 
17841 5582 9655 9790 
17842 3458 3457 3481 
17843 9567 1594 9696 
17844 4046 5588 9698 
17845 4173 5023 9661 
17846 5628 4428 5629 
17847 3463 4141 9639 
17848 1594 9666 9696 
17849 5772 5694 5773 
17850 1837 1834 9602 
17851 3517 3460 4035 
17852 2289 3370 9679 
17853 9452 9683 9791 
17854 822 3384 9717 
17855 9804 4020 9809 
17856 4128 3395 9644 
17857 1761 1760 1762 
17858 5849 4963 5850 
17859 3845 3463 9639 
17860 4559 4560 9815 
17861 1792 2272 2273 
17862 7180 7227 9837 
17863 795 793 796 
17864 7068 2364 9799 
17865 5858 5831 6720 
17866 6700 5018 9626 
17867 4840 6207 9830 
17868 6413 9781 9788 
17869 5795 5598 5796 
17870 7149 9740 9803 
17871 5753 6508 9820 
17872 1792 1791 2272 
17873 1788 1785 9759 
17874 3868 3866 4512 
17875 3429 3428 3455 
17876 3361 5586 9648 
17877 1784 3445 5631 
17878 7149 9718 9740 
17879 3419 3366 9620 
17880 7127 9544 9793 
17881 6415 6413 9788 
17882 805 806 807 
17883 3456 3455 3457 
17884 543 542 6601 
17885 4422 5648 9668 
17886 797 799 800 
17887 4027 4026 4491 
17888 4039 4508 9594 
17889 4297 4299 4890 
17890 5582 4302 9655 
17891 4309 4308 9682 
17892 7754 5213 9824 
17893 5688 4515 9824 
17894 1766 1764 4574 
17895 4894 5656 6277 
17896 4276 4015 9721 
17897 4820 5877 9808 
17898 5100 7180 9858 
17899 5644 5093 9978 
17900 4994 5795 9626 
17901 5589 4866 5694 
17902 614 528 6382 
17903 4256 4260 4891 
17904 807 808 809 
17905 9479 9821 9826 
17906 1719 1716 1721 
17907 2444 5457 9724 
17908 1826 1824 1827 
17909 807 806 808 
17910 5 540 6390 
17911 1867 1864 9768 
17912 1776 1773 1790 
17913 1763 1762 1764 
17914 823 822 9717 
17915 541 5 6438 
17916 1822 1823 1824 
17917 4994 4092 5598 
17918 9658 9567 9696 
17919 4302 4304 9655 
17920 789 787 790 
17921 9393 7204 9708 
17922 1693 1692 2363 
17923 9942 6982 9956 
17924 4293 4295 4521 
17925 3441 3439 4045 
17926 3910 9716 9737 
17927 6697 6698 9853 
17928 4542 5858 9764 
17929 3832 2328 9679 
17930 9762 9044 9802 
17931 4434 4142 5054 
17932 4086 4864 4914 
17933 5818 4916 6540 
17934 9223 9222 9729 
17935 835 838 9801 
17936 1711 1709 1713 
17937 4982 9616 9775 
17938 3872 3873 4894 
17939 5032 4450 5603 
17940 4179 6231 6232 
17941 794 795 3433 
17942 798 3402 3872 
17943 3363 3365 9647 
17944 4338 4140 9727 
17945 4308 4311 9682 
17946 3729 3728 4381 
17947 4532 4533 5820 
17948 801 802 803 
17949 4848 2283 9818 
17950 9809 4096 9819 
17951 2463 2467 9702 
17952 6232 6231 6233 
17953 4914 6351 6394 
17954 3399 806 9688 
17955 7272 3910 9737 
17956 1684 6845 10031 
17957 800 799 801 
17958 5764 7023 9743 
17959 4817 9726 9748 
17960 3549 3284 9725 
17961 1705 1703 1718 
17962 1828 1827 9634 
17963 4086 3723 4864 
17964 6232 6233 6240 
17965 5599 2461 9702 
17966 3441 4045 4046 
17967 1742 1740 1743 
17968 1676 1675 9720 
17969 4859 4381 4860 
17970 4817 9411 9726 
17971 7088 4577 9858 
17972 5003 5581 9649 
17973 1782 1781 1791 
17974 5592 4065 9661 
17975 1769 1775 9561 
17976 3346 7040 9677 
17977 3562 5591 9620 
17978 2379 3819 9793 
17979 1864 1863 9768 
17980 6180 3832 9679 
17981 1782 1791 1792 
17982 9411 9699 9726 
17983 3872 4894 6196 
17984 4174 4176 9733 
17985 4046 4865 4866 
17986 3416 3413 9684 
17987 2349 2351 9764 
17988 5560 1782 9691 
17989 3380 5630 9783 
17990 3437 3435 3454 
17991 4535 4537 5024 
17992 1775 1781 1782 
17993 1839 3361 9648 
17994 1792 2275 9691 
17995 6182 6183 9893 
17996 3720 3442 9698 
17997 2467 9604 9702 
17998 9664 9276 9762 
17999 9560 6204 9695 
18000 4154 4156 5090 
18001 6853 6852 9856 
18002 4487 6690 6789 
18003 611 553 6384 
18004 3829 3828 4026 
18005 4546 4827 5837 
18006 4284 4282 4285 
18007 545 544 6387 
18008 4577 7226 9858 
18009 1738 1737 2389 
18010 4451 4450 5032 
18011 5837 5838 6699 
18012 4329 4330 4969 
18013 4092 805 9651 
18014 6399 6400 6470 
18015 1808 1807 1809 
18016 1810 1809 2263 
18017 3498 3497 3828 
18018 4046 4045 4865 
18019 5576 9552 9752 
18020 4304 4307 9655 
18021 3853 3854 4329 
18022 792 4098 9719 
18023 1638 1634 1661 
18024 661 530 6393 
18025 9341 9951 10525 
18026 6191 5011 9744 
18027 803 802 9688 
18028 9616 6285 9775 
18029 4271 3486 9810 
18030 5584 5579 9750 
18031 1701 1699 1702 
18032 9748 7248 9781 
18033 4139 4087 9640 
18034 9889 814 9891 
18035 791 793 794 
18036 3573 3572 3728 
18037 4914 4864 6351 
18038 9742 4257 9794 
18039 6204 7076 9695 
18040 9544 2375 9793 
18041 640 536 6385 
18042 598 787 788 
18043 1799 1794 9751 
18044 1697 1695 1698 
18045 788 789 5870 
18046 6185 5608 9863 
18047 4307 4320 9655 
18048 4262 4273 4958 
18049 4180 6836 9860 
18050 9750 5579 9758 
18051 9371 4826 9735 
18052 4469 4470 5042 
18053 5630 4845 6175 
18054 4140 4139 9727 
18055 9403 4817 9748 
18056 546 545 663 
18057 6185 9863 9873 
18058 1822 1820 1823 
18059 4569 4518 9738 
18060 2272 2296 9657 
18061 5042 5043 6399 
18062 9801 838 9826 
18063 9655 4320 9790 
18064 4086 4914 9640 
18065 1746 1744 2266 
18066 614 6383 6432 
18067 7271 5112 9767 
18068 4176 4179 9733 
18069 5585 9602 9700 
18070 4026 3828 4495 
18071 6720 5831 7096 
18072 9552 834 9752 
18073 1784 1779 3445 
18074 9495 5781 9891 
18075 4833 3388 9792 
18076 9689 5521 9703 
18077 5011 9729 9744 
18078 4546 3881 4827 
18079 3818 9482 9740 
18080 1762 1760 1783 
18081 1802 1801 9711 
18082 9807 5601 9832 
18083 4146 4148 9645 
18084 5579 5595 9758 
18085 649 550 6476 
18086 5607 4045 9761 
18087 5552 9480 9742 
18088 3345 1831 9634 
18089 4281 4280 4282 
18090 5032 5603 6428 
18091 4311 4317 9682 
18092 1867 9768 9825 
18093 4284 4285 4450 
18094 548 653 6479 
18095 9735 5573 9773 
18096 3634 4389 9798 
18097 6352 4864 9730 
18098 794 793 795 
18099 6546 4439 6547 
18100 5608 9478 9825 
18101 6691 5054 6735 
18102 7117 5555 9778 
18103 4340 4338 4909 
18104 6367 6167 9869 
18105 1831 1828 9634 
18106 537 640 6426 
18107 9758 5595 9765 
18108 651 539 6389 
18109 6202 9965 9977 
18110 6964 6257 9931 
18111 9708 7205 9768 
18112 4518 4517 9738 
18113 5093 7041 9992 
18114 4275 4288 5044 
18115 3735 3355 7165 
18116 1754 1752 1795 
18117 4124 4291 4469 
18118 4158 4963 5849 
18119 6738 6737 6739 
18120 795 796 797 
18121 5595 5736 9765 
18122 6699 5838 6758 
18123 4845 4841 6205 
18124 5641 3457 9712 
18125 5524 5525 9770 
18126 4469 5042 6251 
18127 4281 4282 4284 
18128 6852 1715 9856 
18129 797 796 798 
18130 1663 1653 1684 
18131 2389 1737 4278 
18132 4365 4367 5714 
18133 9643 9734 9829 
18134 4381 3728 4925 
18135 797 798 799 
18136 1818 1817 3380 
18137 598 786 787 
18138 3380 1817 4841 
18139 4369 4494 5002 
18140 1785 1784 9759 
18141 9802 5545 9836 
18142 5852 4146 9645 
18143 1794 1793 9751 
18144 3455 4168 9712 
18145 5631 3445 6740 
18146 3348 3346 9677 
18147 1833 3345 9700 
18148 9885 5621 9895 
18149 788 787 789 
18150 9276 5587 9762 
18151 1793 3444 6195 
18152 4148 4250 9645 
18153 4871 4569 5750 
18154 5824 5576 9752 
18155 9778 6198 9922 
18156 3441 4046 9698 
18157 1816 1814 1817 
18158 9949 6740 10006 
18159 9683 7080 9791 
18160 4871 5750 6322 
18161 2273 2272 9657 
18162 6383 6382 6613 
18163 1750 1748 3450 
18164 805 807 9651 
18165 3402 796 9713 
18166 1690 1676 9720 
18167 3369 2273 9657 
18168 6311 9494 9848 
18169 2296 6176 9657 
18170 3853 4329 5610 
18171 4542 5831 5858 
18172 5837 4827 5838 
18173 1668 6732 10040 
18174 7086 4797 9916 
18175 4264 3416 9684 
18176 9849 5554 9893 
18177 6292 6612 10183 
18178 3369 9657 9810 
18179 1758 1756 3451 
18180 4279 4278 4280 
18181 5525 9765 9770 
18182 8309 4110 9862 
18183 6373 8347 9862 
18184 660 7105 9996 
18185 5035 5037 5815 
18186 4279 4280 4281 
18187 1793 1788 3444 
18188 5024 5033 6661 
18189 4836 6185 9851 
18190 1863 9708 9768 
18191 7015 4152 9739 
18192 7248 3462 9781 
18193 5629 4428 5632 
18194 2263 1809 2283 
18195 653 547 6392 
18196 9657 6176 9810 
18197 2365 2366 3497 
18198 4141 9620 9796 
18199 6668 9752 9801 
18200 789 790 791 
18201 806 803 9688 
18202 9602 1833 9700 
18203 6735 5054 6736 
18204 2389 4278 4279 
18205 7127 9793 9828 
18206 649 6524 6587 
18207 4389 5013 9846 
18208 1675 1673 3432 
18209 1801 1799 3422 
18210 1801 3422 3423 
18211 3561 4124 4428 
18212 2363 1692 2364 
18213 4250 4251 9772 
18214 4283 4281 9723 
18215 3423 3467 3561 
18216 812 809 9714 
18217 2363 2364 2365 
18218 793 792 9713 
18219 4263 4159 5057 
18220 791 790 792 
18221 807 810 9651 
18222 2365 2364 2366 
18223 3444 1788 9759 
18224 3497 2366 3853 
18225 1675 3432 4839 
18226 6172 9803 9808 
18227 4532 5820 5821 
18228 9781 3462 9788 
18229 5742 9639 9797 
18230 5024 6661 6662 
18231 3430 3348 9677 
18232 4251 4532 9772 
18233 6197 4278 9722 
18234 7251 9742 9794 
18235 1782 1792 9691 
18236 1622 1619 9734 
18237 3380 4841 4845 
18238 1804 1802 9687 
18239 5821 5820 6678 
18240 5820 9745 9868 
18241 614 6382 6383 
18242 5597 7078 9823 
18243 2263 2283 2288 
18244 2288 3484 3572 
18245 791 792 793 
18246 2288 2283 3484 
18247 10194 6237 10255 
18248 5116 9688 9866 
18249 3561 3467 4124 
18250 4909 4338 9727 
18251 5598 4092 9651 
18252 5624 6213 9908 
18253 7114 5116 9941 
18254 3572 3484 4167 
18255 7218 4837 9784 
18256 9643 3426 9734 
18257 9581 3738 9760 
18258 6990 6209 9963 
18259 4284 4451 9723 
18260 9620 5591 9796 
18261 7172 5081 9842 
18262 6305 4982 9775 
18263 4839 3432 6212 
18264 5599 9702 9830 
18265 4179 6232 9733 
18266 9718 3818 9740 
18267 4285 4293 9705 
18268 9867 5744 9938 
18269 3423 3422 3467 
18270 9760 6697 9853 
18271 6311 9848 9874 
18272 6655 6237 10194 
18273 6179 7251 9794 
18274 4833 9792 9850 
18275 3386 9609 9792 
18276 9679 3370 9798 
18277 9537 9581 9760 
18278 3738 9630 9760 
18279 809 808 9714 
18280 3655 3720 9731 
18281 9821 6669 9826 
18282 6173 7149 9803 
18283 6415 9788 9816 
18284 4378 4376 5637 
18285 808 3421 9714 
18286 6735 6736 6796 
18287 9784 5566 9806 
18288 5080 4180 9860 
18289 3462 9538 9788 
18290 3457 3455 9712 
18291 3866 3655 9731 
18292 6281 5592 9795 
18293 2375 2379 9793 
18294 5740 9940 9971 
18295 9684 5597 9823 
18296 5821 6678 6737 
18297 3443 3529 9873 
18298 6211 4827 9777 
18299 4814 9452 9791 
18300 6662 6661 6711 
18301 9945 6758 9953 
18302 3890 9642 9755 
18303 838 9479 9826 
18304 1801 3423 9711 
18305 3723 3517 9730 
18306 6776 6775 9834 
18307 9794 4257 9804 
18308 6432 6383 6439 
18309 4167 9979 9988 
18310 9768 7205 9825 
18311 5750 4569 9738 
18312 7035 9117 9785 
18313 3422 1799 9751 
18314 6980 6977 9956 
18315 3433 795 9704 
18316 4260 4262 9746 
18317 9831 5882 9907 
18318 9609 7107 9792 
18319 9661 5023 9795 
18320 3388 3386 9792 
18321 1807 1804 9687 
18322 3573 3729 9955 
18323 4814 9791 9807 
18324 834 835 9801 
18325 4257 3644 9804 
18326 4450 4285 9705 
18327 4473 5049 9805 
18328 9639 4141 9797 
18329 796 793 9713 
18330 9559 3487 9833 
18331 6180 9679 9798 
18332 1726 1723 9722 
18333 5592 9661 9795 
18334 4301 5583 9741 
18335 9576 5554 9849 
18336 4819 9762 9802 
18337 4299 4301 9741 
18338 9752 834 9801 
18339 5603 4450 9705 
18340 1693 2363 9757 
18341 1740 1738 9736 
18342 3426 1622 9734 
18343 6178 9804 9809 
18344 6605 5796 9845 
18345 1784 5631 9759 
18346 5604 5582 9790 
18347 1738 2389 9736 
18348 1768 1766 9728 
18349 1814 1812 9754 
18350 6317 4892 9840 
18351 1675 4839 9720 
18352 611 6384 6401 
18353 7032 1827 9968 
18354 1124 6694 9966 
18355 6937 5080 9860 
18356 1847 1844 9859 
18357 5622 9706 9904 
18358 9542 4819 9802 
18359 4152 4154 9739 
18360 795 797 9704 
18361 3370 3634 9798 
18362 5542 4820 9808 
18363 6177 6178 9809 
18364 5821 6738 9772 
18365 6636 5671 9921 
18366 6187 6186 9879 
18367 5820 4533 9745 
18368 4293 4521 9705 
18369 9702 9604 9830 
18370 6448 6352 9800 
18371 4320 4497 9790 
18372 3517 4035 9730 
18373 4156 4158 9756 
18374 6193 6261 9903 
18375 4142 2352 9747 
18376 1695 1693 9757 
18377 6272 6187 9882 
18378 9434 5865 9924 
18379 1781 1768 9728 
18380 6668 9801 9826 
18381 4890 4299 9741 
18382 5586 6988 9838 
18383 649 6476 6524 
18384 802 799 9753 
18385 4892 9733 9840 
18386 4512 3866 9731 
18387 5535 4559 9815 
18388 1616 9875 9920 
18389 4864 3723 9730 
18390 3529 4024 9811 
18391 6187 9879 9882 
18392 5591 5717 9796 
18393 4533 4535 9745 
18394 9513 4814 9807 
18395 1766 4574 9728 
18396 9713 792 9719 
18397 9811 6192 9851 
18398 6775 5535 9817 
18399 5535 9815 9817 
18400 6198 6199 9812 
18401 6426 640 6431 
18402 4317 4313 9844 
18403 560 8093 10737 
18404 5023 6565 9795 
18405 4281 4284 9723 
18406 651 6389 6498 
18407 3439 3437 9761 
18408 1737 1726 9722 
18409 6177 9809 9819 
18410 4288 4365 9769 
18411 6479 653 6480 
18412 5755 5753 9820 
18413 3903 6172 9822 
18414 659 6639 10079 
18415 1719 1721 9813 
18416 6312 6311 9874 
18417 1793 6195 9751 
18418 4315 4324 9844 
18419 1818 3380 9783 
18420 9964 5644 9978 
18421 1724 1719 9813 
18422 4532 5821 9772 
18423 4891 4260 9746 
18424 4515 7754 9824 
18425 1612 1613 9920 
18426 4439 3868 9782 
18427 797 800 9704 
18428 9538 7252 9816 
18429 5870 789 9732 
18430 5337 5342 9902 
18431 798 3872 9753 
18432 9687 1802 9711 
18433 9792 7107 9850 
18434 9892 7257 9908 
18435 1743 1740 9736 
18436 1847 9859 9926 
18437 799 798 9753 
18438 7093 9828 9849 
18439 9479 5052 9821 
18440 3872 6196 9753 
18441 6956 6822 9831 
18442 1820 1818 9783 
18443 3881 3430 9777 
18444 6196 4894 9766 
18445 4264 9684 9823 
18446 7092 7127 9828 
18447 7040 1825 9913 
18448 4045 3439 9761 
18449 3868 4512 9782 
18450 6858 6860 9827 
18451 4262 4958 9746 
18452 1826 1829 9900 
18453 9788 9538 9816 
18454 3437 3454 9761 
18455 1771 9561 9854 
18456 4159 3735 9780 
18457 9537 9760 9853 
18458 6314 6312 9886 
18459 6312 9874 9886 
18460 3729 4859 9814 
18461 4894 6277 9766 
18462 7093 9849 9893 
18463 9887 2263 9925 
18464 3486 3369 9810 
18465 9876 4834 9879 
18466 9478 1867 9825 
18467 789 791 9732 
18468 4835 5862 9899 
18469 2350 1805 9835 
18470 4574 1764 9776 
18471 802 9753 9866 
18472 1764 1762 9776 
18473 3903 9822 9837 
18474 4154 5090 9739 
18475 3828 3497 9763 
18476 5054 4142 9747 
18477 4491 4026 9774 
18478 5627 9916 9952 
18479 6661 5033 9786 
18480 1698 1695 9757 
18481 6808 5645 9967 
18482 6669 6668 9826 
18483 9895 5619 9914 
18484 9744 6418 9839 
18485 5604 9790 9841 
18486 9497 6176 9881 
18487 4141 9796 9797 
18488 3487 9773 9833 
18489 7227 3903 9837 
18490 9790 4497 9841 
18491 9798 4389 9846 
18492 811 814 9889 
18493 4535 5024 9745 
18494 6185 9811 9851 
18495 1817 1814 9754 
18496 9656 6177 9819 
18497 4026 4495 9774 
18498 4158 5849 9756 
18499 5033 5035 9786 
18500 9888 5522 9910 
18501 3728 3572 9771 
18502 3497 3853 9763 
18503 5090 4156 9756 
18504 4495 3828 9763 
18505 9812 6598 9943 
18506 5608 9825 9863 
18507 3853 5610 9763 
18508 7041 4846 9852 
18509 4816 4264 9823 
18510 4832 9832 9848 
18511 4827 3881 9777 
18512 4278 1737 9722 
18513 4832 9513 9832 
18514 5616 6859 9847 
18515 1762 1783 9776 
18516 5044 4288 9769 
18517 5598 9651 9845 
18518 1616 9628 9875 
18519 4365 5714 9769 
18520 9513 9807 9832 
18521 9745 6662 9868 
18522 791 794 9732 
18523 9753 6196 9866 
18524 6208 7068 9934 
18525 6775 9817 9834 
18526 5632 4428 9779 
18527 3572 4167 9771 
18528 9850 7186 9888 
18529 9833 6193 9903 
18530 4925 3728 9771 
18531 4428 4124 9779 
18532 6547 4439 9782 
18533 4291 3467 9878 
18534 1790 1773 9854 
18535 6250 6208 9962 
18536 4860 4381 9787 
18537 4313 4315 9844 
18538 6605 9889 9891 
18539 4841 1817 9754 
18540 9733 6232 9840 
18541 6843 6842 9861 
18542 5602 9542 9836 
18543 9542 9802 9836 
18544 5563 9559 9833 
18545 1823 1820 9783 
18546 4124 4469 9779 
18547 4469 6251 9779 
18548 6251 5042 9789 
18549 6834 5726 10035 
18550 4381 4925 9787 
18551 6796 6736 9898 
18552 1628 6983 9932 
18553 7107 5609 9850 
18554 6176 3636 9881 
18555 9651 810 9845 
18556 5042 6399 9789 
18557 9848 7207 9874 
18558 3430 9677 9777 
18559 9457 1578 9923 
18560 1618 9680 9829 
18561 9803 5542 9808 
18562 763 8208 9928 
18563 1720 1724 9890 
18564 1692 1690 9799 
18565 8198 8197 9928 
18566 4265 4816 9896 
18567 9494 4832 9848 
18568 6182 9899 9918 
18569 5568 5633 9970 
18570 6491 5604 9841 
18571 5855 6780 9855 
18572 9704 7257 9892 
18573 1810 2263 9887 
18574 5577 4836 9851 
18575 4470 4291 9843 
18576 6736 5054 9747 
18577 1830 7003 9945 
18578 7096 5835 9872 
18579 5057 4159 9780 
18580 6180 9798 9846 
18581 7226 5100 9858 
18582 4270 4267 9896 
18583 1773 1771 9854 
18584 9604 4840 9830 
18585 2364 1692 9799 
18586 3735 7165 9780 
18587 4497 9607 9841 
18588 9477 9933 9984 
18589 5882 5593 9864 
18590 1721 1716 9880 
18591 9852 5570 9884 
18592 3819 9576 9849 
18593 5035 5815 9786 
18594 9875 6207 9920 
18595 7078 7072 9857 
18596 6836 9701 9842 
18597 1690 9720 9799 
18598 5024 6662 9745 
18599 6232 6240 9840 
18600 5796 5598 9845 
18601 9658 9696 9885 
18602 6181 6180 9846 
18603 1843 9648 9838 
18604 4127 9537 9853 
18605 9732 3434 9870 
18606 8347 8309 9862 
18607 6816 5649 10005 
18608 8435 8049 10334 
18609 3511 4838 9922 
18610 1629 1628 9932 
18611 7205 4825 9863 
18612 5615 5612 9933 
18613 4043 9937 9938 
18614 1844 1843 9859 
18615 6605 9845 9889 
18616 5600 9843 9877 
18617 9863 4825 9873 
18618 1843 9838 9859 
18619 4843 6201 9936 
18620 4043 3479 9937 
18621 9819 4834 9876 
18622 2283 1809 9818 
18623 6736 9835 9898 
18624 4831 4873 9949 
18625 6191 9744 9839 
18626 1770 1772 9959 
18627 6167 6839 9869 
18628 6170 5625 9926 
18629 6206 9754 9887 
18630 1809 1807 9818 
18631 6201 4844 9867 
18632 6209 9660 9947 
18633 3454 3435 9892 
18634 7110 7111 9924 
18635 3458 3481 9905 
18636 9648 5586 9838 
18637 9825 7205 9863 
18638 9936 6201 9937 
18639 1699 1698 9907 
18640 9696 6994 9885 
18641 5551 4043 9938 
18642 1711 1713 9897 
18643 6984 5863 9969 
18644 4825 3443 9873 
18645 5627 4851 9944 
18646 7207 3490 9874 
18647 9830 6207 9875 
18648 6182 9893 9899 
18649 5835 6717 9872 
18650 6972 6970 9883 
18651 7194 4590 9871 
18652 4035 3460 9905 
18653 5563 9833 9903 
18654 6604 6605 9901 
18655 5633 6713 9865 
18656 4834 5022 9879 
18657 6739 9959 10008 
18658 1783 1760 9894 
18659 5622 9904 9936 
18660 1807 9687 9818 
18661 9874 3490 9886 
18662 5625 5627 9946 
18663 5022 6526 9882 
18664 9879 5022 9882 
18665 9851 6192 9904 
18666 9722 1723 9890 
18667 4445 4362 9943 
18668 7024 5870 9870 
18669 8262 4686 9950 
18670 8493 5841 9950 
18671 6197 9722 9890 
18672 5628 6217 9961 
18673 2288 3573 9925 
18674 9628 5599 9875 
18675 5865 7110 9924 
18676 6377 8149 10539 
18677 683 8189 9951 
18678 9930 5568 9970 
18679 3433 9704 9892 
18680 9688 802 9866 
18681 4530 6888 10094 
18682 9828 3819 9849 
18683 1758 3451 9894 
18684 4838 9778 9922 
18685 7888 4372 10333 
18686 5870 9732 9870 
18687 1716 1714 9880 
18688 3422 9751 9878 
18689 1812 1810 9887 
18690 9754 1812 9887 
18691 1776 1790 9909 
18692 9919 9558 9961 
18693 7052 9656 9876 
18694 6183 7093 9893 
18695 9891 5781 9901 
18696 9859 6170 9926 
18697 420 765 9957 
18698 672 419 9957 
18699 3445 1779 9909 
18700 6739 6791 9959 
18701 6678 5820 9868 
18702 3636 4459 9881 
18703 814 9495 9891 
18704 9946 5627 9952 
18705 9835 1806 9898 
18706 9845 810 9889 
18707 6575 596 10306 
18708 9751 6195 9878 
18709 1698 9831 9907 
18710 810 811 9889 
18711 1723 1720 9890 
18712 4485 4486 9990 
18713 3435 3433 9892 
18714 4590 5062 9871 
18715 4181 9658 9885 
18716 9615 4833 9888 
18717 4181 9885 9895 
18718 3490 9710 9886 
18719 3467 3422 9878 
18720 7178 5900 9982 
18721 5577 9851 9904 
18722 4833 9850 9888 
18723 1760 1758 9894 
18724 9923 7174 9927 
18725 5900 6719 9982 
18726 2756 1128 9966 
18727 1125 1124 9966 
18728 9644 3397 9930 
18729 9656 9819 9876 
18730 5599 9830 9875 
18731 4267 4265 9896 
18732 5554 4835 9899 
18733 6206 9887 9925 
18734 9978 5093 9992 
18735 6209 9947 9963 
18736 9645 4250 9912 
18737 4362 9812 9943 
18738 1714 1711 9897 
18739 9603 4181 9895 
18740 6264 5337 9902 
18741 8020 245 9972 
18742 246 597 9972 
18743 6237 6655 10206 
18744 7646 6590 10529 
18745 7245 5626 9965 
18746 9926 5625 9946 
18747 2388 6182 9918 
18748 6234 5563 9903 
18749 4977 6600 10427 
18750 9880 1714 9897 
18751 4263 5057 9929 
18752 1661 1634 9942 
18753 1825 1826 9900 
18754 5637 4376 9929 
18755 5636 6820 9917 
18756 7011 9923 9927 
18757 5838 6211 9953 
18758 4797 7201 9916 
18759 9711 9558 9919 
18760 3571 5732 9976 
18761 464 650 9995 
18762 707 463 9995 
18763 7257 5624 9908 
18764 5626 4821 9965 
18765 7201 9637 9952 
18766 9408 3256 9976 
18767 3460 3458 9905 
18768 9477 4432 9971 
18769 7086 9916 9944 
18770 3397 9806 9930 
18771 2388 9918 9927 
18772 4848 9919 9961 
18773 9706 5577 9904 
18774 9770 6543 9921 
18775 7056 7055 9911 
18776 7174 2388 9927 
18777 4848 9818 9919 
18778 6314 9931 9935 
18779 6605 9891 9901 
18780 4178 4177 9989 
18781 6606 6604 9906 
18782 752 8173 9980 
18783 1754 1795 9948 
18784 8101 8103 9980 
18785 1779 1776 9909 
18786 2008 2010 9981 
18787 9904 6192 9936 
18788 6727 6302 10028 
18789 6208 9934 9962 
18790 3451 1756 9948 
18791 5558 7388 10000 
18792 1613 1616 9920 
18793 9890 1724 9947 
18794 1702 1699 9907 
18795 1827 1824 9968 
18796 5862 6749 9918 
18797 4269 4270 9973 
18798 5617 9615 9910 
18799 5671 9770 9921 
18800 9615 9888 9910 
18801 6716 6715 9915 
18802 6211 9777 9913 
18803 6963 6672 10050 
18804 9677 7040 9913 
18805 9908 6213 9954 
18806 9979 6217 9988 
18807 10043 6231 10075 
18808 4838 9603 9914 
18809 8036 5797 10510 
18810 1578 7174 9923 
18811 7068 9799 9934 
18812 9603 9895 9914 
18813 4362 3511 9922 
18814 9918 6749 9927 
18815 9777 9677 9913 
18816 9799 9720 9934 
18817 8197 763 9928 
18818 5611 7086 9984 
18819 858 6939 9998 
18820 6749 7011 9927 
18821 9916 5627 9944 
18822 4376 4263 9929 
18823 9562 1847 9926 
18824 9818 9687 9919 
18825 6974 5634 10006 
18826 1632 1629 9932 
18827 1638 1661 9974 
18828 4250 9772 9912 
18829 9893 5554 9899 
18830 6604 9901 9906 
18831 9687 9711 9919 
18832 6314 9886 9931 
18833 5612 5611 9933 
18834 7441 12 9996 
18835 9422 5755 9993 
18836 5694 10140 10195 
18837 13 660 9996 
18838 9900 1829 9953 
18839 6192 4843 9936 
18840 6446 6314 9935 
18841 1612 9920 9939 
18842 6210 9644 9930 
18843 3479 5622 9937 
18844 9937 6201 9938 
18845 2263 2288 9925 
18846 5622 9936 9937 
18847 5650 6846 10014 
18848 5853 5854 10007 
18849 9710 6964 9931 
18850 6211 9900 9953 
18851 8003 8002 10001 
18852 5116 9866 9941 
18853 6207 5626 9939 
18854 9866 6196 9941 
18855 5615 9933 9971 
18856 7772 5964 10446 
18857 9772 6738 9912 
18858 10061 4188 10193 
18859 735 167 10004 
18860 168 581 10004 
18861 6293 5615 9940 
18862 6175 9989 10021 
18863 4551 5558 10000 
18864 4851 4850 9944 
18865 8187 6446 10435 
18866 6826 5658 10024 
18867 4955 4445 9943 
18868 1634 1632 9942 
18869 6226 6684 10140 
18870 1643 1642 10002 
18871 9467 858 9998 
18872 9562 9926 9946 
18873 9720 4839 9934 
18874 9660 6197 9947 
18875 3445 9909 10006 
18876 1713 1709 9987 
18877 4167 3484 9979 
18878 3320 9562 9946 
18879 5634 4831 9949 
18880 1829 1830 9945 
18881 3320 9946 9952 
18882 9829 6798 9964 
18883 1756 1754 9948 
18884 6197 9890 9947 
18885 1795 1752 9985 
18886 1778 6824 10008 
18887 4686 8493 9950 
18888 1632 9932 9942 
18889 9643 9829 9964 
18890 1750 3450 9985 
18891 6210 9930 9970 
18892 5342 8630 10010 
18893 8233 4054 10010 
18894 9886 9710 9931 
18895 9761 3454 9954 
18896 8189 8191 9951 
18897 6982 6980 9956 
18898 5099 7051 10023 
18899 6841 2353 9958 
18900 6196 9766 9941 
18901 9933 9477 9971 
18902 5717 6281 10725 
18903 1705 1718 9999 
18904 6205 6206 9955 
18905 9637 3320 9952 
18906 5757 8436 10012 
18907 1134 8489 10012 
18908 9925 3573 9955 
18909 6921 6923 10221 
18910 419 420 9957 
18911 8162 8165 10407 
18912 6646 4082 10304 
18913 1772 1778 9959 
18914 9954 6213 9997 
18915 9783 5630 9975 
18916 6201 9867 9938 
18917 5607 9761 9954 
18918 4378 5637 9991 
18919 6904 5002 10400 
18920 6758 5838 9953 
18921 4433 5697 10029 
18922 10563 6471 10663 
18923 5645 6801 9967 
18924 7086 9944 9984 
18925 943 942 10016 
18926 7318 946 10016 
18927 9934 4839 9962 
18928 6381 6572 9960 
18929 9947 1724 9963 
18930 6788 4059 10029 
18931 5660 10052 10083 
18932 4527 4526 10011 
18933 3454 9908 9954 
18934 1128 1125 9966 
18935 9759 5631 9986 
18936 6416 6549 10705 
18937 9558 5628 9961 
18938 374 8196 10019 
18939 691 373 10019 
18940 6213 6700 9997 
18941 9920 6207 9939 
18942 4821 4822 9965 
18943 3432 10040 10083 
18944 7461 7459 10020 
18945 1684 1653 10009 
18946 4839 6212 9962 
18947 1824 1823 9968 
18948 6650 2801 10750 
18949 5863 6583 9969 
18950 4168 9643 9964 
18951 9944 4850 9984 
18952 245 246 9972 
18953 6930 6928 10199 
18954 6824 9912 10008 
18955 4432 5740 9971 
18956 1724 9813 9963 
18957 6297 6210 9970 
18958 3484 4848 9979 
18959 5607 9954 9997 
18960 2801 6650 10760 
18961 9975 5630 10021 
18962 9909 6974 10006 
18963 1718 1703 10015 
18964 5067 4269 9973 
18965 9912 6738 10008 
18966 6206 9925 9955 
18967 4168 9964 9978 
18968 7981 561 10605 
18969 10261 10289 10648 
18970 1642 1638 9974 
18971 5135 6764 10025 
18972 6618 7967 10576 
18973 9965 4822 9977 
18974 1973 7339 10025 
18975 602 47 10030 
18976 3256 3571 9976 
18977 5806 5682 10026 
18978 9961 6217 9979 
18979 7037 5050 10033 
18980 6175 4845 10017 
18981 4822 6703 9977 
18982 6779 6681 10023 
18983 4475 8193 10682 
18984 1746 2266 10018 
18985 612 6449 10377 
18986 9697 5099 10023 
18987 4071 7910 10027 
18988 4372 4073 10027 
18989 10614 6325 10639 
18990 10146 6564 10198 
18991 9968 1823 9975 
18992 3450 1748 10018 
18993 9712 4168 9978 
18994 8103 752 9980 
18995 2010 2013 9981 
18996 6719 7122 9982 
18997 634 131 10032 
18998 132 755 10032 
18999 9719 4098 10160 
19000 4491 10056 10125 
19001 5690 10163 10255 
19002 1823 9783 9975 
19003 6325 7133 10639 
19004 5857 6831 10086 
19005 4998 5000 10037 
19006 6759 6847 10034 
19007 4850 9477 9984 
19008 4576 6184 10021 
19009 6764 6765 10025 
19010 9821 6759 10034 
19011 1752 1750 9985 
19012 4035 9905 10028 
19013 9877 3444 9986 
19014 4921 4485 9990 
19015 4177 4576 9989 
19016 8035 586 10038 
19017 8917 4460 10039 
19018 7326 2427 9994 
19019 9260 10131 10447 
19020 6900 6901 10642 
19021 1709 1707 9987 
19022 5643 6645 10355 
19023 5646 7016 10047 
19024 1970 1973 10042 
19025 5683 9422 9993 
19026 10550 8098 10551 
19027 1663 1684 10031 
19028 6948 7326 9994 
19029 2427 9659 9994 
19030 6184 9975 10021 
19031 3444 9759 9986 
19032 3238 3236 10044 
19033 3550 4101 10044 
19034 2266 1744 10036 
19035 4526 4378 9991 
19036 6217 6218 9988 
19037 1669 1668 10040 
19038 463 464 9995 
19039 5051 9649 10066 
19040 9054 6276 10046 
19041 5641 9712 9992 
19042 10639 7133 10645 
19043 6466 10538 10548 
19044 12 13 9996 
19045 9712 9978 9992 
19046 5558 9467 9998 
19047 9587 6669 10034 
19048 4848 9961 9979 
19049 8100 5703 10658 
19050 1707 1705 9999 
19051 557 6566 10464 
19052 9987 1707 9999 
19053 3137 8949 10048 
19054 4188 3139 10048 
19055 5845 4551 10000 
19056 6226 5607 9997 
19057 595 8003 10001 
19058 5649 6809 10005 
19059 8005 8004 10049 
19060 6812 5845 10003 
19061 5845 10000 10003 
19062 9587 3725 10055 
19063 3830 3144 10051 
19064 1651 1643 10002 
19065 4568 4870 10052 
19066 9905 6727 10028 
19067 167 168 10004 
19068 9868 6662 10022 
19069 5269 5804 10053 
19070 3432 1673 10040 
19071 10060 6228 10064 
19072 7816 3635 10054 
19073 5964 5963 10054 
19074 5854 6785 10007 
19075 7557 6227 10722 
19076 9719 10160 10177 
19077 10368 6631 10384 
19078 4935 8818 10372 
19079 824 6963 10050 
19080 9981 2013 10020 
19081 9736 9621 10041 
19082 3873 5594 10059 
19083 6740 3445 10006 
19084 6452 6367 10067 
19085 713 6453 10380 
19086 9787 6918 10458 
19087 6738 6739 10008 
19088 6742 6228 10060 
19089 8630 8233 10010 
19090 7967 6618 10567 
19091 3477 6466 10548 
19092 9588 824 10050 
19093 1653 1651 10009 
19094 8215 200 10058 
19095 201 590 10058 
19096 1651 10002 10009 
19097 10035 6325 10614 
19098 9943 6598 10013 
19099 6585 581 10530 
19100 3143 3141 10061 
19101 8436 1134 10012 
19102 7966 7968 10062 
19103 7972 7970 10062 
19104 8092 10090 10716 
19105 5683 9993 10026 
19106 7084 5705 10063 
19107 9775 6285 10057 
19108 5802 4527 10011 
19109 10070 5818 10080 
19110 10085 4127 10159 
19111 6194 5650 10014 
19112 9763 5610 10045 
19113 946 943 10016 
19114 10038 586 10127 
19115 6741 10017 10065 
19116 6400 5043 10064 
19117 1748 1746 10018 
19118 311 8166 10068 
19119 567 310 10068 
19120 8890 8146 10396 
19121 3048 3044 10069 
19122 3046 3836 10069 
19123 1703 1702 10015 
19124 778 8056 10071 
19125 108 773 10072 
19126 628 107 10072 
19127 9239 6368 10073 
19128 7318 10016 10117 
19129 6315 10229 10575 
19130 4845 6205 10017 
19131 990 987 10074 
19132 986 3039 10074 
19133 5756 6472 10076 
19134 4860 10043 10075 
19135 10041 9621 10120 
19136 4917 5818 10070 
19137 373 374 10019 
19138 753 259 10079 
19139 260 659 10079 
19140 9869 4324 10067 
19141 9365 5698 10078 
19142 6205 9814 10017 
19143 6998 4521 10279 
19144 6670 9587 10055 
19145 5275 5281 10081 
19146 2013 7461 10020 
19147 1702 9864 10015 
19148 6220 6607 10444 
19149 7065 449 10087 
19150 8118 8117 10121 
19151 4870 4871 10082 
19152 450 719 10087 
19153 4165 5857 10086 
19154 3554 4102 10084 
19155 4905 3850 10085 
19156 3528 4127 10085 
19157 6561 6562 10158 
19158 5027 5051 10066 
19159 5630 6175 10021 
19160 5658 6817 10024 
19161 6681 9697 10023 
19162 4266 4268 10089 
19163 6662 6711 10022 
19164 7339 5135 10025 
19165 5557 4134 10088 
19166 10052 6212 10083 
19167 4955 9943 10013 
19168 5682 5683 10026 
19169 10017 9814 10065 
19170 6890 6892 10094 
19171 4059 4433 10029 
19172 8180 9400 10577 
19173 4073 4071 10027 
19174 8091 693 10090 
19175 10040 6732 10083 
19176 6400 10064 10070 
19177 635 306 10091 
19178 307 764 10091 
19179 8039 672 10129 
19180 5921 6544 10092 
19181 7460 7296 10092 
19182 6888 6887 10094 
19183 9906 3707 10128 
19184 570 6634 10638 
19185 9800 4035 10028 
19186 47 48 10030 
19187 131 132 10032 
19188 5050 7084 10033 
19189 5325 7991 10211 
19190 563 6591 10518 
19191 1668 1663 10031 
19192 9877 9986 10060 
19193 8193 5805 10682 
19194 10221 6923 10297 
19195 5726 6325 10035 
19196 6230 6741 10065 
19197 6916 714 10103 
19198 8602 5758 10095 
19199 6547 9782 10164 
19200 1744 1743 10036 
19201 8953 4998 10037 
19202 6509 6464 10179 
19203 6936 644 10104 
19204 6363 6579 10592 
19205 6448 9800 10093 
19206 5813 5814 10330 
19207 6949 6950 10104 
19208 6669 9821 10034 
19209 569 75 10100 
19210 8949 1969 10098 
19211 669 6597 10527 
19212 6952 617 10122 
19213 6230 10065 10075 
19214 6241 6682 10109 
19215 9986 6742 10060 
19216 8026 8035 10038 
19217 5594 9719 10177 
19218 10033 7084 10477 
19219 779 6504 10597 
19220 6231 6230 10075 
19221 6507 8917 10039 
19222 4324 4318 10099 
19223 3043 3048 10102 
19224 6241 10109 10119 
19225 1673 1669 10040 
19226 1969 1970 10042 
19227 10036 1743 10041 
19228 556 6696 10756 
19229 1207 2696 10105 
19230 1212 1209 10105 
19231 5635 7384 10218 
19232 7016 6241 10119 
19233 3236 3550 10044 
19234 228 229 10107 
19235 6432 6439 10170 
19236 6539 10717 10771 
19237 6687 6688 10107 
19238 6233 6231 10043 
19239 339 340 10108 
19240 1743 9736 10041 
19241 749 6596 10635 
19242 4996 6837 10149 
19243 779 275 10113 
19244 276 619 10113 
19245 3836 9054 10046 
19246 10016 6660 10117 
19247 4495 9763 10045 
19248 4330 6250 10112 
19249 228 10107 10178 
19250 6732 5660 10083 
19251 696 7482 10209 
19252 595 10001 10654 
19253 6700 3703 10139 
19254 6480 653 10101 
19255 6672 5027 10066 
19256 703 6868 10133 
19257 6248 5646 10047 
19258 3139 3137 10048 
19259 9340 9481 10121 
19260 6648 561 10389 
19261 8004 739 10049 
19262 7350 5675 10123 
19263 3144 3143 10051 
19264 6894 6828 10120 
19265 6934 6936 10321 
19266 5660 4568 10052 
19267 608 6614 10489 
19268 5581 9588 10050 
19269 103 8179 10143 
19270 4867 4027 10125 
19271 6350 10397 10414 
19272 5710 5269 10053 
19273 6866 6865 10133 
19274 10131 9260 10715 
19275 6765 6766 10098 
19276 6818 6670 10055 
19277 6828 10041 10120 
19278 688 285 10126 
19279 10632 6476 10641 
19280 5963 7816 10054 
19281 3238 10044 10189 
19282 6224 10038 10127 
19283 5603 9705 10110 
19284 5066 6708 10180 
19285 4451 5684 10130 
19286 6307 6308 10402 
19287 6915 9727 10309 
19288 6682 10015 10109 
19289 6411 6414 10129 
19290 10052 4870 10077 
19291 6285 6408 10057 
19292 5678 6894 10124 
19293 6249 6248 10056 
19294 6894 10120 10124 
19295 10015 9864 10109 
19296 6704 4880 10192 
19297 8315 5673 10135 
19298 9903 6261 10111 
19299 7658 4363 10650 
19300 582 6559 10484 
19301 4896 8051 10502 
19302 8105 6268 10501 
19303 6279 7626 10547 
19304 6904 704 10145 
19305 5600 10060 10064 
19306 4922 5719 10136 
19307 4514 6580 10137 
19308 736 8020 10173 
19309 4363 7658 10656 
19310 6875 6876 10145 
19311 200 201 10058 
19312 9690 4448 10097 
19313 9962 6212 10077 
19314 6582 69 10329 
19315 10130 5684 10134 
19316 5866 5867 10149 
19317 3385 6350 10414 
19318 5656 3873 10059 
19319 7018 6965 10146 
19320 6623 4652 10692 
19321 3141 4188 10061 
19322 6953 1626 10148 
19323 6536 573 10248 
19324 102 103 10143 
19325 7970 7966 10062 
19326 10287 6771 10291 
19327 8195 172 10144 
19328 173 607 10144 
19329 6724 289 10789 
19330 6573 255 10803 
19331 785 6689 10609 
19332 6289 6290 10208 
19333 6665 4993 10360 
19334 761 8220 10512 
19335 5694 4866 10140 
19336 5705 6243 10063 
19337 4865 6226 10140 
19338 957 956 10147 
19339 9749 2357 10180 
19340 6696 6558 10756 
19341 4407 4151 10156 
19342 7301 7302 10154 
19343 4108 8397 10323 
19344 7304 7303 10154 
19345 5043 5600 10064 
19346 6307 7304 10285 
19347 1226 1222 10153 
19348 1220 1245 10153 
19349 5600 9877 10060 
19350 6243 7075 10506 
19351 6400 10070 10080 
19352 5678 10124 10130 
19353 6250 9962 10077 
19354 10490 6243 10506 
19355 6755 3496 10252 
19356 1155 1154 10155 
19357 6367 9869 10067 
19358 4993 6665 10370 
19359 310 311 10068 
19360 10158 6562 10188 
19361 3044 3046 10069 
19362 6228 4917 10070 
19363 10065 4859 10075 
19364 8096 778 10071 
19365 107 108 10072 
19366 7061 10085 10159 
19367 6108 9239 10073 
19368 175 176 10157 
19369 5020 6602 10617 
19370 987 986 10074 
19371 9013 4539 10158 
19372 9166 6561 10158 
19373 6851 5066 10180 
19374 6888 4530 10239 
19375 9814 4859 10065 
19376 5758 5756 10076 
19377 484 485 10161 
19378 694 523 10162 
19379 524 783 10162 
19380 6625 6309 10612 
19381 5698 6353 10078 
19382 4859 4860 10075 
19383 5690 9101 10163 
19384 259 260 10079 
19385 10506 7075 10514 
19386 1212 10105 10238 
19387 6705 7104 10466 
19388 480 481 10166 
19389 5281 5822 10081 
19390 6595 5988 10167 
19391 10064 6228 10070 
19392 3867 4438 10170 
19393 6599 6200 10165 
19394 922 6683 10308 
19395 9865 6713 10526 
19396 6470 6400 10080 
19397 4871 6323 10082 
19398 6535 6704 10200 
19399 8646 8086 10562 
19400 4486 4165 10086 
19401 9577 6553 10165 
19402 5689 8344 10168 
19403 3885 3554 10084 
19404 3850 3528 10085 
19405 209 8112 10169 
19406 599 208 10169 
19407 9990 4486 10228 
19408 6355 5702 10219 
19409 10252 3496 10265 
19410 9709 592 10408 
19411 4536 6292 10183 
19412 6212 3432 10083 
19413 10028 6302 10093 
19414 388 389 10150 
19415 5077 6478 10171 
19416 6373 6723 10106 
19417 9853 6698 10159 
19418 5793 4377 10185 
19419 10615 6806 10765 
19420 6548 6547 10164 
19421 5822 5685 10173 
19422 4379 4878 10185 
19423 692 413 10174 
19424 10140 6684 10195 
19425 3010 3007 10175 
19426 8283 4395 10176 
19427 8427 5809 10176 
19428 5034 4537 10183 
19429 449 450 10087 
19430 6625 767 10385 
19431 677 367 10179 
19432 8153 8154 10181 
19433 8171 571 10182 
19434 4134 4895 10088 
19435 4400 5699 10184 
19436 6162 5517 10184 
19437 6212 10052 10077 
19438 4448 9594 10097 
19439 10042 6765 10098 
19440 10047 4867 10125 
19441 4268 4889 10089 
19442 3496 4123 10265 
19443 6247 4662 10186 
19444 10044 8204 10189 
19445 580 8034 10187 
19446 8105 8104 10187 
19447 6660 6620 10117 
19448 4437 3616 10189 
19449 8140 6013 10472 
19450 6606 9906 10128 
19451 4800 4976 10190 
19452 8200 8203 10191 
19453 634 10032 10801 
19454 685 8199 10191 
19455 6152 9515 10190 
19456 8092 8091 10090 
19457 3482 4057 10192 
19458 4880 3820 10192 
19459 6248 10047 10125 
19460 3407 6655 10194 
19461 4547 3708 10194 
19462 5758 10076 10800 
19463 6586 8088 10700 
19464 306 307 10091 
19465 7296 5921 10092 
19466 6918 9787 10675 
19467 9624 816 10196 
19468 6465 6535 10200 
19469 4057 9215 10200 
19470 6545 10156 10350 
19471 8059 8061 10201 
19472 6987 4875 10203 
19473 10204 691 10685 
19474 10089 4889 10096 
19475 10166 481 10440 
19476 10261 6221 10289 
19477 6391 9990 10228 
19478 8072 8071 10127 
19479 6250 10082 10112 
19480 6887 6890 10094 
19481 5778 7977 10556 
19482 4329 4969 10199 
19483 6449 10093 10226 
19484 5656 10203 10216 
19485 5826 6282 10205 
19486 10063 6243 10490 
19487 4885 6237 10206 
19488 3856 4544 10207 
19489 8408 3855 10207 
19490 4266 10089 10328 
19491 6627 733 10482 
19492 7982 7983 10211 
19493 7991 7990 10211 
19494 5695 9629 10209 
19495 5720 8602 10095 
19496 7983 7985 10558 
19497 7867 4111 10212 
19498 5691 5980 10212 
19499 9668 5648 10460 
19500 6562 760 10290 
19501 7008 7007 10097 
19502 10265 4123 10274 
19503 4375 5793 10224 
19504 4524 4160 10224 
19505 9997 6700 10139 
19506 6008 6010 10214 
19507 4889 5765 10096 
19508 5740 5741 10142 
19509 6907 6906 10225 
19510 8178 4976 10544 
19511 8806 8025 10485 
19512 8062 8060 10215 
19513 8165 781 10215 
19514 4486 7013 10228 
19515 75 76 10100 
19516 6317 9840 10202 
19517 4318 4348 10099 
19518 6277 5656 10216 
19519 6514 6511 10230 
19520 9026 4880 10217 
19521 5731 5476 10218 
19522 5036 5034 10229 
19523 10032 6506 10801 
19524 8175 8174 10219 
19525 9302 5635 10218 
19526 5606 8058 10339 
19527 10163 6223 10255 
19528 4382 8298 10220 
19529 5984 6229 10220 
19530 6731 583 10280 
19531 604 116 10222 
19532 6161 8198 10667 
19533 5709 6533 10223 
19534 454 717 10232 
19535 612 453 10232 
19536 644 6949 10104 
19537 6924 6428 10791 
19538 6917 6916 10103 
19539 653 6392 10101 
19540 5720 10095 10116 
19541 3468 3043 10102 
19542 6593 5743 10227 
19543 5161 4631 10231 
19544 4878 5801 10659 
19545 6249 6950 10601 
19546 1209 1207 10105 
19547 5413 5844 10233 
19548 6372 6373 10106 
19549 214 729 10234 
19550 610 213 10234 
19551 10282 6259 10392 
19552 229 701 10107 
19553 7384 3469 10235 
19554 10402 6308 10511 
19555 8227 8226 10237 
19556 340 732 10108 
19557 8008 8010 10240 
19558 9775 10057 10295 
19559 10107 6688 10178 
19560 23 706 10247 
19561 646 22 10247 
19562 8022 125 10242 
19563 126 594 10242 
19564 6369 8222 10243 
19565 8550 6567 10243 
19566 8086 8646 10629 
19567 713 478 10245 
19568 733 6626 10483 
19569 6893 9789 10742 
19570 8193 4475 10525 
19571 4530 4254 10239 
19572 6664 5257 10266 
19573 6565 6317 10553 
19574 8037 604 10386 
19575 4256 4891 10239 
19576 10109 5593 10119 
19577 10106 6724 10789 
19578 275 276 10113 
19579 479 657 10245 
19580 8192 572 10114 
19581 9705 4521 10110 
19582 6870 6874 10271 
19583 5719 5720 10116 
19584 7979 674 10171 
19585 6581 7318 10117 
19586 5673 1212 10118 
19587 6309 6310 10246 
19588 4969 4330 10112 
19589 7304 6307 10402 
19590 371 8017 10248 
19591 573 370 10248 
19592 5593 4867 10119 
19593 9800 10028 10093 
19594 7994 6256 10680 
19595 5402 5708 10249 
19596 4102 8714 10249 
19597 7977 5778 10633 
19598 9864 5593 10109 
19599 9621 4283 10120 
19600 571 8194 10549 
19601 6396 6127 10253 
19602 5707 7537 10254 
19603 5146 2971 10254 
19604 9355 4978 10253 
19605 4462 5668 10256 
19606 4684 3835 10256 
19607 6383 6613 10244 
19608 10039 8142 10509 
19609 6918 6917 10458 
19610 534 647 10615 
19611 4924 9340 10121 
19612 6234 9903 10111 
19613 3864 2712 10257 
19614 10120 4283 10124 
19615 6538 6537 10193 
19616 5357 5360 10258 
19617 4334 8562 10258 
19618 6747 6606 10128 
19619 9612 7066 10595 
19620 5656 10059 10203 
19621 230 231 10260 
19622 10051 3143 10230 
19623 6951 6952 10122 
19624 4348 9668 10251 
19625 3841 7350 10123 
19626 664 7171 10264 
19627 8161 8406 10502 
19628 5724 6622 10262 
19629 6225 5722 10262 
19630 7957 5701 10520 
19631 3867 10170 10669 
19632 7998 7997 10172 
19633 4027 4491 10125 
19634 4283 9723 10124 
19635 4911 6377 10266 
19636 5257 8254 10266 
19637 625 6631 10349 
19638 8010 8624 10566 
19639 7940 6225 10628 
19640 6263 8166 10570 
19641 10093 6302 10226 
19642 5765 6342 10361 
19643 5764 9743 10267 
19644 10059 6987 10203 
19645 6574 1110 10790 
19646 4387 6574 10790 
19647 864 10645 10699 
19648 285 286 10126 
19649 5048 6718 10541 
19650 6264 8112 10647 
19651 5067 7025 10397 
19652 586 8072 10127 
19653 8936 5449 10273 
19654 10082 6323 10112 
19655 8087 5360 10651 
19656 10114 572 10143 
19657 1969 10042 10098 
19658 10115 3841 10123 
19659 7114 10274 10301 
19660 301 566 10236 
19661 10346 5765 10361 
19662 9275 5731 10259 
19663 6410 6411 10129 
19664 8120 750 10275 
19665 8099 8100 10275 
19666 6431 640 10268 
19667 6865 703 10133 
19668 6866 6251 10479 
19669 840 10514 10543 
19670 736 10173 10305 
19671 10124 9723 10130 
19672 4905 7061 10565 
19673 5692 7942 10359 
19674 9723 4451 10130 
19675 4912 4466 10278 
19676 9500 9665 10276 
19677 8624 8010 10627 
19678 6897 6896 10138 
19679 9980 8173 10131 
19680 2007 6770 10300 
19681 10361 6342 10371 
19682 6730 5751 10280 
19683 9035 6731 10280 
19684 6570 6571 10132 
19685 6804 6803 10314 
19686 4863 5678 10134 
19687 4927 5763 10283 
19688 1018 1015 10282 
19689 1245 8315 10135 
19690 7989 599 10748 
19691 5703 8102 10394 
19692 10105 7864 10238 
19693 8218 635 10284 
19694 7064 7144 10473 
19695 10276 8122 10746 
19696 991 990 10286 
19697 5184 7737 10287 
19698 4297 4890 10279 
19699 5678 10130 10134 
19700 4521 4295 10279 
19701 4502 6307 10285 
19702 6806 4524 10765 
19703 8194 97 10288 
19704 98 683 10288 
19705 5679 4922 10136 
19706 760 119 10290 
19707 120 595 10290 
19708 4962 4500 10285 
19709 4369 5002 10281 
19710 5714 4367 10281 
19711 706 6893 10742 
19712 5745 4514 10137 
19713 3303 9546 10292 
19714 9940 5740 10142 
19715 6770 2007 10315 
19716 8206 569 10293 
19717 8205 8201 10293 
19718 766 7998 10172 
19719 8216 692 10294 
19720 9902 7989 10748 
19721 4188 6766 10193 
19722 5983 6252 10296 
19723 4042 8232 10296 
19724 6572 6305 10295 
19725 8098 8097 10297 
19726 8278 1226 10298 
19727 6647 6498 10532 
19728 5365 6040 10213 
19729 321 322 10197 
19730 582 388 10150 
19731 2004 2007 10300 
19732 7048 602 10142 
19733 5739 6347 10299 
19734 10089 6306 10328 
19735 6277 10216 10252 
19736 8975 994 10302 
19737 8030 8031 10303 
19738 6631 6629 10384 
19739 4082 4940 10304 
19740 533 532 10141 
19741 7114 9941 10274 
19742 677 6674 10395 
19743 576 6656 10643 
19744 729 7942 10571 
19745 10057 694 10295 
19746 6896 6540 10590 
19747 575 8090 10307 
19748 572 102 10143 
19749 9252 922 10308 
19750 8230 9693 10312 
19751 4866 4865 10140 
19752 5679 10136 10151 
19753 339 10108 10488 
19754 4548 6568 10310 
19755 4996 10149 10752 
19756 7985 7986 10327 
19757 8025 8026 10485 
19758 8102 9980 10131 
19759 4112 2764 10311 
19760 2762 3536 10311 
19761 6872 6873 10352 
19762 5745 10137 10152 
19763 9693 7887 10312 
19764 10013 7071 10616 
19765 6659 5665 10740 
19766 6273 6770 10315 
19767 8138 4912 10646 
19768 5618 6266 10316 
19769 172 173 10144 
19770 7943 7944 10318 
19771 8158 8159 10319 
19772 10209 9629 10718 
19773 704 6875 10145 
19774 10434 8019 10799 
19775 8043 8045 10323 
19776 5083 6953 10148 
19777 8472 4112 10324 
19778 9640 6395 10309 
19779 8156 8155 10325 
19780 6965 5083 10146 
19781 9727 4139 10309 
19782 10146 5083 10148 
19783 557 321 10197 
19784 4054 3503 10327 
19785 4010 4011 10328 
19786 748 8023 10330 
19787 6837 5866 10149 
19788 960 957 10147 
19789 5174 4413 10332 
19790 6601 6292 10762 
19791 4972 5471 10335 
19792 8044 8046 10334 
19793 6258 6705 10466 
19794 9 10 10337 
19795 6437 6435 10150 
19796 6684 3737 10195 
19797 6884 6886 10366 
19798 4907 5374 10338 
19799 3737 7018 10198 
19800 4431 9437 10340 
19801 8446 8643 10341 
19802 6525 5679 10151 
19803 8188 6421 10530 
19804 8127 577 10343 
19805 9339 898 10342 
19806 9176 6519 10345 
19807 6922 4212 10347 
19808 6624 5745 10152 
19809 1222 1220 10153 
19810 7303 7301 10154 
19811 6381 9960 10337 
19812 10195 3737 10198 
19813 6226 9997 10139 
19814 358 625 10349 
19815 743 357 10349 
19816 227 228 10178 
19817 6455 6454 10251 
19818 5684 5032 10344 
19819 4993 4359 10351 
19820 714 6954 10545 
19821 3421 5653 10346 
19822 1158 1155 10155 
19823 5717 6968 10432 
19824 6254 5782 10353 
19825 7253 9464 10356 
19826 5642 5643 10355 
19827 960 10147 10163 
19828 8614 8445 10339 
19829 4151 4150 10156 
19830 6283 9470 10272 
19831 8964 5433 10303 
19832 5727 6335 10358 
19833 10122 617 10766 
19834 382 383 10306 
19835 7942 7941 10359 
19836 622 8081 10359 
19837 10314 6806 10615 
19838 176 738 10157 
19839 7884 6665 10360 
19840 7851 5794 10360 
19841 668 50 10365 
19842 10232 717 10730 
19843 4539 9166 10158 
19844 8021 567 10341 
19845 9795 6565 10348 
19846 174 175 10362 
19847 6300 7569 10363 
19848 8769 8007 10686 
19849 8524 7940 10436 
19850 6628 6627 10482 
19851 10245 657 10743 
19852 6221 5868 10160 
19853 743 10368 10747 
19854 7482 484 10161 
19855 6967 715 10373 
19856 523 524 10162 
19857 1158 10155 10168 
19858 9092 6219 10367 
19859 9101 960 10163 
19860 6811 4093 10244 
19861 4458 4993 10370 
19862 4127 9853 10159 
19863 8028 8027 10372 
19864 10150 389 10574 
19865 6256 7993 10481 
19866 5623 7974 10369 
19867 452 612 10377 
19868 719 451 10377 
19869 6327 6326 10322 
19870 70 685 10329 
19871 6323 6652 10437 
19872 5818 6540 10336 
19873 816 813 10371 
19874 7959 4424 10387 
19875 254 255 10375 
19876 6200 9577 10165 
19877 617 476 10380 
19878 657 480 10166 
19879 5353 5640 10376 
19880 4023 8604 10376 
19881 6519 5770 10480 
19882 10096 5765 10346 
19883 5988 5990 10167 
19884 477 713 10380 
19885 6650 1120 10760 
19886 6873 6918 10675 
19887 7037 10033 10467 
19888 4471 4048 10378 
19889 8211 688 10214 
19890 6804 10314 10589 
19891 4919 4373 10379 
19892 6224 9121 10793 
19893 6528 10222 10689 
19894 10239 4891 10366 
19895 10121 9481 10731 
19896 2958 8855 10383 
19897 6903 6904 10400 
19898 6629 6630 10384 
19899 8344 1158 10168 
19900 9300 6460 10384 
19901 6507 10039 10509 
19902 10160 5868 10177 
19903 6345 8130 10393 
19904 5041 5797 10386 
19905 4424 3661 10387 
19906 5995 8395 10387 
19907 4438 5677 10170 
19908 6521 5787 10388 
19909 5785 6425 10388 
19910 208 209 10169 
19911 356 743 10389 
19912 561 355 10389 
19913 9522 5557 10531 
19914 590 7991 10499 
19915 7288 10166 10440 
19916 6901 6902 10400 
19917 4904 6345 10393 
19918 3536 3685 10393 
19919 5507 5703 10394 
19920 4115 9233 10394 
19921 6368 5077 10171 
19922 8152 365 10395 
19923 366 677 10395 
19924 5366 5365 10213 
19925 6156 6497 10172 
19926 4044 3010 10354 
19927 6375 6376 10540 
19928 5685 5788 10173 
19929 7958 7960 10399 
19930 3007 3510 10175 
19931 413 414 10174 
19932 4460 3559 10396 
19933 2981 8890 10396 
19934 2357 6851 10180 
19935 4395 8427 10176 
19936 5757 10012 10446 
19937 7956 7958 10399 
19938 658 7964 10399 
19939 699 7304 10402 
19940 8140 601 10401 
19941 6883 6884 10452 
19942 594 8147 10587 
19943 6997 6998 10411 
19944 4965 6358 10403 
19945 5868 6987 10177 
19946 522 694 10404 
19947 563 8124 10405 
19948 6622 6515 10497 
19949 7066 9612 10630 
19950 10199 6928 10660 
19951 367 368 10179 
19952 5381 8406 10407 
19953 9526 9080 10406 
19954 4951 5689 10409 
19955 616 8153 10181 
19956 4041 8965 10410 
19957 8169 8171 10182 
19958 6256 6254 10680 
19959 8621 4023 10413 
19960 7579 4109 10415 
19961 8517 5974 10417 
19962 4537 4536 10183 
19963 8025 8806 10710 
19964 7112 6752 10453 
19965 5517 4400 10184 
19966 6834 10035 10600 
19967 6701 578 10555 
19968 6414 6415 10408 
19969 4377 4379 10185 
19970 239 240 10419 
19971 4662 5691 10186 
19972 8104 580 10187 
19973 5752 9013 10188 
19974 3616 3238 10189 
19975 6353 6354 10423 
19976 9515 4800 10190 
19977 8708 1052 10424 
19978 9082 6288 10425 
19979 4453 5302 10426 
19980 6223 4547 10255 
19981 5812 7479 10427 
19982 4633 4977 10427 
19983 8199 8200 10191 
19984 10038 6224 10793 
19985 3820 3482 10192 
19986 731 8075 10345 
19987 8615 6421 10430 
19988 8119 8118 10433 
19989 675 8019 10434 
19990 5747 8539 10318 
19991 427 8187 10435 
19992 690 426 10435 
19993 6766 6538 10193 
19994 776 8219 10382 
19995 5746 7114 10301 
19996 8173 8170 10447 
19997 3708 3407 10194 
19998 6709 6236 10436 
19999 5735 9624 10196 
20000 65 66 10438 
20001 5817 4464 10439 
20002 7971 7972 10369 
20003 482 696 10440 
20004 690 9935 10481 
20005 443 444 10441 
20006 8598 5715 10284 
20007 5773 5694 10195 
20008 6517 6516 10197 
20009 5840 4942 10443 
20010 4941 6329 10443 
20011 8782 6220 10444 
20012 10170 6439 10669 
20013 10033 4936 10467 
20014 161 6730 10611 
20015 5773 10195 10198 
20016 6478 9049 10445 
20017 6730 161 10618 
20018 10012 7772 10446 
20019 6564 5773 10198 
20020 6634 6636 10638 
20021 5761 5803 10449 
20022 5610 4329 10199 
20023 9215 6465 10200 
20024 8094 380 10455 
20025 381 596 10455 
20026 8061 680 10201 
20027 7073 3558 10451 
20028 709 7008 10466 
20029 5019 8629 10456 
20030 4895 9260 10447 
20031 1052 1049 10457 
20032 7058 7059 10463 
20033 5746 10301 10317 
20034 6582 6272 10471 
20035 10108 6357 10488 
20036 5735 10196 10210 
20037 2800 8551 10461 
20038 2833 8588 10462 
20039 8214 5674 10631 
20040 9988 6218 10271 
20041 8971 6332 10465 
20042 753 10079 10221 
20043 8614 10339 10732 
20044 668 6685 10604 
20045 744 8016 10468 
20046 8214 777 10469 
20047 4409 6152 10470 
20048 6910 6912 10492 
20049 5760 5701 10474 
20050 4978 4386 10475 
20051 6419 9026 10204 
20052 4875 7057 10203 
20053 269 700 10478 
20054 10641 6479 10679 
20055 10717 5029 10771 
20056 4047 4936 10477 
20057 990 10132 10286 
20058 7978 605 10480 
20059 4844 9563 10473 
20060 733 361 10482 
20061 10298 5990 10320 
20062 10345 8075 10728 
20063 360 733 10483 
20064 625 359 10483 
20065 661 6393 10486 
20066 387 582 10484 
20067 9840 6240 10202 
20068 9121 5472 10485 
20069 5825 5826 10205 
20070 8014 8012 10487 
20071 559 338 10488 
20072 251 608 10489 
20073 5635 4885 10206 
20074 6915 6911 10492 
20075 6306 5746 10317 
20076 8007 8005 10686 
20077 3855 3856 10207 
20078 6590 7646 10754 
20079 3371 3509 10490 
20080 5653 10096 10346 
20081 4286 3847 10496 
20082 687 313 10497 
20083 558 8157 10208 
20084 3656 7629 10498 
20085 5990 8408 10320 
20086 6308 5695 10209 
20087 4858 5799 10500 
20088 6455 10122 10766 
20089 8051 8163 10502 
20090 8185 593 10524 
20091 66 67 10503 
20092 6349 8551 10786 
20093 5342 10010 10621 
20094 7171 725 10795 
20095 6350 5735 10210 
20096 7990 7982 10211 
20097 10412 6914 10768 
20098 8220 565 10507 
20099 10149 6401 10752 
20100 8141 634 10509 
20101 5980 7867 10212 
20102 10203 7057 10216 
20103 8078 736 10305 
20104 8054 8053 10213 
20105 8198 6161 10569 
20106 694 10057 10404 
20107 6242 8329 10512 
20108 670 520 10515 
20109 4950 7009 10538 
20110 10035 4973 10600 
20111 6355 10219 10662 
20112 6257 6256 10481 
20113 9882 6526 10471 
20114 8548 6239 10516 
20115 840 837 10514 
20116 60 61 10518 
20117 5701 4331 10520 
20118 3846 4424 10520 
20119 6608 4984 10521 
20120 5774 8453 10523 
20121 3006 3009 10381 
20122 4955 7070 10744 
20123 593 395 10524 
20124 396 766 10524 
20125 444 445 10526 
20126 5575 9334 10522 
20127 6454 10099 10251 
20128 8312 6008 10214 
20129 438 439 10527 
20130 3948 7646 10529 
20131 5944 7473 10529 
20132 5002 4494 10517 
20133 6338 6585 10530 
20134 10071 5712 10788 
20135 781 8062 10215 
20136 9789 6893 10479 
20137 7057 5839 10216 
20138 6040 8772 10533 
20139 6362 8093 10445 
20140 8118 10121 10731 
20141 8440 8972 10535 
20142 300 301 10236 
20143 6246 4949 10542 
20144 9260 4115 10715 
20145 8109 700 10540 
20146 593 6725 10704 
20147 6518 8182 10382 
20148 6658 576 10493 
20149 8293 8138 10472 
20150 8697 6279 10547 
20151 618 7001 10620 
20152 6394 6960 10412 
20153 7061 7060 10565 
20154 8088 735 10700 
20155 5476 9302 10218 
20156 8174 628 10219 
20157 6245 4879 10550 
20158 10381 3009 10391 
20159 578 8015 10555 
20160 8138 8137 10472 
20161 4790 5778 10556 
20162 645 6924 10791 
20163 8094 6298 10537 
20164 7995 7999 10560 
20165 8298 5984 10220 
20166 8461 8646 10562 
20167 4474 5652 10561 
20168 6639 6921 10221 
20169 9429 6484 10557 
20170 1076 1073 10563 
20171 437 438 10564 
20172 116 117 10222 
20173 8027 8025 10710 
20174 6437 10150 10574 
20175 1226 10167 10298 
20176 10132 6571 10286 
20177 8624 8650 10566 
20178 8958 4286 10567 
20179 10010 7988 10621 
20180 7999 587 10569 
20181 6262 6263 10570 
20182 4160 4375 10224 
20183 6567 5709 10223 
20184 6598 6597 10644 
20185 390 678 10574 
20186 7967 7969 10576 
20187 6551 6550 10577 
20188 7005 609 10630 
20189 6906 707 10225 
20190 4936 10033 10477 
20191 9951 8191 10525 
20192 9427 6420 10578 
20193 5814 9042 10583 
20194 7203 4564 10586 
20195 9408 9976 10749 
20196 6509 10179 10655 
20197 3009 7414 10391 
20198 10121 8117 10588 
20199 696 10209 10718 
20200 49 668 10604 
20201 6315 5036 10229 
20202 4371 7654 10592 
20203 5189 6363 10592 
20204 592 8038 10408 
20205 77 684 10594 
20206 711 6905 10782 
20207 289 6724 10493 
20208 6908 6907 10326 
20209 7071 7069 10616 
20210 10037 562 10429 
20211 619 8133 10519 
20212 5743 5744 10227 
20213 274 779 10597 
20214 666 273 10597 
20215 6302 6301 10226 
20216 10197 322 10626 
20217 7130 4410 10603 
20218 6642 6222 10406 
20219 5433 5431 10602 
20220 6304 6381 10591 
20221 727 249 10607 
20222 59 60 10608 
20223 697 224 10609 
20224 225 785 10609 
20225 7105 6705 10690 
20226 160 161 10611 
20227 7962 7963 10468 
20228 4631 5707 10231 
20229 1086 1083 10617 
20230 1082 5020 10617 
20231 6959 613 10725 
20232 161 162 10618 
20233 6284 6378 10598 
20234 6218 5629 10579 
20235 7029 7030 10792 
20236 383 384 10622 
20237 6303 5571 10595 
20238 6540 4916 10590 
20239 4847 9612 10595 
20240 6297 9865 10504 
20241 3323 4973 10614 
20242 4872 5693 10590 
20243 4093 3865 10669 
20244 4 486 10623 
20245 485 4 10623 
20246 226 2 10624 
20247 2 227 10624 
20248 266 3 10625 
20249 3 267 10625 
20250 8108 784 10625 
20251 9824 5213 10779 
20252 323 728 10626 
20253 4116 8624 10627 
20254 7939 7940 10628 
20255 3635 2744 10800 
20256 5284 6052 10631 
20257 6294 6407 10634 
20258 234 749 10635 
20259 665 233 10635 
20260 6883 10452 10559 
20261 5647 6249 10601 
20262 453 454 10232 
20263 79 80 10638 
20264 5798 10429 10773 
20265 10129 672 10619 
20266 1110 1107 10790 
20267 1106 4387 10790 
20268 289 290 10789 
20269 7557 7481 10640 
20270 4589 4995 10707 
20271 6360 5413 10233 
20272 287 576 10643 
20273 10391 7414 10398 
20274 6450 9824 10779 
20275 5638 4483 10780 
20276 213 214 10234 
20277 8395 4684 10652 
20278 8136 8138 10646 
20279 7220 7085 10774 
20280 6260 6264 10647 
20281 10209 7482 10676 
20282 5809 5807 10777 
20283 6371 7658 10650 
20284 864 861 10645 
20285 1097 1096 10776 
20286 5361 6729 10651 
20287 5360 5358 10651 
20288 363 562 10775 
20289 7185 9805 10733 
20290 10468 7963 10761 
20291 3718 7852 10351 
20292 7852 7851 10351 
20293 529 614 10798 
20294 369 573 10655 
20295 8081 5668 10672 
20296 1096 1093 10656 
20297 1092 4363 10656 
20298 5699 9550 10649 
20299 7441 9996 10420 
20300 6539 7036 10717 
20301 5703 5508 10658 
20302 7181 7137 10665 
20303 8048 8049 10661 
20304 7955 697 10474 
20305 4454 6343 10771 
20306 6278 4509 10664 
20307 8016 658 10670 
20308 415 592 10666 
20309 7658 7586 10668 
20310 5606 5287 10671 
20311 51 52 10756 
20312 5668 5255 10672 
20313 8107 8109 10674 
20314 770 7974 10677 
20315 1120 1117 10760 
20316 1116 2801 10760 
20317 9976 6500 10749 
20318 9805 5732 10733 
20319 5805 4404 10682 
20320 4063 4475 10682 
20321 3469 8500 10235 
20322 888 885 10758 
20323 6456 6521 10236 
20324 6324 4986 10684 
20325 118 760 10689 
20326 8397 8417 10753 
20327 4652 7508 10692 
20328 7145 5655 10702 
20329 9608 6161 10667 
20330 6422 6650 10750 
20331 6518 8593 10703 
20332 7864 7865 10238 
20333 5017 6416 10705 
20334 6615 8289 10741 
20335 689 8022 10708 
20336 5665 7698 10740 
20337 6073 8966 10738 
20338 8818 4335 10712 
20339 9431 6482 10691 
20340 6364 5190 10722 
20341 9068 5031 10716 
20342 5766 5122 10734 
20343 6692 9475 10746 
20344 8226 6244 10237 
20345 4954 4955 10744 
20346 6712 5567 10744 
20347 7287 6366 10743 
20348 4254 4256 10239 
20349 6705 6181 10690 
20350 8011 8008 10240 
20351 5839 6755 10252 
20352 7414 5161 10398 
20353 6394 6351 10730 
20354 6553 6234 10599 
20355 10057 6408 10404 
20356 7968 7967 10567 
20357 780 8217 10454 
20358 559 6616 10576 
20359 6399 6470 10742 
20360 10079 6639 10221 
20361 10173 5788 10305 
20362 3509 10063 10490 
20363 9690 10097 10568 
20364 125 126 10242 
20365 6289 10208 10677 
20366 9846 5013 10690 
20367 8222 8550 10243 
20368 8088 6586 10562 
20369 5778 6189 10633 
20370 10237 6244 10250 
20371 9796 5717 10432 
20372 8184 593 10704 
20373 6893 656 10479 
20374 478 479 10245 
20375 6641 6495 10313 
20376 7578 7577 10491 
20377 6310 6313 10246 
20378 6335 10175 10358 
20379 6439 6383 10244 
20380 78 79 10448 
20381 370 371 10248 
20382 10598 6378 10727 
20383 22 23 10247 
20384 679 10106 10789 
20385 5731 10235 10259 
20386 8714 5402 10249 
20387 616 10181 10325 
20388 753 10221 10297 
20389 6244 6245 10250 
20390 10171 674 10636 
20391 5834 10101 10751 
20392 6447 10232 10730 
20393 6282 6283 10272 
20394 773 8180 10577 
20395 4973 10035 10614 
20396 5721 9275 10259 
20397 7940 730 10436 
20398 6127 9355 10253 
20399 7537 5146 10254 
20400 4976 4406 10544 
20401 6237 5690 10255 
20402 3835 4462 10256 
20403 4995 4996 10263 
20404 6912 6908 10326 
20405 10404 6408 10515 
20406 8646 4334 10629 
20407 6451 10245 10743 
20408 10313 6495 10355 
20409 2712 2711 10257 
20410 578 6701 10688 
20411 10030 48 10604 
20412 725 7109 10735 
20413 6696 556 10463 
20414 6277 10252 10265 
20415 554 611 10648 
20416 8562 5357 10258 
20417 10216 5839 10252 
20418 576 288 10493 
20419 7071 10013 10644 
20420 5721 10259 10270 
20421 9771 4167 10697 
20422 701 230 10260 
20423 6432 10170 10701 
20424 720 7005 10504 
20425 6052 9011 10507 
20426 10076 3635 10800 
20427 10274 4123 10301 
20428 638 6914 10412 
20429 4495 10045 10585 
20430 611 6401 10261 
20431 10049 739 10581 
20432 5722 5724 10262 
20433 10257 2711 10269 
20434 3713 8435 10334 
20435 6579 6363 10755 
20436 7302 664 10264 
20437 5811 5721 10270 
20438 8974 6489 10572 
20439 9524 6625 10385 
20440 8078 10305 10422 
20441 8254 4911 10266 
20442 10259 8500 10270 
20443 5763 5764 10267 
20444 9766 6277 10265 
20445 726 7341 10599 
20446 10097 9594 10781 
20447 6709 319 10464 
20448 6330 8262 10784 
20449 2711 7906 10269 
20450 5811 10270 10277 
20451 640 6385 10268 
20452 6869 6870 10271 
20453 10210 4919 10379 
20454 5689 10186 10409 
20455 6517 10197 10626 
20456 8500 3075 10270 
20457 10215 8060 10671 
20458 5775 4932 10416 
20459 6679 5830 10289 
20460 10056 4491 10321 
20461 678 8074 10272 
20462 9766 10265 10274 
20463 6884 10366 10452 
20464 7378 5811 10277 
20465 9839 6418 10778 
20466 10097 7007 10568 
20467 1014 8936 10273 
20468 6108 10073 10605 
20469 3885 10084 10583 
20470 10118 1212 10238 
20471 6395 10412 10768 
20472 10270 3075 10277 
20473 10429 8152 10773 
20474 8170 8168 10796 
20475 6772 6417 10459 
20476 2783 6772 10459 
20477 6881 6879 10787 
20478 10043 4860 10458 
20479 10167 5990 10298 
20480 7008 10097 10781 
20481 6880 6883 10559 
20482 750 8099 10275 
20483 4915 9500 10276 
20484 8093 745 10445 
20485 7378 10277 10291 
20486 6396 10253 10708 
20487 8096 10071 10788 
20488 1014 10273 10282 
20489 783 525 10802 
20490 6266 10434 10799 
20491 3075 8978 10277 
20492 5031 6529 10307 
20493 6698 6696 10463 
20494 4466 5082 10278 
20495 10374 6318 10418 
20496 9743 3384 10431 
20497 9941 9766 10274 
20498 9940 10142 10606 
20499 4295 4297 10279 
20500 5751 9035 10280 
20501 6771 7378 10291 
20502 4367 4369 10281 
20503 5871 6613 10637 
20504 7978 5680 10556 
20505 1015 1014 10282 
20506 5738 4927 10283 
20507 10277 8978 10291 
20508 4212 10250 10347 
20509 8219 8218 10284 
20510 6358 10231 10403 
20511 4500 4502 10285 
20512 6596 749 10687 
20513 6441 5748 10294 
20514 994 991 10286 
20515 7737 2003 10287 
20516 10100 76 10594 
20517 10236 566 10703 
20518 5013 9619 10420 
20519 6888 10239 10366 
20520 8023 578 10688 
20521 97 98 10288 
20522 10071 8056 10533 
20523 9612 6365 10630 
20524 119 120 10290 
20525 10175 3510 10358 
20526 6692 686 10438 
20527 8978 5184 10291 
20528 10294 692 10757 
20529 10172 7997 10649 
20530 10039 4460 10759 
20531 10289 5830 10648 
20532 10142 602 10606 
20533 663 6388 10723 
20534 10287 2003 10300 
20535 6466 3303 10292 
20536 6073 7945 10450 
20537 8201 8206 10293 
20538 8217 8216 10294 
20539 596 382 10306 
20540 8232 5983 10296 
20541 8051 8416 10694 
20542 4924 10121 10588 
20543 10108 732 10633 
20544 4652 6623 10780 
20545 8097 753 10297 
20546 6328 8278 10298 
20547 6368 10171 10636 
20548 6305 9775 10295 
20549 8213 8214 10631 
20550 6803 6806 10314 
20551 319 320 10464 
20552 10099 4348 10251 
20553 2003 2004 10300 
20554 6261 5739 10299 
20555 4123 7019 10301 
20556 6571 6327 10322 
20557 4102 10249 10696 
20558 5844 10345 10728 
20559 6347 9524 10385 
20560 6597 6599 10527 
20561 6879 6880 10787 
20562 5374 8975 10302 
20563 8032 8030 10303 
20564 4940 6493 10304 
20565 10329 685 10767 
20566 5788 5790 10305 
20567 6328 10298 10320 
20568 10133 6868 10579 
20569 69 70 10329 
20570 9741 6492 10513 
20571 10301 7019 10317 
20572 10186 5691 10409 
20573 8090 8092 10307 
20574 6576 6575 10306 
20575 7063 9563 10565 
20576 6410 10129 10619 
20577 5754 9252 10308 
20578 10228 6316 10508 
20579 10126 286 10643 
20580 4549 4548 10310 
20581 5974 10269 10417 
20582 4139 9640 10309 
20583 2764 2762 10311 
20584 5270 8230 10312 
20585 716 6959 10348 
20586 6388 6545 10350 
20587 7019 4010 10317 
20588 6275 6273 10315 
20589 8168 10088 10796 
20590 6614 608 10777 
20591 6418 5618 10316 
20592 728 7943 10318 
20593 608 8158 10319 
20594 6609 6328 10320 
20595 5754 10308 10331 
20596 8046 8043 10323 
20597 10267 5817 10439 
20598 6628 10482 10775 
20599 10417 7906 10428 
20600 5270 10312 10333 
20601 5713 8472 10324 
20602 6960 638 10412 
20603 4491 9774 10321 
20604 8144 10039 10759 
20605 8155 616 10325 
20606 5798 8953 10429 
20607 8045 8051 10694 
20608 3503 4402 10327 
20609 10204 9026 10217 
20610 7906 4042 10428 
20611 10314 647 10589 
20612 4011 4266 10328 
20613 10111 726 10599 
20614 9738 4517 10326 
20615 6481 6582 10329 
20616 5797 9365 10510 
20617 8069 748 10330 
20618 6508 5754 10331 
20619 10106 679 10552 
20620 6895 646 10336 
20621 4413 4629 10332 
20622 8445 5606 10339 
20623 5804 5270 10333 
20624 8049 8044 10334 
20625 6271 4972 10335 
20626 10 698 10337 
20627 6602 5020 10755 
20628 6326 4044 10354 
20629 670 10515 10598 
20630 7626 6279 10763 
20631 6712 600 10441 
20632 6335 4907 10338 
20633 6259 5775 10392 
20634 8058 8059 10339 
20635 10214 688 10673 
20636 6923 6922 10347 
20637 5759 4431 10340 
20638 8643 6296 10341 
20639 5154 9339 10342 
20640 8168 8169 10531 
20641 10339 8059 10732 
20642 577 8095 10343 
20643 9546 840 10543 
20644 5844 9176 10345 
20645 5032 6428 10344 
20646 6591 6593 10518 
20647 606 8078 10422 
20648 6343 10702 10771 
20649 5711 10071 10533 
20650 10219 628 10662 
20651 10283 7073 10451 
20652 5354 6073 10450 
20653 10157 738 10657 
20654 357 358 10349 
20655 5366 10213 10661 
20656 9714 3421 10346 
20657 6527 6692 10438 
20658 6874 6872 10352 
20659 6281 9795 10348 
20660 5154 10342 10357 
20661 6717 5836 10350 
20662 5640 5354 10450 
20663 10129 6414 10785 
20664 4359 3718 10351 
20665 5610 10199 10660 
20666 687 8683 10570 
20667 4932 7495 10416 
20668 5782 6374 10353 
20669 7974 7971 10369 
20670 10226 6301 10495 
20671 6951 5648 10601 
20672 6495 5642 10355 
20673 6428 6924 10782 
20674 4511 7253 10356 
20675 3510 3006 10381 
20676 6156 10172 10649 
20677 6440 5154 10357 
20678 6372 10106 10552 
20679 10293 569 10729 
20680 6905 10344 10782 
20681 6288 10332 10425 
20682 9714 10346 10361 
20683 10174 414 10666 
20684 10032 755 10501 
20685 10179 368 10655 
20686 6219 5727 10358 
20687 10416 7495 10421 
20688 10319 5809 10777 
20689 669 7071 10644 
20690 4511 10356 10364 
20691 6425 8496 10469 
20692 7495 5174 10421 
20693 8014 8688 10555 
20694 7941 622 10359 
20695 6558 6556 10365 
20696 6350 10210 10379 
20697 6642 386 10484 
20698 8953 10037 10429 
20699 5794 7884 10360 
20700 6390 6391 10508 
20701 10508 6316 10772 
20702 10334 8046 10753 
20703 10090 693 10537 
20704 812 9714 10361 
20705 725 10735 10795 
20706 607 174 10362 
20707 7569 4471 10363 
20708 6343 4511 10364 
20709 50 51 10365 
20710 8098 10297 10551 
20711 10292 6246 10542 
20712 6886 6888 10366 
20713 10271 6874 10697 
20714 812 10361 10371 
20715 6240 6233 10545 
20716 6161 6162 10569 
20717 10201 680 10693 
20718 7592 9092 10367 
20719 6460 6459 10368 
20720 6652 6322 10709 
20721 6378 6380 10727 
20722 8182 776 10382 
20723 8592 5623 10369 
20724 3384 3385 10431 
20725 4475 9341 10525 
20726 6475 4458 10370 
20727 10225 707 10709 
20728 6419 10204 10685 
20729 10305 5790 10422 
20730 8031 8028 10372 
20731 813 812 10371 
20732 715 7047 10373 
20733 5803 10363 10449 
20734 10080 5818 10336 
20735 5792 6318 10374 
20736 10208 8157 10677 
20737 5825 10205 10704 
20738 10213 8053 10661 
20739 6713 6712 10441 
20740 1096 10668 10776 
20741 740 254 10375 
20742 9566 9565 10593 
20743 755 8105 10501 
20744 10326 6907 10769 
20745 8007 8769 10627 
20746 8604 5353 10376 
20747 451 452 10377 
20748 4969 10112 10437 
20749 6308 10209 10676 
20750 8312 10214 10673 
20751 10284 635 10720 
20752 6616 6618 10576 
20753 10335 7130 10603 
20754 10340 6324 10684 
20755 6506 10032 10501 
20756 9995 6652 10709 
20757 10170 5677 10701 
20758 4048 4104 10378 
20759 10364 5766 10734 
20760 5471 9566 10610 
20761 476 477 10380 
20762 4373 5067 10379 
20763 5776 6518 10382 
20764 10010 4054 10714 
20765 581 8188 10530 
20766 10088 8168 10531 
20767 10222 117 10689 
20768 6261 10299 10764 
20769 5810 10215 10671 
20770 5784 2958 10383 
20771 10645 7133 10699 
20772 9566 10593 10610 
20773 6630 9300 10384 
20774 767 7417 10385 
20775 10425 4629 10442 
20776 10378 4104 10390 
20777 320 557 10464 
20778 10514 7075 10543 
20779 8108 268 10478 
20780 10235 8500 10259 
20781 6332 10390 10465 
20782 9033 5041 10386 
20783 7592 10381 10391 
20784 3661 5995 10387 
20785 10187 8034 10602 
20786 10476 5638 10780 
20787 4629 6300 10442 
20788 5787 5785 10388 
20789 5632 10133 10579 
20790 355 356 10389 
20791 8205 4437 10582 
20792 10231 5707 10403 
20793 6360 10233 10737 
20794 4104 7578 10390 
20795 6456 10236 10703 
20796 6359 7592 10391 
20797 10001 8002 10475 
20798 7007 10138 10568 
20799 8855 1018 10392 
20800 3685 4904 10393 
20801 9233 5507 10394 
20802 6498 6389 10532 
20803 365 366 10395 
20804 5403 6224 10573 
20805 9365 10078 10510 
20806 255 256 10803 
20807 9437 864 10699 
20808 6359 10391 10398 
20809 6282 10272 10726 
20810 8071 5708 10573 
20811 7988 10010 10714 
20812 741 8453 10647 
20813 683 9951 10695 
20814 3559 2981 10396 
20815 7025 5816 10397 
20816 6677 5871 10637 
20817 8018 585 10778 
20818 6902 6903 10400 
20819 9797 9796 10432 
20820 6358 6359 10398 
20821 7964 7956 10399 
20822 5799 10415 10500 
20823 10318 7944 10738 
20824 601 8210 10401 
20825 693 8094 10537 
20826 7474 699 10402 
20827 10397 5816 10414 
20828 8080 10468 10761 
20829 6560 4965 10403 
20830 8086 8088 10562 
20831 7368 726 10764 
20832 8039 10129 10785 
20833 521 522 10404 
20834 8446 10341 10719 
20835 6299 10090 10537 
20836 8406 4896 10502 
20837 10463 7059 10797 
20838 8124 8123 10405 
20839 5752 10001 10475 
20840 9951 6402 10695 
20841 10253 8001 10708 
20842 6222 9526 10406 
20843 8202 8205 10582 
20844 8662 5381 10407 
20845 6533 4951 10409 
20846 7001 6997 10411 
20847 8965 6398 10410 
20848 6415 9709 10408 
20849 6214 6216 10499 
20850 6585 6586 10700 
20851 7059 7061 10797 
20852 5816 5817 10414 
20853 6395 6394 10412 
20854 240 241 10653 
20855 6290 8621 10413 
20856 10303 8031 10712 
20857 4109 5812 10415 
20858 10462 6364 10722 
20859 10424 6608 10521 
20860 8198 9928 10667 
20861 5733 8517 10417 
20862 684 78 10448 
20863 9486 8209 10434 
20864 10272 8074 10726 
20865 10288 683 10695 
20866 6233 10103 10545 
20867 532 531 10418 
20868 6263 8446 10719 
20869 5784 10416 10421 
20870 9928 5652 10667 
20871 9921 684 10448 
20872 742 239 10419 
20873 6950 6951 10601 
20874 10456 6278 10664 
20875 4915 10276 10746 
20876 5733 10417 10428 
20877 8181 780 10454 
20878 6288 5784 10421 
20879 740 10375 10494 
20880 6559 6642 10484 
20881 9839 8181 10454 
20882 7977 7978 10556 
20883 691 10019 10685 
20884 10251 9668 10460 
20885 5790 8548 10422 
20886 8112 741 10647 
20887 10004 6585 10700 
20888 10250 6245 10347 
20889 5867 6221 10736 
20890 6354 9400 10423 
20891 6486 8708 10424 
20892 9464 9463 10745 
20893 6280 9082 10425 
20894 5799 4453 10426 
20895 7479 4633 10427 
20896 6568 5733 10428 
20897 6968 6967 10432 
20898 8010 8007 10627 
20899 562 8152 10429 
20900 4054 10327 10714 
20901 6266 9486 10434 
20902 8204 8202 10582 
20903 6333 8615 10430 
20904 570 8119 10433 
20905 10249 8067 10696 
20906 8209 675 10434 
20907 7070 4955 10616 
20908 426 427 10435 
20909 8131 8329 10552 
20910 6280 10425 10442 
20911 656 6866 10479 
20912 754 6729 10618 
20913 6236 8524 10436 
20914 9996 7105 10420 
20915 686 65 10438 
20916 4464 7073 10439 
20917 481 482 10440 
20918 10078 746 10510 
20919 600 443 10441 
20920 9563 4905 10565 
20921 5708 5403 10573 
20922 5668 8080 10761 
20923 8166 687 10570 
20924 5803 6280 10442 
20925 4942 4941 10443 
20926 4890 9741 10513 
20927 635 10091 10720 
20928 6441 10294 10757 
20929 10144 607 10535 
20930 1048 8782 10444 
20931 10062 7968 10496 
20932 9049 6362 10445 
20933 6636 9921 10448 
20934 6472 5757 10446 
20935 10019 6420 10685 
20936 3558 7112 10451 
20937 288 289 10493 
20938 1048 10444 10457 
20939 6481 10329 10767 
20940 6216 10058 10499 
20941 6331 5761 10449 
20942 7474 10402 10511 
20943 10387 8395 10652 
20944 6752 6340 10453 
20945 7945 7947 10450 
20946 6599 10165 10564 
20947 10534 6330 10784 
20948 521 10404 10515 
20949 9738 10326 10769 
20950 380 381 10455 
20951 8137 8140 10472 
20952 7577 7579 10491 
20953 4891 9746 10452 
20954 6287 5019 10456 
20955 10343 8095 10788 
20956 1049 1048 10457 
20957 6191 9839 10454 
20958 10453 6340 10467 
20959 6659 2783 10459 
20960 10275 8100 10658 
20961 658 10399 10670 
20962 6319 6804 10589 
20963 6414 10408 10785 
20964 4860 9787 10458 
20965 6238 2800 10461 
20966 6227 2833 10462 
20967 10426 7578 10491 
20968 556 7058 10463 
20969 5763 10267 10439 
20970 6593 10227 10608 
20971 6340 7037 10467 
20972 7104 709 10466 
20973 6566 6709 10464 
20974 10269 7906 10417 
20975 5302 8971 10465 
20976 6238 10461 10476 
20977 10113 619 10519 
20978 10068 6263 10719 
20979 8080 744 10468 
20980 6013 8293 10472 
20981 777 8125 10469 
20982 5702 4409 10470 
20983 569 10100 10729 
20984 10323 8045 10694 
20985 6272 9882 10471 
20986 6224 10127 10573 
20987 6689 5760 10474 
20988 4386 5752 10475 
20989 6623 6238 10476 
20990 726 10111 10764 
20991 10087 719 10495 
20992 3509 4047 10477 
20993 8109 8108 10478 
20994 268 269 10478 
20995 742 10419 10534 
20996 605 7975 10480 
20997 9867 4844 10473 
20998 8688 6701 10555 
20999 7993 690 10481 
21000 361 362 10482 
21001 6251 9789 10479 
21002 10368 6459 10747 
21003 6729 6730 10618 
21004 10383 5775 10416 
21005 9935 6257 10481 
21006 10580 783 10802 
21007 359 360 10483 
21008 6321 8769 10686 
21009 10302 6571 10322 
21010 386 387 10484 
21011 10112 6323 10437 
21012 5677 6531 10486 
21013 8115 9334 10588 
21014 5472 8806 10485 
21015 9565 3477 10593 
21016 4460 10396 10759 
21017 8012 8011 10487 
21018 6911 6910 10492 
21019 338 339 10488 
21020 250 251 10489 
21021 10330 8023 10688 
21022 9183 6267 10549 
21023 9600 3371 10490 
21024 6724 6658 10493 
21025 8159 740 10494 
21026 4334 10258 10629 
21027 10134 5684 10713 
21028 6301 6303 10495 
21029 3847 4505 10496 
21030 313 314 10497 
21031 6162 10184 10560 
21032 10058 590 10499 
21033 700 8150 10706 
21034 7629 5183 10498 
21035 4955 10013 10616 
21036 6600 4858 10500 
21037 9600 10490 10506 
21038 4505 10062 10496 
21039 8150 6377 10706 
21040 8017 10204 10739 
21041 10447 8170 10796 
21042 10266 6377 10539 
21043 5374 10302 10322 
21044 6268 6506 10501 
21045 8163 8161 10502 
21046 67 568 10503 
21047 10366 4891 10452 
21048 10149 5867 10736 
21049 6365 6297 10504 
21050 241 606 10653 
21051 10084 4102 10696 
21052 5654 10187 10602 
21053 836 9600 10506 
21054 6486 10521 10528 
21055 6489 10498 10572 
21056 565 8213 10507 
21057 6928 6927 10660 
21058 10389 743 10747 
21059 7061 10159 10797 
21060 8142 8141 10509 
21061 10452 9746 10559 
21062 692 10174 10757 
21063 10091 6407 10720 
21064 5801 10554 10659 
21065 746 8036 10510 
21066 836 10506 10514 
21067 10204 10217 10739 
21068 6485 6486 10528 
21069 782 7474 10511 
21070 10347 6245 10551 
21071 5738 10283 10451 
21072 4115 10394 10715 
21073 9011 6242 10512 
21074 520 521 10515 
21075 837 836 10514 
21076 6485 10528 10536 
21077 10352 6873 10675 
21078 6239 6520 10516 
21079 5697 5048 10632 
21080 8329 6372 10552 
21081 10242 594 10587 
21082 61 563 10518 
21083 8721 6503 10519 
21084 4494 4863 10517 
21085 10466 7008 10781 
21086 4912 10278 10646 
21087 6487 6485 10536 
21088 685 10191 10767 
21089 8117 8115 10588 
21090 4331 3846 10520 
21091 6225 10262 10628 
21092 10372 8027 10710 
21093 6406 10293 10729 
21094 636 6958 10553 
21095 4984 7610 10521 
21096 6249 10056 10724 
21097 9596 5575 10522 
21098 4406 5805 10544 
21099 10049 6321 10686 
21100 591 7502 10612 
21101 6487 10536 10546 
21102 8412 5325 10558 
21103 8294 5774 10523 
21104 10521 7610 10528 
21105 10338 6326 10354 
21106 395 396 10524 
21107 672 9957 10619 
21108 8191 8193 10525 
21109 445 720 10526 
21110 10234 729 10571 
21111 6489 6487 10546 
21112 439 669 10527 
21113 10241 663 10723 
21114 7610 4990 10528 
21115 7473 3948 10529 
21116 6880 10559 10787 
21117 9121 10485 10793 
21118 7988 7989 10621 
21119 5557 10088 10531 
21120 250 10489 10607 
21121 6421 6338 10530 
21122 5801 6647 10532 
21123 10528 4990 10536 
21124 10509 634 10801 
21125 9988 10271 10697 
21126 8772 5711 10533 
21127 8154 742 10534 
21128 6303 10087 10495 
21129 7009 6269 10538 
21130 8972 6334 10535 
21131 6254 10353 10680 
21132 4990 7617 10536 
21133 6298 6299 10537 
21134 6718 5045 10541 
21135 8629 1076 10663 
21136 10103 714 10545 
21137 9957 6484 10619 
21138 7989 9902 10621 
21139 4949 4950 10542 
21140 7075 6246 10543 
21141 6466 10292 10542 
21142 6505 8974 10572 
21143 10536 7617 10546 
21144 10538 6269 10548 
21145 10359 8081 10672 
21146 10240 8010 10566 
21147 10182 571 10549 
21148 8553 6505 10584 
21149 10100 6405 10729 
21150 6335 10338 10354 
21151 10131 8173 10447 
21152 6907 10225 10769 
21153 10122 6455 10460 
21154 10161 485 10623 
21155 10211 7983 10558 
21156 6550 6355 10662 
21157 7617 3656 10546 
21158 617 10380 10766 
21159 5693 9690 10568 
21160 6269 6270 10548 
21161 10080 10336 10770 
21162 1072 8697 10547 
21163 8553 10584 10596 
21164 3713 10334 10753 
21165 6927 10045 10660 
21166 6334 10144 10535 
21167 6264 9902 10748 
21168 4879 6336 10550 
21169 679 8131 10552 
21170 10104 6249 10724 
21171 6589 8553 10596 
21172 1072 10547 10563 
21173 8015 8014 10555 
21174 6503 10113 10519 
21175 5680 4790 10556 
21176 10336 646 10770 
21177 6374 9429 10557 
21178 7996 7995 10560 
21179 6730 10280 10611 
21180 6141 4474 10561 
21181 6586 8461 10562 
21182 7060 7063 10565 
21183 8588 1086 10721 
21184 8598 10284 10720 
21185 6589 10596 10613 
21186 6317 10202 10553 
21187 1073 1072 10563 
21188 10482 362 10775 
21189 10297 6923 10551 
21190 579 437 10564 
21191 10256 5668 10761 
21192 9746 4958 10559 
21193 6505 10572 10584 
21194 10189 8204 10582 
21195 6590 6589 10613 
21196 8650 3676 10566 
21197 10433 8118 10731 
21198 6618 8958 10567 
21199 587 8198 10569 
21200 10056 10321 10724 
21201 4437 10189 10582 
21202 6287 10664 10681 
21203 8683 6262 10570 
21204 6348 6649 10571 
21205 10367 3510 10381 
21206 8066 10084 10696 
21207 688 10126 10673 
21208 6579 6287 10681 
21209 389 390 10574 
21210 7969 559 10576 
21211 9400 6551 10577 
21212 6923 10347 10551 
21213 6529 9427 10578 
21214 670 10598 10727 
21215 739 8077 10581 
21216 9463 4877 10745 
21217 9042 3885 10583 
21218 5629 5632 10579 
21219 5183 5009 10584 
21220 8551 1100 10786 
21221 4564 6286 10586 
21222 10165 579 10564 
21223 6309 10246 10612 
21224 6398 6397 10587 
21225 4041 10410 10698 
21226 9334 4924 10588 
21227 10584 5009 10596 
21228 674 7980 10636 
21229 10517 4863 10642 
21230 7654 5189 10592 
21231 10586 6286 10600 
21232 9774 4495 10585 
21233 6905 6900 10713 
21234 646 10247 10770 
21235 4916 4872 10590 
21236 76 77 10594 
21237 9619 6304 10591 
21238 10141 6319 10589 
21239 602 10030 10606 
21240 5009 8567 10596 
21241 273 274 10597 
21242 5571 4847 10595 
21243 10316 8018 10778 
21244 10332 4629 10425 
21245 6286 6834 10600 
21246 6408 6284 10598 
21247 10572 5183 10584 
21248 10541 5045 10707 
21249 5431 5654 10602 
21250 4410 7203 10603 
21251 48 49 10604 
21252 10440 696 10718 
21253 8827 6108 10605 
21254 10596 8567 10613 
21255 5648 5647 10601 
21256 9960 783 10580 
21257 249 250 10607 
21258 6353 10423 10711 
21259 723 59 10608 
21260 224 225 10609 
21261 10205 6282 10726 
21262 6270 7130 10610 
21263 583 160 10611 
21264 6674 5798 10773 
21265 6386 10615 10765 
21266 8567 5944 10613 
21267 10550 6336 10683 
21268 7069 7070 10616 
21269 5805 10114 10544 
21270 9525 3323 10614 
21271 7109 618 10620 
21272 1083 1082 10617 
21273 162 754 10618 
21274 4958 6881 10787 
21275 6484 6410 10619 
21276 10593 6270 10610 
21277 9902 5342 10621 
21278 384 682 10622 
21279 7765 8614 10732 
21280 6377 6375 10706 
21281 486 782 10623 
21282 785 226 10624 
21283 784 266 10625 
21284 609 7066 10630 
21285 322 323 10626 
21286 8769 4116 10627 
21287 10290 595 10654 
21288 603 7939 10628 
21289 8085 8086 10629 
21290 5801 10532 10554 
21291 9525 10614 10639 
21292 5674 5284 10631 
21293 732 7977 10633 
21294 10073 6368 10636 
21295 6296 6294 10634 
21296 233 234 10635 
21297 6293 9940 10606 
21298 6221 10261 10736 
21299 80 570 10638 
21300 6524 6476 10632 
21301 6613 6382 10637 
21302 860 9525 10639 
21303 7481 6370 10640 
21304 6492 6490 10735 
21305 6479 6480 10679 
21306 6455 10251 10460 
21307 860 10639 10645 
21308 286 287 10643 
21309 10640 6370 10650 
21310 8152 10395 10773 
21311 10072 6550 10662 
21312 861 860 10645 
21313 8134 8136 10646 
21314 8453 6260 10647 
21315 9550 6156 10649 
21316 6370 6371 10650 
21317 7592 10367 10381 
21318 7961 7959 10652 
21319 5358 5361 10651 
21320 5747 10318 10738 
21321 6271 10335 10603 
21322 8019 8018 10799 
21323 8075 8076 10728 
21324 368 369 10655 
21325 1093 1092 10656 
21326 628 10072 10662 
21327 6401 10149 10736 
21328 749 8156 10687 
21329 738 8128 10657 
21330 5508 6235 10658 
21331 8053 8048 10661 
21332 6501 6386 10765 
21333 10127 8071 10573 
21334 6267 10182 10549 
21335 6471 6278 10663 
21336 6391 10228 10508 
21337 10030 6293 10606 
21338 3865 3867 10669 
21339 4509 7681 10664 
21340 7137 6429 10665 
21341 6426 6431 10659 
21342 3385 10414 10431 
21343 10029 5697 10679 
21344 414 415 10666 
21345 7586 6534 10668 
21346 7960 7962 10670 
21347 6403 10288 10695 
21348 10665 6429 10678 
21349 5652 9608 10667 
21350 8964 10303 10712 
21351 5287 5810 10671 
21352 10664 7681 10681 
21353 5255 5692 10672 
21354 6341 8312 10673 
21355 8110 8107 10674 
21356 8157 770 10677 
21357 6429 6430 10678 
21358 574 8151 10711 
21359 588 7994 10680 
21360 7681 4371 10681 
21361 4986 7181 10684 
21362 4404 4063 10682 
21363 8005 10049 10686 
21364 6336 6573 10683 
21365 6420 6419 10685 
21366 6329 6596 10687 
21367 10045 5610 10660 
21368 6701 5813 10688 
21369 117 118 10689 
21370 4101 9431 10691 
21371 7508 5958 10692 
21372 10316 6266 10799 
21373 9787 4925 10675 
21374 680 8215 10693 
21375 8416 4108 10694 
21376 10227 723 10608 
21377 6402 6403 10695 
21378 256 615 10803 
21379 10341 567 10719 
21380 8067 8066 10696 
21381 10114 8178 10544 
21382 6588 6590 10754 
21383 7133 6324 10699 
21384 8145 8146 10698 
21385 10184 7996 10560 
21386 10692 5958 10705 
21387 10233 5844 10728 
21388 707 9995 10709 
21389 6401 6384 10752 
21390 10248 8017 10739 
21391 735 10004 10700 
21392 6588 10754 10763 
21393 5045 4589 10707 
21394 5655 6539 10702 
21395 7036 6445 10717 
21396 6480 10029 10679 
21397 8593 6456 10703 
21398 6725 5825 10704 
21399 5958 5017 10705 
21400 9629 7288 10718 
21401 6181 9846 10690 
21402 6936 10104 10724 
21403 6279 6588 10763 
21404 5759 10340 10684 
21405 8001 689 10708 
21406 8806 4935 10710 
21407 10013 6598 10644 
21408 10309 6395 10768 
21409 8059 10201 10732 
21410 4335 8964 10712 
21411 10717 6445 10733 
21412 7980 10073 10636 
21413 6316 6315 10772 
21414 6453 6455 10766 
21415 7986 7988 10714 
21416 10174 6443 10757 
21417 567 10068 10719 
21418 6363 6602 10755 
21419 9266 9068 10716 
21420 7030 670 10727 
21421 613 6968 10725 
21422 6407 8598 10720 
21423 6914 6915 10768 
21424 6602 6364 10721 
21425 5190 7557 10722 
21426 8074 759 10726 
21427 10363 4471 10449 
21428 599 10169 10748 
21429 6405 6406 10729 
21430 6445 7185 10733 
21431 5122 7145 10734 
21432 9481 6635 10731 
21433 6362 6360 10737 
21434 8966 5747 10738 
21435 6351 6447 10730 
21436 7698 6423 10740 
21437 8289 6477 10741 
21438 10740 6423 10750 
21439 5567 4954 10744 
21440 10138 5693 10568 
21441 6366 6451 10743 
21442 6459 6648 10747 
21443 9475 4915 10746 
21444 884 9408 10749 
21445 6423 6422 10750 
21446 52 556 10756 
21447 8417 3713 10753 
21448 884 10749 10758 
21449 7646 5669 10754 
21450 5020 6579 10755 
21451 6443 6441 10757 
21452 10754 5669 10763 
21453 885 884 10758 
21454 8146 8144 10759 
21455 1117 1116 10760 
21456 9789 6399 10742 
21457 5669 7626 10763 
21458 4167 9988 10697 
21459 6999 645 10791 
21460 8262 9950 10784 
21461 6924 711 10782 
21462 6482 6481 10767 
21463 525 1 10802 
21464 1 8 10802 
21465 5029 4454 10771 
21466 7085 6473 10774 
21467 362 363 10775 
21468 10774 6473 10783 
21469 1100 1097 10776 
21470 5807 6614 10777 
21471 5213 7771 10779 
21472 6473 6578 10783 
21473 4483 4652 10780 
21474 8038 8039 10785 
21475 6891 7029 10792 
21476 10779 7771 10794 
21477 6534 6349 10786 
21478 8095 8096 10788 
21479 290 679 10789 
21480 1107 1106 10790 
21481 7771 7772 10794 
21482 2744 7783 10800 
21483 6506 6507 10801 
21484 614 6432 10798 
21485 9594 6258 10781 
21486 6490 6491 10795 
21487 5750 9738 10769 
21488 10191 6482 10767 
21489 7482 10161 10676 
21490 10327 7986 10714 
21491 5784 10383 10416 
21492 10321 6936 10724 
21493 6235 10275 10658 
21494 10126 6341 10673 
21495 10159 6698 10797 
21496 10202 636 10553 
21497 10169 6264 10748 
21498 9950 8154 10784 
21499 10111 6261 10764 
21500 6234 10111 10599 
21501 782 10161 10623 
21502 5325 10211 10558 
21503 10515 6408 10598 
21504 10258 8085 10629 
21505 227 10178 10624 
21506 6343 10364 10734 
21507 10246 591 10612 
21508 6664 10266 10539 
21509 6397 10242 10587 
21510 10101 6392 10751 
21511 10390 7578 10465 
21512 6649 10234 10571 
21513 10414 5817 10431 
21514 4108 10323 10694 
21515 4863 10134 10642 
21516 8026 10038 10793 
21517 10411 4890 10513 
21518 10262 603 10628 
21519 6698 10463 10797 
21520 10225 5750 10769 
21521 10178 785 10624 
21522 3676 10240 10566 
21523 5813 10330 10688 
21524 6470 10080 10770 
21525 10278 8134 10646 
21526 7959 10387 10652 
21527 10201 7765 10732 
21528 608 10319 10777 
21529 10088 4895 10796 
21530 10217 6536 10739 
21531 10408 8038 10785 
21532 759 10205 10726 
21533 10415 5812 10500 
21534 8102 10131 10715 
21535 10188 6562 10654 
21536 7963 10256 10761 
21537 10399 7960 10670 
21538 10344 6428 10782 
21539 6536 10248 10739 
21540 5799 10426 10491 
21541 10247 6470 10770 
21542 10280 583 10611 
21543 10396 8146 10759 
21544 6486 10424 10521 
21545 10505 641 10762 
21546 7001 10411 10513 
21547 4925 10352 10675 
21548 8076 10233 10728 
21549 6392 10241 10751 
21550 6648 10389 10747 
21551 4935 10372 10710 
21552 10554 6426 10659 
21553 611 10261 10648 
21554 10353 588 10680 
21555 10735 6490 10795 
21556 10394 8102 10715 
21557 647 10314 10615 
21558 5692 10359 10672 
21559 10486 6393 10701 
21560 6562 10290 10654 
21561 10540 700 10706 
21562 3477 10548 10593 
21563 606 10516 10653 
21564 6384 10263 10752 
21565 5836 10241 10723 
21566 10701 6393 10798 
21567 10380 6453 10766 
21568 8018 10316 10799 
21569 4895 10447 10796 
21570 10559 4958 10787 
21571 6388 10350 10723 
21572 10263 4996 10752 
21573 10261 6401 10736 
21574 6287 10456 10664 
21575 10350 5836 10723 
21576 6227 10462 10722 
21577 6258 10466 10781 
21578 6915 10309 10768 
21579 10498 5183 10572 
21580 10532 6389 10554 
21581 10702 6539 10771 
21582 10410 8145 10698 
21583 10485 8026 10793 
21584 6635 10433 10731 
21585 6623 10476 10780 
21586 6418 10316 10778 
21587 10423 574 10711 
21588 10548 6270 10593 
21589 1100 10776 10786 
21590 10776 6534 10786 
21591 6507 10509 10801 
21592 7288 10440 10718 
21593 10395 6674 10773 
21594 10516 6520 10653 
21595 4877 10678 10745 
21596 6900 10642 10713 
21597 5677 10486 10701 
21598 10511 6308 10676 
21599 10620 6492 10735 
21600 10668 6534 10776 
21601 6432 10701 10798 
21602 6375 10540 10706 
21603 6315 10575 10772 
21604 10642 10134 10713 
21605 615 10683 10803 
21606 7109 10620 10735 
21607 8154 10534 10784 
21608 10575 6438 10772 
21609 10678 6430 10745 
21610 8 10580 10802 
21611 10683 6573 10803 
$EndElements
